file,channel,time_sec,time_min,p2p_uv
data\raw\siena\PN06\PN06-3.edf,EEG Fp1,243.5,4.058333333333334,253.125
data\raw\siena\PN06\PN06-3.edf,EEG Fp1,244.0,4.066666666666666,253.125
data\raw\siena\PN06\PN06-3.edf,EEG Fp1,1201.5,20.025,2426.1249999999995
data\raw\siena\PN06\PN06-3.edf,EEG Fp1,1202.0,20.033333333333335,2745.1249999999995
data\raw\siena\PN06\PN06-3.edf,EEG Fp1,1202.5,20.041666666666668,1543.6249999999998
data\raw\siena\PN06\PN06-3.edf,EEG Fp1,1203.0,20.05,1610.9999999999998
data\raw\siena\PN06\PN06-3.edf,EEG Fp1,1203.5,20.058333333333334,768.25
data\raw\siena\PN06\PN06-3.edf,EEG Fp1,1204.0,20.066666666666666,258.87499999999994
data\raw\siena\PN06\PN06-3.edf,EEG Fp1,1204.5,20.075,441.625
data\raw\siena\PN06\PN06-3.edf,EEG Fp1,1205.0,20.083333333333332,252.75
data\raw\siena\PN06\PN06-3.edf,EEG Fp1,1238.5,20.641666666666666,226.625
data\raw\siena\PN06\PN06-3.edf,EEG Fp1,1239.0,20.65,251.375
data\raw\siena\PN06\PN06-3.edf,EEG Fp1,1240.5,20.675,301.74999999999994
data\raw\siena\PN06\PN06-3.edf,EEG Fp1,1241.0,20.683333333333334,242.5
data\raw\siena\PN06\PN06-3.edf,EEG Fp1,4667.0,77.78333333333333,1553.0
data\raw\siena\PN06\PN06-3.edf,EEG Fp1,4667.5,77.79166666666667,2911.125
data\raw\siena\PN06\PN06-3.edf,EEG Fp1,4668.0,77.8,2911.125
data\raw\siena\PN06\PN06-3.edf,EEG Fp1,4668.5,77.80833333333334,603.75
data\raw\siena\PN06\PN06-3.edf,EEG Fp1,4669.0,77.81666666666666,2155.4999999999995
data\raw\siena\PN06\PN06-3.edf,EEG Fp1,4669.5,77.825,3475.125
data\raw\siena\PN06\PN06-3.edf,EEG Fp1,4670.0,77.83333333333333,3648.75
data\raw\siena\PN06\PN06-3.edf,EEG Fp1,4670.5,77.84166666666667,3637.25
data\raw\siena\PN06\PN06-3.edf,EEG Fp1,4671.0,77.85,535.2499999999999
data\raw\siena\PN06\PN06-3.edf,EEG Fp1,4671.5,77.85833333333333,2357.5
data\raw\siena\PN06\PN06-3.edf,EEG Fp1,4672.0,77.86666666666666,2987.125
data\raw\siena\PN06\PN06-3.edf,EEG Fp1,4672.5,77.875,3931.75
data\raw\siena\PN06\PN06-3.edf,EEG Fp1,4673.0,77.88333333333334,3572.125
data\raw\siena\PN06\PN06-3.edf,EEG Fp1,4673.5,77.89166666666667,1898.875
data\raw\siena\PN06\PN06-3.edf,EEG Fp1,4674.0,77.9,777.9999999999999
data\raw\siena\PN06\PN06-3.edf,EEG Fp1,4674.5,77.90833333333333,856.3749999999998
data\raw\siena\PN06\PN06-3.edf,EEG Fp1,4675.0,77.91666666666667,771.625
data\raw\siena\PN06\PN06-3.edf,EEG Fp1,4675.5,77.925,312.875
data\raw\siena\PN06\PN06-3.edf,EEG Fp1,4676.0,77.93333333333334,610.75
data\raw\siena\PN06\PN06-3.edf,EEG Fp1,4676.5,77.94166666666666,1083.6249999999998
data\raw\siena\PN06\PN06-3.edf,EEG Fp1,4677.0,77.95,1197.0
data\raw\siena\PN06\PN06-3.edf,EEG Fp1,4677.5,77.95833333333333,1080.125
data\raw\siena\PN06\PN06-3.edf,EEG Fp1,4678.0,77.96666666666667,912.9999999999999
data\raw\siena\PN06\PN06-3.edf,EEG Fp1,4678.5,77.975,203.0
data\raw\siena\PN06\PN06-3.edf,EEG Fp1,4679.0,77.98333333333333,463.5
data\raw\siena\PN06\PN06-3.edf,EEG Fp1,4679.5,77.99166666666666,600.5
data\raw\siena\PN06\PN06-3.edf,EEG Fp1,4680.0,78.0,589.375
data\raw\siena\PN06\PN06-3.edf,EEG Fp1,4680.5,78.00833333333334,342.25
data\raw\siena\PN06\PN06-3.edf,EEG Fp1,4681.0,78.01666666666667,1047.375
data\raw\siena\PN06\PN06-3.edf,EEG Fp1,4681.5,78.025,1797.125
data\raw\siena\PN06\PN06-3.edf,EEG Fp1,4682.0,78.03333333333333,913.6250000000001
data\raw\siena\PN06\PN06-3.edf,EEG Fp1,4682.5,78.04166666666667,1246.125
data\raw\siena\PN06\PN06-3.edf,EEG Fp1,4683.0,78.05,2092.25
data\raw\siena\PN06\PN06-3.edf,EEG Fp1,4683.5,78.05833333333334,1800.0
data\raw\siena\PN06\PN06-3.edf,EEG Fp1,4684.0,78.06666666666666,1080.5
data\raw\siena\PN06\PN06-3.edf,EEG Fp1,4684.5,78.075,603.6249999999999
data\raw\siena\PN06\PN06-3.edf,EEG Fp1,4685.0,78.08333333333333,249.37499999999994
data\raw\siena\PN06\PN06-3.edf,EEG Fp1,4718.0,78.63333333333334,231.375
data\raw\siena\PN06\PN06-3.edf,EEG Fp1,4718.5,78.64166666666667,231.375
data\raw\siena\PN06\PN06-3.edf,EEG Fp1,4722.5,78.70833333333333,312.87499999999994
data\raw\siena\PN06\PN06-3.edf,EEG Fp1,4723.0,78.71666666666667,318.5
data\raw\siena\PN06\PN06-3.edf,EEG Fp1,4723.5,78.725,264.75
data\raw\siena\PN06\PN06-3.edf,EEG Fp1,4724.0,78.73333333333333,253.0
data\raw\siena\PN06\PN06-3.edf,EEG Fp1,4726.5,78.775,204.25
data\raw\siena\PN06\PN06-3.edf,EEG Fp1,4727.0,78.78333333333333,257.875
data\raw\siena\PN06\PN06-3.edf,EEG Fp1,4728.5,78.80833333333334,4265.374999999999
data\raw\siena\PN06\PN06-3.edf,EEG Fp1,4729.0,78.81666666666666,4368.374999999999
data\raw\siena\PN06\PN06-3.edf,EEG Fp1,4729.5,78.825,1008.875
data\raw\siena\PN06\PN06-3.edf,EEG Fp1,4730.5,78.84166666666667,263.25
data\raw\siena\PN06\PN06-3.edf,EEG Fp1,4732.5,78.875,217.125
data\raw\siena\PN06\PN06-3.edf,EEG Fp1,4733.0,78.88333333333334,2006.2499999999998
data\raw\siena\PN06\PN06-3.edf,EEG Fp1,4733.5,78.89166666666667,2006.2499999999998
data\raw\siena\PN06\PN06-3.edf,EEG Fp1,4734.0,78.9,565.0
data\raw\siena\PN06\PN06-3.edf,EEG Fp1,4734.5,78.90833333333333,405.625
data\raw\siena\PN06\PN06-3.edf,EEG Fp1,4735.0,78.91666666666667,262.375
data\raw\siena\PN06\PN06-3.edf,EEG Fp1,4735.5,78.925,487.75
data\raw\siena\PN06\PN06-3.edf,EEG Fp1,4736.0,78.93333333333334,866.7499999999999
data\raw\siena\PN06\PN06-3.edf,EEG Fp1,4736.5,78.94166666666666,504.6249999999999
data\raw\siena\PN06\PN06-3.edf,EEG Fp1,4737.0,78.95,392.375
data\raw\siena\PN06\PN06-3.edf,EEG Fp1,4737.5,78.95833333333333,286.75
data\raw\siena\PN06\PN06-3.edf,EEG Fp1,4739.0,78.98333333333333,521.0
data\raw\siena\PN06\PN06-3.edf,EEG Fp1,4739.5,78.99166666666666,536.75
data\raw\siena\PN06\PN06-3.edf,EEG Fp1,4740.0,79.0,409.125
data\raw\siena\PN06\PN06-3.edf,EEG Fp1,4740.5,79.00833333333334,214.875
data\raw\siena\PN06\PN06-3.edf,EEG Fp1,4744.5,79.075,689.5
data\raw\siena\PN06\PN06-3.edf,EEG Fp1,4745.0,79.08333333333333,690.125
data\raw\siena\PN06\PN06-3.edf,EEG Fp1,4745.5,79.09166666666667,884.625
data\raw\siena\PN06\PN06-3.edf,EEG Fp1,4746.0,79.1,514.5
data\raw\siena\PN06\PN06-3.edf,EEG Fp1,4746.5,79.10833333333333,257.87499999999994
data\raw\siena\PN06\PN06-3.edf,EEG Fp1,4751.5,79.19166666666666,342.625
data\raw\siena\PN06\PN06-3.edf,EEG Fp1,4752.0,79.2,602.625
data\raw\siena\PN06\PN06-3.edf,EEG Fp1,4752.5,79.20833333333333,426.75
data\raw\siena\PN06\PN06-3.edf,EEG Fp1,4753.5,79.225,227.5
data\raw\siena\PN06\PN06-3.edf,EEG Fp1,4754.0,79.23333333333333,247.25
data\raw\siena\PN06\PN06-3.edf,EEG Fp1,4754.5,79.24166666666666,450.125
data\raw\siena\PN06\PN06-3.edf,EEG Fp1,4755.0,79.25,450.125
data\raw\siena\PN06\PN06-3.edf,EEG Fp1,4755.5,79.25833333333334,405.125
data\raw\siena\PN06\PN06-3.edf,EEG Fp1,4756.0,79.26666666666667,236.62499999999997
data\raw\siena\PN06\PN06-3.edf,EEG Fp1,4759.0,79.31666666666666,207.5
data\raw\siena\PN06\PN06-3.edf,EEG Fp1,4760.0,79.33333333333333,229.24999999999994
data\raw\siena\PN06\PN06-3.edf,EEG Fp1,4761.5,79.35833333333333,285.125
data\raw\siena\PN06\PN06-3.edf,EEG Fp1,4762.0,79.36666666666666,241.74999999999997
data\raw\siena\PN06\PN06-3.edf,EEG Fp1,4765.5,79.425,484.125
data\raw\siena\PN06\PN06-3.edf,EEG Fp1,4766.0,79.43333333333334,497.25
data\raw\siena\PN06\PN06-3.edf,EEG Fp1,4767.5,79.45833333333333,277.125
data\raw\siena\PN06\PN06-3.edf,EEG Fp1,4768.0,79.46666666666667,250.125
data\raw\siena\PN06\PN06-3.edf,EEG Fp1,4769.0,79.48333333333333,477.75
data\raw\siena\PN06\PN06-3.edf,EEG Fp1,4769.5,79.49166666666666,506.125
data\raw\siena\PN06\PN06-3.edf,EEG Fp1,4770.5,79.50833333333334,223.375
data\raw\siena\PN06\PN06-3.edf,EEG Fp1,4775.0,79.58333333333333,233.375
data\raw\siena\PN06\PN06-3.edf,EEG Fp1,4775.5,79.59166666666667,233.375
data\raw\siena\PN06\PN06-3.edf,EEG Fp1,4776.0,79.6,224.87499999999997
data\raw\siena\PN06\PN06-3.edf,EEG Fp1,4784.5,79.74166666666666,246.375
data\raw\siena\PN06\PN06-3.edf,EEG Fp1,4785.0,79.75,341.625
data\raw\siena\PN06\PN06-3.edf,EEG Fp1,4785.5,79.75833333333334,338.625
data\raw\siena\PN06\PN06-3.edf,EEG Fp1,4788.5,79.80833333333334,359.375
data\raw\siena\PN06\PN06-3.edf,EEG Fp1,4789.0,79.81666666666666,322.875
data\raw\siena\PN06\PN06-3.edf,EEG Fp1,4790.0,79.83333333333333,1410.875
data\raw\siena\PN06\PN06-3.edf,EEG Fp1,4790.5,79.84166666666667,1600.25
data\raw\siena\PN06\PN06-3.edf,EEG Fp1,4791.0,79.85,780.625
data\raw\siena\PN06\PN06-3.edf,EEG Fp1,4791.5,79.85833333333333,227.625
data\raw\siena\PN06\PN06-3.edf,EEG Fp1,4803.0,80.05,242.62499999999997
data\raw\siena\PN06\PN06-3.edf,EEG Fp1,4803.5,80.05833333333334,242.62499999999997
data\raw\siena\PN06\PN06-3.edf,EEG Fp1,6170.5,102.84166666666667,218.12499999999997
data\raw\siena\PN06\PN06-3.edf,EEG Fp1,6171.0,102.85,227.625
data\raw\siena\PN06\PN06-3.edf,EEG Fp1,6171.5,102.85833333333333,269.375
data\raw\siena\PN06\PN06-3.edf,EEG Fp1,6224.5,103.74166666666666,200.375
data\raw\siena\PN06\PN06-3.edf,EEG Fp1,6229.0,103.81666666666666,203.375
data\raw\siena\PN06\PN06-3.edf,EEG Fp1,6229.5,103.825,208.625
data\raw\siena\PN06\PN06-3.edf,EEG Fp1,6263.0,104.38333333333334,229.625
data\raw\siena\PN06\PN06-3.edf,EEG Fp1,6263.5,104.39166666666667,249.0
data\raw\siena\PN06\PN06-3.edf,EEG Fp1,6277.0,104.61666666666666,218.5
data\raw\siena\PN06\PN06-3.edf,EEG Fp1,6277.5,104.625,262.125
data\raw\siena\PN06\PN06-3.edf,EEG Fp1,6278.0,104.63333333333334,223.24999999999997
data\raw\siena\PN06\PN06-3.edf,EEG Fp1,6289.0,104.81666666666666,214.625
data\raw\siena\PN06\PN06-3.edf,EEG Fp1,6289.5,104.825,246.375
data\raw\siena\PN06\PN06-3.edf,EEG Fp1,6290.5,104.84166666666667,224.25
data\raw\siena\PN06\PN06-3.edf,EEG Fp1,6300.0,105.0,243.25
data\raw\siena\PN06\PN06-3.edf,EEG Fp1,6300.5,105.00833333333334,227.5
data\raw\siena\PN06\PN06-3.edf,EEG Fp1,6320.0,105.33333333333333,226.99999999999994
data\raw\siena\PN06\PN06-3.edf,EEG Fp1,6320.5,105.34166666666667,224.125
data\raw\siena\PN06\PN06-3.edf,EEG Fp1,6392.5,106.54166666666667,225.375
data\raw\siena\PN06\PN06-3.edf,EEG Fp1,6393.0,106.55,215.5
data\raw\siena\PN06\PN06-3.edf,EEG Fp1,6394.0,106.56666666666666,564.625
data\raw\siena\PN06\PN06-3.edf,EEG Fp1,6394.5,106.575,561.625
data\raw\siena\PN06\PN06-3.edf,EEG Fp1,6395.0,106.58333333333333,448.25
data\raw\siena\PN06\PN06-3.edf,EEG Fp1,6397.5,106.625,447.125
data\raw\siena\PN06\PN06-3.edf,EEG Fp1,6398.0,106.63333333333334,423.125
data\raw\siena\PN06\PN06-3.edf,EEG Fp1,6398.5,106.64166666666667,293.0
data\raw\siena\PN06\PN06-3.edf,EEG Fp1,6399.5,106.65833333333333,460.0
data\raw\siena\PN06\PN06-3.edf,EEG Fp1,6400.0,106.66666666666667,539.625
data\raw\siena\PN06\PN06-3.edf,EEG Fp1,6400.5,106.675,520.375
data\raw\siena\PN06\PN06-3.edf,EEG Fp1,6401.5,106.69166666666666,216.5
data\raw\siena\PN06\PN06-3.edf,EEG Fp1,6402.0,106.7,216.875
data\raw\siena\PN06\PN06-3.edf,EEG Fp1,6402.5,106.70833333333333,242.87499999999997
data\raw\siena\PN06\PN06-3.edf,EEG Fp1,6403.0,106.71666666666667,215.62499999999997
data\raw\siena\PN06\PN06-3.edf,EEG Fp1,6404.0,106.73333333333333,1220.125
data\raw\siena\PN06\PN06-3.edf,EEG Fp1,6404.5,106.74166666666666,2985.375
data\raw\siena\PN06\PN06-3.edf,EEG Fp1,6405.0,106.75,3040.75
data\raw\siena\PN06\PN06-3.edf,EEG Fp1,6405.5,106.75833333333334,219.0
data\raw\siena\PN06\PN06-3.edf,EEG Fp1,6406.0,106.76666666666667,256.0
data\raw\siena\PN06\PN06-3.edf,EEG Fp1,7183.5,119.725,371.0
data\raw\siena\PN06\PN06-3.edf,EEG Fp1,7184.0,119.73333333333333,484.625
data\raw\siena\PN06\PN06-3.edf,EEG Fp1,7184.5,119.74166666666666,317.125
data\raw\siena\PN06\PN06-3.edf,EEG Fp1,7186.0,119.76666666666667,450.625
data\raw\siena\PN06\PN06-3.edf,EEG Fp1,7186.5,119.775,412.625
data\raw\siena\PN06\PN06-3.edf,EEG Fp1,7187.0,119.78333333333333,216.99999999999994
data\raw\siena\PN06\PN06-3.edf,EEG Fp1,7191.5,119.85833333333333,367.75
data\raw\siena\PN06\PN06-3.edf,EEG Fp1,7192.0,119.86666666666666,257.875
data\raw\siena\PN06\PN06-3.edf,EEG Fp1,7196.0,119.93333333333334,228.5
data\raw\siena\PN06\PN06-3.edf,EEG Fp1,7196.5,119.94166666666666,200.875
data\raw\siena\PN06\PN06-3.edf,EEG Fp1,7199.0,119.98333333333333,235.25
data\raw\siena\PN06\PN06-3.edf,EEG Fp1,7199.5,119.99166666666666,212.375
data\raw\siena\PN06\PN06-3.edf,EEG Fp1,7203.5,120.05833333333334,215.625
data\raw\siena\PN06\PN06-3.edf,EEG Fp1,7204.0,120.06666666666666,297.75
data\raw\siena\PN06\PN06-3.edf,EEG Fp1,7204.5,120.075,245.37499999999997
data\raw\siena\PN06\PN06-3.edf,EEG Fp1,7205.0,120.08333333333333,310.125
data\raw\siena\PN06\PN06-3.edf,EEG Fp1,7205.5,120.09166666666667,287.625
data\raw\siena\PN06\PN06-3.edf,EEG Fp1,7206.0,120.1,209.625
data\raw\siena\PN06\PN06-3.edf,EEG Fp1,7207.5,120.125,285.25
data\raw\siena\PN06\PN06-3.edf,EEG Fp1,7208.0,120.13333333333334,329.375
data\raw\siena\PN06\PN06-3.edf,EEG Fp1,7209.5,120.15833333333333,223.0
data\raw\siena\PN06\PN06-3.edf,EEG Fp1,7210.0,120.16666666666667,243.75
data\raw\siena\PN06\PN06-3.edf,EEG Fp1,7210.5,120.175,243.75
data\raw\siena\PN06\PN06-3.edf,EEG Fp1,7215.0,120.25,403.875
data\raw\siena\PN06\PN06-3.edf,EEG Fp1,7215.5,120.25833333333334,4541.875
data\raw\siena\PN06\PN06-3.edf,EEG Fp1,7216.0,120.26666666666667,4541.875
data\raw\siena\PN06\PN06-3.edf,EEG Fp1,7216.5,120.275,497.75
data\raw\siena\PN06\PN06-3.edf,EEG Fp1,7217.0,120.28333333333333,275.5
data\raw\siena\PN06\PN06-3.edf,EEG Fp1,7223.5,120.39166666666667,214.375
data\raw\siena\PN06\PN06-3.edf,EEG Fp1,7224.0,120.4,251.375
data\raw\siena\PN06\PN06-3.edf,EEG Fp1,7225.5,120.425,594.9999999999999
data\raw\siena\PN06\PN06-3.edf,EEG Fp1,7226.0,120.43333333333334,544.1249999999999
data\raw\siena\PN06\PN06-3.edf,EEG Fp1,7226.5,120.44166666666666,406.375
data\raw\siena\PN06\PN06-3.edf,EEG Fp1,7227.0,120.45,317.125
data\raw\siena\PN06\PN06-3.edf,EEG Fp1,7227.5,120.45833333333333,200.375
data\raw\siena\PN06\PN06-3.edf,EEG Fp1,7228.0,120.46666666666667,296.875
data\raw\siena\PN06\PN06-3.edf,EEG Fp1,7228.5,120.475,292.87499999999994
data\raw\siena\PN06\PN06-3.edf,EEG Fp1,7229.5,120.49166666666666,208.875
data\raw\siena\PN06\PN06-3.edf,EEG Fp1,7240.0,120.66666666666667,210.75
data\raw\siena\PN06\PN06-3.edf,EEG Fp1,7240.5,120.675,222.875
data\raw\siena\PN06\PN06-3.edf,EEG Fp1,7241.0,120.68333333333334,290.375
data\raw\siena\PN06\PN06-3.edf,EEG Fp1,7282.0,121.36666666666666,675.5
data\raw\siena\PN06\PN06-3.edf,EEG Fp1,7282.5,121.375,896.0
data\raw\siena\PN06\PN06-3.edf,EEG Fp1,7283.0,121.38333333333334,607.875
data\raw\siena\PN06\PN06-3.edf,EEG Fp1,7283.5,121.39166666666667,228.375
data\raw\siena\PN06\PN06-3.edf,EEG Fp1,7285.0,121.41666666666667,400.25
data\raw\siena\PN06\PN06-3.edf,EEG Fp1,7285.5,121.425,903.2499999999999
data\raw\siena\PN06\PN06-3.edf,EEG Fp1,7286.0,121.43333333333334,1182.0
data\raw\siena\PN06\PN06-3.edf,EEG Fp1,7286.5,121.44166666666666,549.5
data\raw\siena\PN06\PN06-3.edf,EEG Fp1,7289.0,121.48333333333333,530.875
data\raw\siena\PN06\PN06-3.edf,EEG Fp1,7289.5,121.49166666666666,579.125
data\raw\siena\PN06\PN06-3.edf,EEG Fp1,7290.0,121.5,357.875
data\raw\siena\PN06\PN06-3.edf,EEG Fp1,7290.5,121.50833333333334,306.0
data\raw\siena\PN06\PN06-3.edf,EEG Fp1,7326.5,122.10833333333333,385.125
data\raw\siena\PN06\PN06-3.edf,EEG Fp1,7327.0,122.11666666666666,380.75
data\raw\siena\PN06\PN06-3.edf,EEG Fp1,7327.5,122.125,516.125
data\raw\siena\PN06\PN06-3.edf,EEG Fp1,7378.0,122.96666666666667,201.25
data\raw\siena\PN06\PN06-3.edf,EEG Fp1,7378.5,122.975,201.25
data\raw\siena\PN06\PN06-3.edf,EEG Fp1,7379.0,122.98333333333333,206.25
data\raw\siena\PN06\PN06-3.edf,EEG Fp1,7379.5,122.99166666666666,211.875
data\raw\siena\PN06\PN06-3.edf,EEG Fp1,7468.5,124.475,239.0
data\raw\siena\PN06\PN06-3.edf,EEG Fp1,7480.5,124.675,268.75
data\raw\siena\PN06\PN06-3.edf,EEG Fp1,7481.0,124.68333333333334,2254.6249999999995
data\raw\siena\PN06\PN06-3.edf,EEG Fp1,7481.5,124.69166666666666,2688.7499999999995
data\raw\siena\PN06\PN06-3.edf,EEG Fp1,7482.0,124.7,1199.375
data\raw\siena\PN06\PN06-3.edf,EEG Fp1,7482.5,124.70833333333333,250.875
data\raw\siena\PN06\PN06-3.edf,EEG Fp1,7484.0,124.73333333333333,208.0
data\raw\siena\PN06\PN06-3.edf,EEG Fp1,7496.0,124.93333333333334,270.125
data\raw\siena\PN06\PN06-3.edf,EEG Fp1,7496.5,124.94166666666666,224.62499999999997
data\raw\siena\PN06\PN06-3.edf,EEG Fp1,7497.0,124.95,214.875
data\raw\siena\PN06\PN06-3.edf,EEG Fp1,7497.5,124.95833333333333,215.375
data\raw\siena\PN06\PN06-3.edf,EEG Fp1,7498.0,124.96666666666667,548.25
data\raw\siena\PN06\PN06-3.edf,EEG Fp1,7498.5,124.975,555.0
data\raw\siena\PN06\PN06-3.edf,EEG Fp1,7499.0,124.98333333333333,512.25
data\raw\siena\PN06\PN06-3.edf,EEG Fp1,7499.5,124.99166666666666,305.0
data\raw\siena\PN06\PN06-3.edf,EEG Fp1,7515.5,125.25833333333334,2441.125
data\raw\siena\PN06\PN06-3.edf,EEG Fp1,7516.0,125.26666666666667,2280.875
data\raw\siena\PN06\PN06-3.edf,EEG Fp1,7516.5,125.275,3704.0
data\raw\siena\PN06\PN06-3.edf,EEG Fp1,7517.0,125.28333333333333,2682.5
data\raw\siena\PN06\PN06-3.edf,EEG Fp1,7517.5,125.29166666666667,806.75
data\raw\siena\PN06\PN06-3.edf,EEG Fp1,7518.0,125.3,568.6249999999999
data\raw\siena\PN06\PN06-3.edf,EEG Fp1,7518.5,125.30833333333334,335.375
data\raw\siena\PN06\PN06-3.edf,EEG Fp1,7520.5,125.34166666666667,276.875
data\raw\siena\PN06\PN06-3.edf,EEG Fp1,7521.0,125.35,428.25
data\raw\siena\PN06\PN06-3.edf,EEG Fp1,7521.5,125.35833333333333,439.5
data\raw\siena\PN06\PN06-3.edf,EEG Fp1,7533.5,125.55833333333334,2946.9999999999995
data\raw\siena\PN06\PN06-3.edf,EEG Fp1,7534.0,125.56666666666666,2946.9999999999995
data\raw\siena\PN06\PN06-3.edf,EEG Fp1,7534.5,125.575,3149.75
data\raw\siena\PN06\PN06-3.edf,EEG Fp1,7535.0,125.58333333333333,2159.625
data\raw\siena\PN06\PN06-3.edf,EEG Fp1,7535.5,125.59166666666667,500.87500000000006
data\raw\siena\PN06\PN06-3.edf,EEG Fp1,7536.0,125.6,519.0
data\raw\siena\PN06\PN06-3.edf,EEG Fp1,7536.5,125.60833333333333,289.75
data\raw\siena\PN06\PN06-3.edf,EEG Fp1,7537.0,125.61666666666666,299.125
data\raw\siena\PN06\PN06-3.edf,EEG Fp1,7537.5,125.625,211.49999999999997
data\raw\siena\PN06\PN06-3.edf,EEG Fp1,7548.0,125.8,208.875
data\raw\siena\PN06\PN06-3.edf,EEG Fp1,7552.0,125.86666666666666,204.25
data\raw\siena\PN06\PN06-3.edf,EEG Fp1,7622.5,127.04166666666667,203.25
data\raw\siena\PN06\PN06-3.edf,EEG Fp1,7623.0,127.05,213.375
data\raw\siena\PN06\PN06-3.edf,EEG Fp1,7703.5,128.39166666666668,202.0
data\raw\siena\PN06\PN06-3.edf,EEG Fp1,7704.0,128.4,202.0
data\raw\siena\PN06\PN06-3.edf,EEG Fp1,7782.0,129.7,213.125
data\raw\siena\PN06\PN06-3.edf,EEG Fp1,7818.5,130.30833333333334,258.625
data\raw\siena\PN06\PN06-3.edf,EEG Fp1,7819.0,130.31666666666666,227.375
data\raw\siena\PN06\PN06-3.edf,EEG Fp1,7865.0,131.08333333333334,956.5
data\raw\siena\PN06\PN06-3.edf,EEG Fp1,7865.5,131.09166666666667,3706.25
data\raw\siena\PN06\PN06-3.edf,EEG Fp1,7866.0,131.1,4244.875
data\raw\siena\PN06\PN06-3.edf,EEG Fp1,7866.5,131.10833333333332,2085.5
data\raw\siena\PN06\PN06-3.edf,EEG Fp1,7867.0,131.11666666666667,244.375
data\raw\siena\PN06\PN06-3.edf,EEG Fp1,7867.5,131.125,344.87500000000006
data\raw\siena\PN06\PN06-3.edf,EEG Fp1,7868.0,131.13333333333333,266.62499999999994
data\raw\siena\PN06\PN06-3.edf,EEG Fp1,7879.0,131.31666666666666,208.5
data\raw\siena\PN06\PN06-3.edf,EEG Fp1,7879.5,131.325,864.75
data\raw\siena\PN06\PN06-3.edf,EEG Fp1,7880.0,131.33333333333334,743.75
data\raw\siena\PN06\PN06-3.edf,EEG Fp1,7880.5,131.34166666666667,965.75
data\raw\siena\PN06\PN06-3.edf,EEG Fp1,7881.0,131.35,391.125
data\raw\siena\PN06\PN06-3.edf,EEG Fp1,7881.5,131.35833333333332,244.875
data\raw\siena\PN06\PN06-3.edf,EEG Fp1,7887.5,131.45833333333334,201.625
data\raw\siena\PN06\PN06-3.edf,EEG Fp1,7889.5,131.49166666666667,563.6249999999999
data\raw\siena\PN06\PN06-3.edf,EEG Fp1,7890.0,131.5,558.6249999999999
data\raw\siena\PN06\PN06-3.edf,EEG Fp1,7890.5,131.50833333333333,1396.75
data\raw\siena\PN06\PN06-3.edf,EEG Fp1,7891.0,131.51666666666668,1644.125
data\raw\siena\PN06\PN06-3.edf,EEG Fp1,7891.5,131.525,880.75
data\raw\siena\PN06\PN06-3.edf,EEG Fp1,7892.0,131.53333333333333,1015.75
data\raw\siena\PN06\PN06-3.edf,EEG Fp1,7892.5,131.54166666666666,1007.5
data\raw\siena\PN06\PN06-3.edf,EEG Fp1,7893.0,131.55,613.125
data\raw\siena\PN06\PN06-3.edf,EEG Fp1,7893.5,131.55833333333334,358.375
data\raw\siena\PN06\PN06-3.edf,EEG Fp1,7989.5,133.15833333333333,321.25
data\raw\siena\PN06\PN06-3.edf,EEG Fp1,7990.0,133.16666666666666,367.375
data\raw\siena\PN06\PN06-3.edf,EEG Fp1,7990.5,133.175,4001.875
data\raw\siena\PN06\PN06-3.edf,EEG Fp1,7991.0,133.18333333333334,3825.75
data\raw\siena\PN06\PN06-3.edf,EEG Fp1,7991.5,133.19166666666666,4304.125
data\raw\siena\PN06\PN06-3.edf,EEG Fp1,7992.0,133.2,5555.625
data\raw\siena\PN06\PN06-3.edf,EEG Fp1,7992.5,133.20833333333334,2331.875
data\raw\siena\PN06\PN06-3.edf,EEG Fp1,7993.0,133.21666666666667,708.375
data\raw\siena\PN06\PN06-3.edf,EEG Fp1,7993.5,133.225,2453.375
data\raw\siena\PN06\PN06-3.edf,EEG Fp1,7994.0,133.23333333333332,2193.125
data\raw\siena\PN06\PN06-3.edf,EEG Fp1,7994.5,133.24166666666667,1661.375
data\raw\siena\PN06\PN06-3.edf,EEG Fp1,7995.0,133.25,485.0
data\raw\siena\PN06\PN06-3.edf,EEG Fp1,7995.5,133.25833333333333,601.5
data\raw\siena\PN06\PN06-3.edf,EEG Fp1,7996.0,133.26666666666668,471.625
data\raw\siena\PN06\PN06-3.edf,EEG Fp1,7996.5,133.275,334.375
data\raw\siena\PN06\PN06-3.edf,EEG Fp1,7997.0,133.28333333333333,265.125
data\raw\siena\PN06\PN06-3.edf,EEG Fp1,8062.5,134.375,209.37499999999997
data\raw\siena\PN06\PN06-3.edf,EEG Fp1,8063.0,134.38333333333333,209.37499999999997
data\raw\siena\PN06\PN06-3.edf,EEG Fp1,8066.0,134.43333333333334,317.12499999999994
data\raw\siena\PN06\PN06-3.edf,EEG Fp1,8066.5,134.44166666666666,516.125
data\raw\siena\PN06\PN06-3.edf,EEG Fp1,8067.0,134.45,679.5
data\raw\siena\PN06\PN06-3.edf,EEG Fp1,8067.5,134.45833333333334,937.875
data\raw\siena\PN06\PN06-3.edf,EEG Fp1,8068.0,134.46666666666667,616.25
data\raw\siena\PN06\PN06-3.edf,EEG Fp1,8072.5,134.54166666666666,208.25
data\raw\siena\PN06\PN06-3.edf,EEG Fp1,8082.5,134.70833333333334,280.25
data\raw\siena\PN06\PN06-3.edf,EEG Fp1,8083.0,134.71666666666667,280.25
data\raw\siena\PN06\PN06-3.edf,EEG Fp1,8083.5,134.725,235.24999999999997
data\raw\siena\PN06\PN06-3.edf,EEG Fp1,8087.0,134.78333333333333,2269.75
data\raw\siena\PN06\PN06-3.edf,EEG Fp1,8087.5,134.79166666666666,2243.0
data\raw\siena\PN06\PN06-3.edf,EEG Fp1,8088.0,134.8,2173.125
data\raw\siena\PN06\PN06-3.edf,EEG Fp1,8088.5,134.80833333333334,2557.625
data\raw\siena\PN06\PN06-3.edf,EEG Fp1,8089.0,134.81666666666666,1350.875
data\raw\siena\PN06\PN06-3.edf,EEG Fp1,8089.5,134.825,732.75
data\raw\siena\PN06\PN06-3.edf,EEG Fp1,8090.0,134.83333333333334,502.25
data\raw\siena\PN06\PN06-3.edf,EEG Fp1,8090.5,134.84166666666667,223.5
data\raw\siena\PN06\PN06-3.edf,EEG Fp1,8092.5,134.875,998.1249999999999
data\raw\siena\PN06\PN06-3.edf,EEG Fp1,8093.0,134.88333333333333,1157.75
data\raw\siena\PN06\PN06-3.edf,EEG Fp1,8093.5,134.89166666666668,1139.75
data\raw\siena\PN06\PN06-3.edf,EEG Fp1,8095.5,134.925,231.5
data\raw\siena\PN06\PN06-3.edf,EEG Fp1,8096.0,134.93333333333334,247.62499999999997
data\raw\siena\PN06\PN06-3.edf,EEG Fp1,8096.5,134.94166666666666,215.62499999999997
data\raw\siena\PN06\PN06-3.edf,EEG Fp1,8097.5,134.95833333333334,318.24999999999994
data\raw\siena\PN06\PN06-3.edf,EEG Fp1,8098.0,134.96666666666667,378.5
data\raw\siena\PN06\PN06-3.edf,EEG Fp1,8098.5,134.975,337.75
data\raw\siena\PN06\PN06-3.edf,EEG Fp1,8099.0,134.98333333333332,2710.5
data\raw\siena\PN06\PN06-3.edf,EEG Fp1,8099.5,134.99166666666667,4145.875
data\raw\siena\PN06\PN06-3.edf,EEG Fp1,8100.0,135.0,4374.75
data\raw\siena\PN06\PN06-3.edf,EEG Fp1,8100.5,135.00833333333333,3546.375
data\raw\siena\PN06\PN06-3.edf,EEG Fp1,8101.0,135.01666666666668,756.8749999999998
data\raw\siena\PN06\PN06-3.edf,EEG Fp1,8101.5,135.025,780.6249999999998
data\raw\siena\PN06\PN06-3.edf,EEG Fp1,8102.0,135.03333333333333,445.4999999999999
data\raw\siena\PN06\PN06-3.edf,EEG Fp1,8102.5,135.04166666666666,240.75000000000003
data\raw\siena\PN06\PN06-3.edf,EEG Fp1,8103.0,135.05,310.0
data\raw\siena\PN06\PN06-3.edf,EEG Fp1,8103.5,135.05833333333334,240.625
data\raw\siena\PN06\PN06-3.edf,EEG Fp1,8119.0,135.31666666666666,265.25
data\raw\siena\PN06\PN06-3.edf,EEG Fp1,8119.5,135.325,257.375
data\raw\siena\PN06\PN06-3.edf,EEG Fp1,8120.0,135.33333333333334,254.37499999999994
data\raw\siena\PN06\PN06-3.edf,EEG Fp1,8130.0,135.5,721.875
data\raw\siena\PN06\PN06-3.edf,EEG Fp1,8130.5,135.50833333333333,1358.6249999999998
data\raw\siena\PN06\PN06-3.edf,EEG Fp1,8131.0,135.51666666666668,1216.6249999999998
data\raw\siena\PN06\PN06-3.edf,EEG Fp1,8131.5,135.525,2695.375
data\raw\siena\PN06\PN06-3.edf,EEG Fp1,8132.0,135.53333333333333,2699.5
data\raw\siena\PN06\PN06-3.edf,EEG Fp1,8132.5,135.54166666666666,644.0
data\raw\siena\PN06\PN06-3.edf,EEG Fp1,8133.0,135.55,587.8749999999999
data\raw\siena\PN06\PN06-3.edf,EEG Fp1,8133.5,135.55833333333334,304.74999999999994
data\raw\siena\PN06\PN06-3.edf,EEG Fp1,8134.0,135.56666666666666,217.875
data\raw\siena\PN06\PN06-3.edf,EEG Fp1,8153.0,135.88333333333333,202.375
data\raw\siena\PN06\PN06-3.edf,EEG Fp1,8167.0,136.11666666666667,246.62499999999997
data\raw\siena\PN06\PN06-3.edf,EEG Fp1,8167.5,136.125,214.37499999999997
data\raw\siena\PN06\PN06-3.edf,EEG Fp1,8171.0,136.18333333333334,303.625
data\raw\siena\PN06\PN06-3.edf,EEG Fp1,8171.5,136.19166666666666,303.625
data\raw\siena\PN06\PN06-3.edf,EEG F3,1204.0,20.066666666666666,251.625
data\raw\siena\PN06\PN06-3.edf,EEG F3,1204.5,20.075,204.0
data\raw\siena\PN06\PN06-3.edf,EEG F3,4667.0,77.78333333333333,215.74999999999997
data\raw\siena\PN06\PN06-3.edf,EEG F3,4667.5,77.79166666666667,226.24999999999997
data\raw\siena\PN06\PN06-3.edf,EEG F3,4669.0,77.81666666666666,229.49999999999997
data\raw\siena\PN06\PN06-3.edf,EEG F3,4669.5,77.825,282.375
data\raw\siena\PN06\PN06-3.edf,EEG F3,4670.0,77.83333333333333,282.375
data\raw\siena\PN06\PN06-3.edf,EEG F3,4683.0,78.05,581.625
data\raw\siena\PN06\PN06-3.edf,EEG F3,4683.5,78.05833333333334,581.625
data\raw\siena\PN06\PN06-3.edf,EEG F3,4713.0,78.55,218.0
data\raw\siena\PN06\PN06-3.edf,EEG F3,4713.5,78.55833333333334,236.37499999999997
data\raw\siena\PN06\PN06-3.edf,EEG F3,4714.0,78.56666666666666,269.125
data\raw\siena\PN06\PN06-3.edf,EEG F3,4714.5,78.575,218.75
data\raw\siena\PN06\PN06-3.edf,EEG F3,4728.5,78.80833333333334,346.25
data\raw\siena\PN06\PN06-3.edf,EEG F3,4729.0,78.81666666666666,346.25
data\raw\siena\PN06\PN06-3.edf,EEG F3,4775.0,79.58333333333333,210.24999999999997
data\raw\siena\PN06\PN06-3.edf,EEG F3,4775.5,79.59166666666667,210.62499999999997
data\raw\siena\PN06\PN06-3.edf,EEG F3,4790.0,79.83333333333333,218.0
data\raw\siena\PN06\PN06-3.edf,EEG F3,4790.5,79.84166666666667,218.0
data\raw\siena\PN06\PN06-3.edf,EEG F3,6404.0,106.73333333333333,315.375
data\raw\siena\PN06\PN06-3.edf,EEG F3,6404.5,106.74166666666666,357.875
data\raw\siena\PN06\PN06-3.edf,EEG F3,6405.0,106.75,324.75
data\raw\siena\PN06\PN06-3.edf,EEG F3,7533.5,125.55833333333334,325.25
data\raw\siena\PN06\PN06-3.edf,EEG F3,7534.0,125.56666666666666,325.25
data\raw\siena\PN06\PN06-3.edf,EEG F3,7990.5,133.175,327.375
data\raw\siena\PN06\PN06-3.edf,EEG F3,7991.0,133.18333333333334,355.125
data\raw\siena\PN06\PN06-3.edf,EEG F3,7991.5,133.19166666666666,355.125
data\raw\siena\PN06\PN06-3.edf,EEG F3,7992.0,133.2,241.99999999999997
data\raw\siena\PN06\PN06-3.edf,EEG F3,7993.5,133.225,402.75
data\raw\siena\PN06\PN06-3.edf,EEG F3,7994.0,133.23333333333332,402.75
data\raw\siena\PN06\PN06-3.edf,EEG F3,7994.5,133.24166666666667,204.25
data\raw\siena\PN06\PN06-3.edf,EEG F3,8100.5,135.00833333333333,235.62499999999997
data\raw\siena\PN06\PN06-3.edf,EEG F3,8101.0,135.01666666666668,235.62499999999997
data\raw\siena\PN06\PN06-3.edf,EEG F3,8101.5,135.025,215.5
data\raw\siena\PN06\PN06-3.edf,EEG F3,8119.0,135.31666666666666,201.875
data\raw\siena\PN06\PN06-3.edf,EEG F3,8119.5,135.325,233.5
data\raw\siena\PN06\PN06-3.edf,EEG F3,8120.0,135.33333333333334,229.625
data\raw\siena\PN06\PN06-3.edf,EEG F3,8120.5,135.34166666666667,220.5
data\raw\siena\PN06\PN06-3.edf,EEG F3,8171.0,136.18333333333334,273.5
data\raw\siena\PN06\PN06-3.edf,EEG F3,8171.5,136.19166666666666,273.5
data\raw\siena\PN06\PN06-3.edf,EEG C3,1202.0,20.033333333333335,235.125
data\raw\siena\PN06\PN06-3.edf,EEG C3,1203.5,20.058333333333334,230.375
data\raw\siena\PN06\PN06-3.edf,EEG C3,1204.0,20.066666666666666,322.625
data\raw\siena\PN06\PN06-3.edf,EEG C3,1204.5,20.075,274.5
data\raw\siena\PN06\PN06-3.edf,EEG C3,1237.5,20.625,248.625
data\raw\siena\PN06\PN06-3.edf,EEG C3,1238.0,20.633333333333333,287.25
data\raw\siena\PN06\PN06-3.edf,EEG C3,1238.5,20.641666666666666,369.375
data\raw\siena\PN06\PN06-3.edf,EEG C3,1239.0,20.65,298.25000000000006
data\raw\siena\PN06\PN06-3.edf,EEG C3,1239.5,20.658333333333335,451.5
data\raw\siena\PN06\PN06-3.edf,EEG C3,1240.0,20.666666666666668,537.0
data\raw\siena\PN06\PN06-3.edf,EEG C3,1240.5,20.675,286.875
data\raw\siena\PN06\PN06-3.edf,EEG C3,4683.0,78.05,429.875
data\raw\siena\PN06\PN06-3.edf,EEG C3,4683.5,78.05833333333334,429.875
data\raw\siena\PN06\PN06-3.edf,EEG C3,4684.0,78.06666666666666,213.0
data\raw\siena\PN06\PN06-3.edf,EEG C3,4710.0,78.5,247.625
data\raw\siena\PN06\PN06-3.edf,EEG C3,4710.5,78.50833333333334,247.625
data\raw\siena\PN06\PN06-3.edf,EEG C3,4713.5,78.55833333333334,230.875
data\raw\siena\PN06\PN06-3.edf,EEG C3,4714.0,78.56666666666666,249.25
data\raw\siena\PN06\PN06-3.edf,EEG C3,4714.5,78.575,249.49999999999997
data\raw\siena\PN06\PN06-3.edf,EEG C3,4715.0,78.58333333333333,232.37499999999997
data\raw\siena\PN06\PN06-3.edf,EEG C3,4717.0,78.61666666666666,220.375
data\raw\siena\PN06\PN06-3.edf,EEG C3,4717.5,78.625,220.375
data\raw\siena\PN06\PN06-3.edf,EEG C3,4721.0,78.68333333333334,269.25
data\raw\siena\PN06\PN06-3.edf,EEG C3,4721.5,78.69166666666666,269.25
data\raw\siena\PN06\PN06-3.edf,EEG C3,4775.5,79.59166666666667,203.25
data\raw\siena\PN06\PN06-3.edf,EEG P3,1203.5,20.058333333333334,311.625
data\raw\siena\PN06\PN06-3.edf,EEG P3,1204.0,20.066666666666666,361.0
data\raw\siena\PN06\PN06-3.edf,EEG P3,1204.5,20.075,328.375
data\raw\siena\PN06\PN06-3.edf,EEG P3,2254.0,37.56666666666667,221.0
data\raw\siena\PN06\PN06-3.edf,EEG P3,4730.0,78.83333333333333,299.5
data\raw\siena\PN06\PN06-3.edf,EEG P3,4730.5,78.84166666666667,299.5
data\raw\siena\PN06\PN06-3.edf,EEG P3,4731.0,78.85,336.0
data\raw\siena\PN06\PN06-3.edf,EEG P3,4775.5,79.59166666666667,231.625
data\raw\siena\PN06\PN06-3.edf,EEG P3,7198.5,119.975,217.625
data\raw\siena\PN06\PN06-3.edf,EEG P3,7199.0,119.98333333333333,336.375
data\raw\siena\PN06\PN06-3.edf,EEG O1,242.0,4.033333333333333,258.375
data\raw\siena\PN06\PN06-3.edf,EEG O1,242.5,4.041666666666667,359.25
data\raw\siena\PN06\PN06-3.edf,EEG O1,243.0,4.05,264.0
data\raw\siena\PN06\PN06-3.edf,EEG O1,243.5,4.058333333333334,211.625
data\raw\siena\PN06\PN06-3.edf,EEG O1,244.0,4.066666666666666,386.49999999999994
data\raw\siena\PN06\PN06-3.edf,EEG O1,244.5,4.075,2119.625
data\raw\siena\PN06\PN06-3.edf,EEG O1,245.0,4.083333333333333,2164.125
data\raw\siena\PN06\PN06-3.edf,EEG O1,245.5,4.091666666666667,1691.875
data\raw\siena\PN06\PN06-3.edf,EEG O1,246.0,4.1,1865.75
data\raw\siena\PN06\PN06-3.edf,EEG O1,246.5,4.108333333333333,1392.375
data\raw\siena\PN06\PN06-3.edf,EEG O1,247.0,4.116666666666666,731.375
data\raw\siena\PN06\PN06-3.edf,EEG O1,247.5,4.125,241.37500000000006
data\raw\siena\PN06\PN06-3.edf,EEG O1,248.0,4.133333333333334,258.00000000000006
data\raw\siena\PN06\PN06-3.edf,EEG O1,248.5,4.141666666666667,313.25
data\raw\siena\PN06\PN06-3.edf,EEG O1,249.0,4.15,427.125
data\raw\siena\PN06\PN06-3.edf,EEG O1,1200.5,20.008333333333333,256.125
data\raw\siena\PN06\PN06-3.edf,EEG O1,1201.0,20.016666666666666,255.0
data\raw\siena\PN06\PN06-3.edf,EEG O1,1201.5,20.025,293.25
data\raw\siena\PN06\PN06-3.edf,EEG O1,1202.0,20.033333333333335,1047.1249999999998
data\raw\siena\PN06\PN06-3.edf,EEG O1,1202.5,20.041666666666668,807.75
data\raw\siena\PN06\PN06-3.edf,EEG O1,1203.0,20.05,812.25
data\raw\siena\PN06\PN06-3.edf,EEG O1,1203.5,20.058333333333334,330.37500000000006
data\raw\siena\PN06\PN06-3.edf,EEG O1,1204.0,20.066666666666666,936.625
data\raw\siena\PN06\PN06-3.edf,EEG O1,1204.5,20.075,1006.125
data\raw\siena\PN06\PN06-3.edf,EEG O1,1205.0,20.083333333333332,314.12499999999994
data\raw\siena\PN06\PN06-3.edf,EEG O1,1206.0,20.1,207.375
data\raw\siena\PN06\PN06-3.edf,EEG O1,1207.5,20.125,212.75
data\raw\siena\PN06\PN06-3.edf,EEG O1,1238.0,20.633333333333333,215.37499999999997
data\raw\siena\PN06\PN06-3.edf,EEG O1,2048.0,34.13333333333333,224.25
data\raw\siena\PN06\PN06-3.edf,EEG O1,2048.5,34.141666666666666,228.24999999999997
data\raw\siena\PN06\PN06-3.edf,EEG O1,2049.0,34.15,254.74999999999997
data\raw\siena\PN06\PN06-3.edf,EEG O1,2049.5,34.15833333333333,282.125
data\raw\siena\PN06\PN06-3.edf,EEG O1,2111.0,35.18333333333333,639.625
data\raw\siena\PN06\PN06-3.edf,EEG O1,2111.5,35.19166666666667,2910.5
data\raw\siena\PN06\PN06-3.edf,EEG O1,2112.0,35.2,2344.5
data\raw\siena\PN06\PN06-3.edf,EEG O1,2112.5,35.208333333333336,2090.625
data\raw\siena\PN06\PN06-3.edf,EEG O1,2113.0,35.21666666666667,994.0
data\raw\siena\PN06\PN06-3.edf,EEG O1,2113.5,35.225,269.25
data\raw\siena\PN06\PN06-3.edf,EEG O1,2162.0,36.03333333333333,211.875
data\raw\siena\PN06\PN06-3.edf,EEG O1,2162.5,36.041666666666664,205.875
data\raw\siena\PN06\PN06-3.edf,EEG O1,2190.5,36.50833333333333,226.375
data\raw\siena\PN06\PN06-3.edf,EEG O1,2253.5,37.55833333333333,251.75
data\raw\siena\PN06\PN06-3.edf,EEG O1,2254.0,37.56666666666667,293.625
data\raw\siena\PN06\PN06-3.edf,EEG O1,2254.5,37.575,242.875
data\raw\siena\PN06\PN06-3.edf,EEG O1,2276.5,37.94166666666667,203.0
data\raw\siena\PN06\PN06-3.edf,EEG O1,2277.0,37.95,203.0
data\raw\siena\PN06\PN06-3.edf,EEG O1,3074.5,51.24166666666667,209.0
data\raw\siena\PN06\PN06-3.edf,EEG O1,3075.0,51.25,209.0
data\raw\siena\PN06\PN06-3.edf,EEG O1,3135.5,52.25833333333333,270.74999999999994
data\raw\siena\PN06\PN06-3.edf,EEG O1,3136.0,52.266666666666666,233.24999999999997
data\raw\siena\PN06\PN06-3.edf,EEG O1,3286.0,54.766666666666666,270.87499999999994
data\raw\siena\PN06\PN06-3.edf,EEG O1,3286.5,54.775,270.87499999999994
data\raw\siena\PN06\PN06-3.edf,EEG O1,3291.5,54.858333333333334,201.25
data\raw\siena\PN06\PN06-3.edf,EEG O1,3294.5,54.90833333333333,215.5
data\raw\siena\PN06\PN06-3.edf,EEG O1,3295.5,54.925,264.99999999999994
data\raw\siena\PN06\PN06-3.edf,EEG O1,3296.0,54.93333333333333,364.375
data\raw\siena\PN06\PN06-3.edf,EEG O1,3296.5,54.94166666666667,429.0
data\raw\siena\PN06\PN06-3.edf,EEG O1,3297.0,54.95,590.25
data\raw\siena\PN06\PN06-3.edf,EEG O1,3297.5,54.958333333333336,207.49999999999994
data\raw\siena\PN06\PN06-3.edf,EEG O1,4683.0,78.05,232.49999999999997
data\raw\siena\PN06\PN06-3.edf,EEG O1,4683.5,78.05833333333334,224.12499999999997
data\raw\siena\PN06\PN06-3.edf,EEG O1,4729.5,78.825,200.24999999999997
data\raw\siena\PN06\PN06-3.edf,EEG O1,4730.0,78.83333333333333,1312.1249999999998
data\raw\siena\PN06\PN06-3.edf,EEG O1,4730.5,78.84166666666667,1179.8749999999998
data\raw\siena\PN06\PN06-3.edf,EEG O1,4731.0,78.85,1520.875
data\raw\siena\PN06\PN06-3.edf,EEG O1,4731.5,78.85833333333333,442.625
data\raw\siena\PN06\PN06-3.edf,EEG O1,4732.0,78.86666666666666,222.75
data\raw\siena\PN06\PN06-3.edf,EEG O1,4732.5,78.875,224.37499999999994
data\raw\siena\PN06\PN06-3.edf,EEG O1,4733.0,78.88333333333334,234.87499999999994
data\raw\siena\PN06\PN06-3.edf,EEG O1,4734.0,78.9,202.625
data\raw\siena\PN06\PN06-3.edf,EEG O1,4745.5,79.09166666666667,202.875
data\raw\siena\PN06\PN06-3.edf,EEG O1,4752.0,79.2,272.49999999999994
data\raw\siena\PN06\PN06-3.edf,EEG O1,4752.5,79.20833333333333,325.75
data\raw\siena\PN06\PN06-3.edf,EEG O1,4753.0,79.21666666666667,248.375
data\raw\siena\PN06\PN06-3.edf,EEG O1,4753.5,79.225,229.25
data\raw\siena\PN06\PN06-3.edf,EEG O1,4754.0,79.23333333333333,211.375
data\raw\siena\PN06\PN06-3.edf,EEG O1,4754.5,79.24166666666666,264.875
data\raw\siena\PN06\PN06-3.edf,EEG O1,4755.0,79.25,264.875
data\raw\siena\PN06\PN06-3.edf,EEG O1,4756.5,79.275,220.125
data\raw\siena\PN06\PN06-3.edf,EEG O1,4757.0,79.28333333333333,239.0
data\raw\siena\PN06\PN06-3.edf,EEG O1,4757.5,79.29166666666667,211.62499999999997
data\raw\siena\PN06\PN06-3.edf,EEG O1,4759.0,79.31666666666666,217.75
data\raw\siena\PN06\PN06-3.edf,EEG O1,4761.0,79.35,241.75
data\raw\siena\PN06\PN06-3.edf,EEG O1,4761.5,79.35833333333333,286.75
data\raw\siena\PN06\PN06-3.edf,EEG O1,4762.0,79.36666666666666,218.625
data\raw\siena\PN06\PN06-3.edf,EEG O1,4763.0,79.38333333333334,230.25
data\raw\siena\PN06\PN06-3.edf,EEG O1,4763.5,79.39166666666667,295.87499999999994
data\raw\siena\PN06\PN06-3.edf,EEG O1,4764.5,79.40833333333333,327.74999999999994
data\raw\siena\PN06\PN06-3.edf,EEG O1,4765.0,79.41666666666667,266.5
data\raw\siena\PN06\PN06-3.edf,EEG O1,4766.5,79.44166666666666,217.5
data\raw\siena\PN06\PN06-3.edf,EEG O1,4767.0,79.45,323.625
data\raw\siena\PN06\PN06-3.edf,EEG O1,4767.5,79.45833333333333,220.625
data\raw\siena\PN06\PN06-3.edf,EEG O1,4768.0,79.46666666666667,215.0
data\raw\siena\PN06\PN06-3.edf,EEG O1,7197.5,119.95833333333333,521.625
data\raw\siena\PN06\PN06-3.edf,EEG O1,7198.0,119.96666666666667,2126.25
data\raw\siena\PN06\PN06-3.edf,EEG O1,7198.5,119.975,2071.125
data\raw\siena\PN06\PN06-3.edf,EEG O1,7199.0,119.98333333333333,2863.0
data\raw\siena\PN06\PN06-3.edf,EEG O1,7199.5,119.99166666666666,1761.25
data\raw\siena\PN06\PN06-3.edf,EEG O1,7200.0,120.0,223.75
data\raw\siena\PN06\PN06-3.edf,EEG O1,7201.0,120.01666666666667,223.5
data\raw\siena\PN06\PN06-3.edf,EEG O1,7201.5,120.025,207.625
data\raw\siena\PN06\PN06-3.edf,EEG O1,7203.5,120.05833333333334,1923.6249999999998
data\raw\siena\PN06\PN06-3.edf,EEG O1,7204.0,120.06666666666666,2113.125
data\raw\siena\PN06\PN06-3.edf,EEG O1,7204.5,120.075,2213.75
data\raw\siena\PN06\PN06-3.edf,EEG O1,7205.0,120.08333333333333,1089.0
data\raw\siena\PN06\PN06-3.edf,EEG O1,7205.5,120.09166666666667,1953.625
data\raw\siena\PN06\PN06-3.edf,EEG O1,7206.0,120.1,883.75
data\raw\siena\PN06\PN06-3.edf,EEG O1,7207.0,120.11666666666666,513.1249999999998
data\raw\siena\PN06\PN06-3.edf,EEG O1,7207.5,120.125,2042.0
data\raw\siena\PN06\PN06-3.edf,EEG O1,7208.0,120.13333333333334,2000.75
data\raw\siena\PN06\PN06-3.edf,EEG O1,7208.5,120.14166666666667,380.5000000000001
data\raw\siena\PN06\PN06-3.edf,EEG O1,7209.0,120.15,333.25
data\raw\siena\PN06\PN06-3.edf,EEG O1,7209.5,120.15833333333333,414.12500000000006
data\raw\siena\PN06\PN06-3.edf,EEG O1,7210.0,120.16666666666667,352.75000000000006
data\raw\siena\PN06\PN06-3.edf,EEG O1,7210.5,120.175,326.625
data\raw\siena\PN06\PN06-3.edf,EEG O1,7211.0,120.18333333333334,1311.25
data\raw\siena\PN06\PN06-3.edf,EEG O1,7211.5,120.19166666666666,1333.875
data\raw\siena\PN06\PN06-3.edf,EEG O1,7212.0,120.2,1359.625
data\raw\siena\PN06\PN06-3.edf,EEG O1,7212.5,120.20833333333333,1228.625
data\raw\siena\PN06\PN06-3.edf,EEG O1,7213.0,120.21666666666667,558.8749999999998
data\raw\siena\PN06\PN06-3.edf,EEG O1,7213.5,120.225,361.25
data\raw\siena\PN06\PN06-3.edf,EEG O1,7214.0,120.23333333333333,289.25
data\raw\siena\PN06\PN06-3.edf,EEG O1,7214.5,120.24166666666666,622.3750000000001
data\raw\siena\PN06\PN06-3.edf,EEG O1,7215.0,120.25,756.625
data\raw\siena\PN06\PN06-3.edf,EEG O1,7215.5,120.25833333333334,649.375
data\raw\siena\PN06\PN06-3.edf,EEG O1,7216.0,120.26666666666667,365.625
data\raw\siena\PN06\PN06-3.edf,EEG O1,7234.0,120.56666666666666,632.75
data\raw\siena\PN06\PN06-3.edf,EEG O1,7234.5,120.575,630.6249999999999
data\raw\siena\PN06\PN06-3.edf,EEG O1,7235.0,120.58333333333333,579.1249999999999
data\raw\siena\PN06\PN06-3.edf,EEG O1,7235.5,120.59166666666667,408.49999999999994
data\raw\siena\PN06\PN06-3.edf,EEG O1,7552.0,125.86666666666666,239.12499999999994
data\raw\siena\PN06\PN06-3.edf,EEG O1,7681.0,128.01666666666668,357.5
data\raw\siena\PN06\PN06-3.edf,EEG O1,7681.5,128.025,386.74999999999994
data\raw\siena\PN06\PN06-3.edf,EEG O1,7682.5,128.04166666666666,210.875
data\raw\siena\PN06\PN06-3.edf,EEG O1,7683.0,128.05,253.74999999999994
data\raw\siena\PN06\PN06-3.edf,EEG O1,7956.5,132.60833333333332,263.125
data\raw\siena\PN06\PN06-3.edf,EEG O1,7957.0,132.61666666666667,247.0
data\raw\siena\PN06\PN06-3.edf,EEG O1,7957.5,132.625,210.625
data\raw\siena\PN06\PN06-3.edf,EEG O1,7958.0,132.63333333333333,212.74999999999997
data\raw\siena\PN06\PN06-3.edf,EEG F7,1203.5,20.058333333333334,239.875
data\raw\siena\PN06\PN06-3.edf,EEG F7,1204.0,20.066666666666666,246.875
data\raw\siena\PN06\PN06-3.edf,EEG F7,2049.5,34.15833333333333,206.75
data\raw\siena\PN06\PN06-3.edf,EEG F7,2162.0,36.03333333333333,207.62499999999997
data\raw\siena\PN06\PN06-3.edf,EEG F7,3074.5,51.24166666666667,201.625
data\raw\siena\PN06\PN06-3.edf,EEG F7,3075.0,51.25,212.0
data\raw\siena\PN06\PN06-3.edf,EEG F7,3286.0,54.766666666666666,212.125
data\raw\siena\PN06\PN06-3.edf,EEG F7,3286.5,54.775,212.125
data\raw\siena\PN06\PN06-3.edf,EEG F7,3295.0,54.916666666666664,221.5
data\raw\siena\PN06\PN06-3.edf,EEG F7,4677.0,77.95,224.125
data\raw\siena\PN06\PN06-3.edf,EEG F7,4678.0,77.96666666666667,228.75
data\raw\siena\PN06\PN06-3.edf,EEG F7,4683.0,78.05,930.125
data\raw\siena\PN06\PN06-3.edf,EEG F7,4683.5,78.05833333333334,930.125
data\raw\siena\PN06\PN06-3.edf,EEG F7,4684.0,78.06666666666666,322.5
data\raw\siena\PN06\PN06-3.edf,EEG F7,4706.5,78.44166666666666,203.5
data\raw\siena\PN06\PN06-3.edf,EEG F7,4707.0,78.45,203.5
data\raw\siena\PN06\PN06-3.edf,EEG F7,4709.5,78.49166666666666,261.5
data\raw\siena\PN06\PN06-3.edf,EEG F7,4710.0,78.5,461.625
data\raw\siena\PN06\PN06-3.edf,EEG F7,4710.5,78.50833333333334,461.625
data\raw\siena\PN06\PN06-3.edf,EEG F7,4712.0,78.53333333333333,318.0
data\raw\siena\PN06\PN06-3.edf,EEG F7,4712.5,78.54166666666667,301.5
data\raw\siena\PN06\PN06-3.edf,EEG F7,4713.0,78.55,391.0
data\raw\siena\PN06\PN06-3.edf,EEG F7,4713.5,78.55833333333334,391.0
data\raw\siena\PN06\PN06-3.edf,EEG F7,4714.0,78.56666666666666,392.0
data\raw\siena\PN06\PN06-3.edf,EEG F7,4714.5,78.575,379.25
data\raw\siena\PN06\PN06-3.edf,EEG F7,4715.0,78.58333333333333,269.0
data\raw\siena\PN06\PN06-3.edf,EEG F7,4715.5,78.59166666666667,249.0
data\raw\siena\PN06\PN06-3.edf,EEG F7,4716.0,78.6,308.25
data\raw\siena\PN06\PN06-3.edf,EEG F7,4716.5,78.60833333333333,313.875
data\raw\siena\PN06\PN06-3.edf,EEG F7,4717.0,78.61666666666666,299.875
data\raw\siena\PN06\PN06-3.edf,EEG F7,4717.5,78.625,301.49999999999994
data\raw\siena\PN06\PN06-3.edf,EEG F7,4719.5,78.65833333333333,209.625
data\raw\siena\PN06\PN06-3.edf,EEG F7,4720.0,78.66666666666667,245.75
data\raw\siena\PN06\PN06-3.edf,EEG F7,4720.5,78.675,279.75
data\raw\siena\PN06\PN06-3.edf,EEG F7,4721.0,78.68333333333334,279.75
data\raw\siena\PN06\PN06-3.edf,EEG F7,4721.5,78.69166666666666,231.25
data\raw\siena\PN06\PN06-3.edf,EEG F7,4722.0,78.7,231.25
data\raw\siena\PN06\PN06-3.edf,EEG F7,4722.5,78.70833333333333,200.125
data\raw\siena\PN06\PN06-3.edf,EEG F7,4723.0,78.71666666666667,232.875
data\raw\siena\PN06\PN06-3.edf,EEG F7,4723.5,78.725,237.75
data\raw\siena\PN06\PN06-3.edf,EEG F7,4724.0,78.73333333333333,203.625
data\raw\siena\PN06\PN06-3.edf,EEG F7,4726.0,78.76666666666667,204.37499999999997
data\raw\siena\PN06\PN06-3.edf,EEG F7,4726.5,78.775,251.87499999999997
data\raw\siena\PN06\PN06-3.edf,EEG F7,4729.0,78.81666666666666,236.75
data\raw\siena\PN06\PN06-3.edf,EEG F7,4732.5,78.875,226.625
data\raw\siena\PN06\PN06-3.edf,EEG F7,4733.0,78.88333333333334,241.375
data\raw\siena\PN06\PN06-3.edf,EEG F7,4751.5,79.19166666666666,200.875
data\raw\siena\PN06\PN06-3.edf,EEG F7,4764.5,79.40833333333333,206.5
data\raw\siena\PN06\PN06-3.edf,EEG F7,4766.5,79.44166666666666,230.875
data\raw\siena\PN06\PN06-3.edf,EEG F7,4767.0,79.45,215.0
data\raw\siena\PN06\PN06-3.edf,EEG F7,4767.5,79.45833333333333,264.375
data\raw\siena\PN06\PN06-3.edf,EEG F7,4768.0,79.46666666666667,251.0
data\raw\siena\PN06\PN06-3.edf,EEG F7,4775.0,79.58333333333333,208.0
data\raw\siena\PN06\PN06-3.edf,EEG F7,4775.5,79.59166666666667,208.0
data\raw\siena\PN06\PN06-3.edf,EEG F7,4779.0,79.65,244.37499999999997
data\raw\siena\PN06\PN06-3.edf,EEG F7,6274.0,104.56666666666666,210.12499999999997
data\raw\siena\PN06\PN06-3.edf,EEG F7,6274.5,104.575,213.74999999999997
data\raw\siena\PN06\PN06-3.edf,EEG F7,6295.0,104.91666666666667,206.25
data\raw\siena\PN06\PN06-3.edf,EEG F7,6295.5,104.925,246.375
data\raw\siena\PN06\PN06-3.edf,EEG F7,6296.0,104.93333333333334,235.375
data\raw\siena\PN06\PN06-3.edf,EEG F7,7193.5,119.89166666666667,215.87499999999994
data\raw\siena\PN06\PN06-3.edf,EEG T3,1203.5,20.058333333333334,267.5
data\raw\siena\PN06\PN06-3.edf,EEG T3,1204.0,20.066666666666666,288.625
data\raw\siena\PN06\PN06-3.edf,EEG T3,1204.5,20.075,223.49999999999997
data\raw\siena\PN06\PN06-3.edf,EEG T3,2049.0,34.15,207.24999999999997
data\raw\siena\PN06\PN06-3.edf,EEG T3,2049.5,34.15833333333333,226.0
data\raw\siena\PN06\PN06-3.edf,EEG T3,2190.5,36.50833333333333,201.375
data\raw\siena\PN06\PN06-3.edf,EEG T3,3286.0,54.766666666666666,210.5
data\raw\siena\PN06\PN06-3.edf,EEG T3,3286.5,54.775,210.5
data\raw\siena\PN06\PN06-3.edf,EEG T3,4682.0,78.03333333333333,226.375
data\raw\siena\PN06\PN06-3.edf,EEG T3,4682.5,78.04166666666667,252.5
data\raw\siena\PN06\PN06-3.edf,EEG T3,4683.0,78.05,573.0
data\raw\siena\PN06\PN06-3.edf,EEG T3,4683.5,78.05833333333334,573.0
data\raw\siena\PN06\PN06-3.edf,EEG T3,4684.0,78.06666666666666,227.125
data\raw\siena\PN06\PN06-3.edf,EEG T3,4710.0,78.5,309.75
data\raw\siena\PN06\PN06-3.edf,EEG T3,4710.5,78.50833333333334,309.75
data\raw\siena\PN06\PN06-3.edf,EEG T3,4713.0,78.55,247.25
data\raw\siena\PN06\PN06-3.edf,EEG T3,4713.5,78.55833333333334,362.875
data\raw\siena\PN06\PN06-3.edf,EEG T3,4714.0,78.56666666666666,402.4999999999999
data\raw\siena\PN06\PN06-3.edf,EEG T3,4714.5,78.575,386.87499999999994
data\raw\siena\PN06\PN06-3.edf,EEG T3,4715.0,78.58333333333333,298.875
data\raw\siena\PN06\PN06-3.edf,EEG T3,4716.0,78.6,212.12499999999997
data\raw\siena\PN06\PN06-3.edf,EEG T3,4716.5,78.60833333333333,246.37499999999994
data\raw\siena\PN06\PN06-3.edf,EEG T3,4717.0,78.61666666666666,237.875
data\raw\siena\PN06\PN06-3.edf,EEG T3,4717.5,78.625,233.75
data\raw\siena\PN06\PN06-3.edf,EEG T3,4720.0,78.66666666666667,227.5
data\raw\siena\PN06\PN06-3.edf,EEG T3,4720.5,78.675,236.625
data\raw\siena\PN06\PN06-3.edf,EEG T3,4721.0,78.68333333333334,224.75
data\raw\siena\PN06\PN06-3.edf,EEG T3,4722.0,78.7,204.875
data\raw\siena\PN06\PN06-3.edf,EEG T3,4722.5,78.70833333333333,200.5
data\raw\siena\PN06\PN06-3.edf,EEG T3,4731.0,78.85,210.125
data\raw\siena\PN06\PN06-3.edf,EEG T3,4731.5,78.85833333333333,210.125
data\raw\siena\PN06\PN06-3.edf,EEG T3,4767.5,79.45833333333333,204.125
data\raw\siena\PN06\PN06-3.edf,EEG T3,4778.0,79.63333333333334,210.99999999999997
data\raw\siena\PN06\PN06-3.edf,EEG T3,4778.5,79.64166666666667,226.49999999999997
data\raw\siena\PN06\PN06-3.edf,EEG T3,6274.0,104.56666666666666,224.24999999999997
data\raw\siena\PN06\PN06-3.edf,EEG T3,6274.5,104.575,221.87499999999997
data\raw\siena\PN06\PN06-3.edf,EEG T3,6295.5,104.925,202.375
data\raw\siena\PN06\PN06-3.edf,EEG T3,7208.0,120.13333333333334,280.25
data\raw\siena\PN06\PN06-3.edf,EEG T3,7208.5,120.14166666666667,275.25
data\raw\siena\PN06\PN06-3.edf,EEG T5,1202.5,20.041666666666668,221.99999999999994
data\raw\siena\PN06\PN06-3.edf,EEG T5,1203.5,20.058333333333334,391.0
data\raw\siena\PN06\PN06-3.edf,EEG T5,1204.0,20.066666666666666,376.625
data\raw\siena\PN06\PN06-3.edf,EEG T5,1204.5,20.075,235.49999999999994
data\raw\siena\PN06\PN06-3.edf,EEG T5,2048.0,34.13333333333333,211.875
data\raw\siena\PN06\PN06-3.edf,EEG T5,2048.5,34.141666666666666,216.125
data\raw\siena\PN06\PN06-3.edf,EEG T5,2049.0,34.15,242.875
data\raw\siena\PN06\PN06-3.edf,EEG T5,2049.5,34.15833333333333,270.375
data\raw\siena\PN06\PN06-3.edf,EEG T5,2111.5,35.19166666666667,202.99999999999997
data\raw\siena\PN06\PN06-3.edf,EEG T5,2112.0,35.2,220.74999999999994
data\raw\siena\PN06\PN06-3.edf,EEG T5,2162.0,36.03333333333333,202.0
data\raw\siena\PN06\PN06-3.edf,EEG T5,2162.5,36.041666666666664,202.0
data\raw\siena\PN06\PN06-3.edf,EEG T5,2190.5,36.50833333333333,235.125
data\raw\siena\PN06\PN06-3.edf,EEG T5,2253.5,37.55833333333333,232.25
data\raw\siena\PN06\PN06-3.edf,EEG T5,2254.0,37.56666666666667,295.125
data\raw\siena\PN06\PN06-3.edf,EEG T5,2254.5,37.575,251.25
data\raw\siena\PN06\PN06-3.edf,EEG T5,2276.5,37.94166666666667,211.5
data\raw\siena\PN06\PN06-3.edf,EEG T5,2277.0,37.95,211.5
data\raw\siena\PN06\PN06-3.edf,EEG T5,3074.5,51.24166666666667,219.375
data\raw\siena\PN06\PN06-3.edf,EEG T5,3075.0,51.25,219.375
data\raw\siena\PN06\PN06-3.edf,EEG T5,3286.0,54.766666666666666,265.875
data\raw\siena\PN06\PN06-3.edf,EEG T5,3286.5,54.775,265.875
data\raw\siena\PN06\PN06-3.edf,EEG T5,3294.0,54.9,277.5
data\raw\siena\PN06\PN06-3.edf,EEG T5,3294.5,54.90833333333333,295.5
data\raw\siena\PN06\PN06-3.edf,EEG T5,3295.0,54.916666666666664,230.0
data\raw\siena\PN06\PN06-3.edf,EEG T5,3295.5,54.925,208.125
data\raw\siena\PN06\PN06-3.edf,EEG T5,4682.0,78.03333333333333,235.625
data\raw\siena\PN06\PN06-3.edf,EEG T5,4682.5,78.04166666666667,276.875
data\raw\siena\PN06\PN06-3.edf,EEG T5,4683.0,78.05,296.5
data\raw\siena\PN06\PN06-3.edf,EEG T5,4683.5,78.05833333333334,284.25
data\raw\siena\PN06\PN06-3.edf,EEG T5,4775.5,79.59166666666667,224.125
data\raw\siena\PN06\PN06-3.edf,EEG T5,7205.5,120.09166666666667,223.0
data\raw\siena\PN06\PN06-3.edf,EEG T5,7207.5,120.125,207.5
data\raw\siena\PN06\PN06-3.edf,EEG T5,7208.0,120.13333333333334,207.0
data\raw\siena\PN06\PN06-3.edf,EEG Fc1,1203.5,20.058333333333334,215.125
data\raw\siena\PN06\PN06-3.edf,EEG Fc1,1204.0,20.066666666666666,251.25
data\raw\siena\PN06\PN06-3.edf,EEG Fc1,1204.5,20.075,208.62499999999997
data\raw\siena\PN06\PN06-3.edf,EEG Fc1,4775.0,79.58333333333333,208.125
data\raw\siena\PN06\PN06-3.edf,EEG Fc1,4775.5,79.59166666666667,208.125
data\raw\siena\PN06\PN06-3.edf,EEG Fc5,1203.5,20.058333333333334,212.87499999999997
data\raw\siena\PN06\PN06-3.edf,EEG Fc5,1204.0,20.066666666666666,228.99999999999997
data\raw\siena\PN06\PN06-3.edf,EEG Fc5,4683.0,78.05,990.0
data\raw\siena\PN06\PN06-3.edf,EEG Fc5,4683.5,78.05833333333334,990.0
data\raw\siena\PN06\PN06-3.edf,EEG Fc5,4684.0,78.06666666666666,262.25
data\raw\siena\PN06\PN06-3.edf,EEG Fc5,4709.5,78.49166666666666,332.0
data\raw\siena\PN06\PN06-3.edf,EEG Fc5,4710.0,78.5,468.375
data\raw\siena\PN06\PN06-3.edf,EEG Fc5,4710.5,78.50833333333334,468.375
data\raw\siena\PN06\PN06-3.edf,EEG Fc5,4711.5,78.525,208.24999999999997
data\raw\siena\PN06\PN06-3.edf,EEG Fc5,4712.0,78.53333333333333,342.87499999999994
data\raw\siena\PN06\PN06-3.edf,EEG Fc5,4712.5,78.54166666666667,328.125
data\raw\siena\PN06\PN06-3.edf,EEG Fc5,4713.0,78.55,384.125
data\raw\siena\PN06\PN06-3.edf,EEG Fc5,4713.5,78.55833333333334,441.75
data\raw\siena\PN06\PN06-3.edf,EEG Fc5,4714.0,78.56666666666666,454.875
data\raw\siena\PN06\PN06-3.edf,EEG Fc5,4714.5,78.575,454.875
data\raw\siena\PN06\PN06-3.edf,EEG Fc5,4715.0,78.58333333333333,305.75
data\raw\siena\PN06\PN06-3.edf,EEG Fc5,4715.5,78.59166666666667,216.74999999999997
data\raw\siena\PN06\PN06-3.edf,EEG Fc5,4716.0,78.6,279.125
data\raw\siena\PN06\PN06-3.edf,EEG Fc5,4716.5,78.60833333333333,263.0
data\raw\siena\PN06\PN06-3.edf,EEG Fc5,4717.0,78.61666666666666,301.24999999999994
data\raw\siena\PN06\PN06-3.edf,EEG Fc5,4717.5,78.625,301.24999999999994
data\raw\siena\PN06\PN06-3.edf,EEG Fc5,4719.5,78.65833333333333,210.12499999999997
data\raw\siena\PN06\PN06-3.edf,EEG Fc5,4720.0,78.66666666666667,257.375
data\raw\siena\PN06\PN06-3.edf,EEG Fc5,4720.5,78.675,257.375
data\raw\siena\PN06\PN06-3.edf,EEG Fc5,4721.0,78.68333333333334,252.125
data\raw\siena\PN06\PN06-3.edf,EEG Fc5,4721.5,78.69166666666666,249.125
data\raw\siena\PN06\PN06-3.edf,EEG Fc5,4722.0,78.7,284.375
data\raw\siena\PN06\PN06-3.edf,EEG Fc5,4722.5,78.70833333333333,236.49999999999994
data\raw\siena\PN06\PN06-3.edf,EEG Fc5,4723.0,78.71666666666667,204.375
data\raw\siena\PN06\PN06-3.edf,EEG Fc5,4723.5,78.725,209.5
data\raw\siena\PN06\PN06-3.edf,EEG Fc5,4724.0,78.73333333333333,225.5
data\raw\siena\PN06\PN06-3.edf,EEG Fc5,4724.5,78.74166666666666,205.75
data\raw\siena\PN06\PN06-3.edf,EEG Fc5,4775.0,79.58333333333333,234.74999999999997
data\raw\siena\PN06\PN06-3.edf,EEG Fc5,4775.5,79.59166666666667,234.74999999999997
data\raw\siena\PN06\PN06-3.edf,EEG Fc5,4794.0,79.9,209.5
data\raw\siena\PN06\PN06-3.edf,EEG Fc5,4794.5,79.90833333333333,212.25
data\raw\siena\PN06\PN06-3.edf,EEG Cp1,1202.0,20.033333333333335,283.62499999999994
data\raw\siena\PN06\PN06-3.edf,EEG Cp1,1202.5,20.041666666666668,258.62499999999994
data\raw\siena\PN06\PN06-3.edf,EEG Cp1,1203.5,20.058333333333334,392.625
data\raw\siena\PN06\PN06-3.edf,EEG Cp1,1204.0,20.066666666666666,529.375
data\raw\siena\PN06\PN06-3.edf,EEG Cp1,1204.5,20.075,553.125
data\raw\siena\PN06\PN06-3.edf,EEG Cp1,1238.0,20.633333333333333,243.75
data\raw\siena\PN06\PN06-3.edf,EEG Cp1,1238.5,20.641666666666666,404.5
data\raw\siena\PN06\PN06-3.edf,EEG Cp1,1239.0,20.65,633.25
data\raw\siena\PN06\PN06-3.edf,EEG Cp1,1239.5,20.658333333333335,786.0
data\raw\siena\PN06\PN06-3.edf,EEG Cp1,1240.0,20.666666666666668,233.375
data\raw\siena\PN06\PN06-3.edf,EEG Cp1,3294.0,54.9,224.5
data\raw\siena\PN06\PN06-3.edf,EEG Cp1,3294.5,54.90833333333333,376.0
data\raw\siena\PN06\PN06-3.edf,EEG Cp1,3295.0,54.916666666666664,376.0
data\raw\siena\PN06\PN06-3.edf,EEG Cp1,4678.0,77.96666666666667,249.25
data\raw\siena\PN06\PN06-3.edf,EEG Cp1,4678.5,77.975,249.25
data\raw\siena\PN06\PN06-3.edf,EEG Cp1,4720.5,78.675,257.125
data\raw\siena\PN06\PN06-3.edf,EEG Cp1,4721.0,78.68333333333334,257.125
data\raw\siena\PN06\PN06-3.edf,EEG Cp1,4730.0,78.83333333333333,295.62499999999994
data\raw\siena\PN06\PN06-3.edf,EEG Cp1,4730.5,78.84166666666667,258.74999999999994
data\raw\siena\PN06\PN06-3.edf,EEG Cp1,4731.0,78.85,887.9999999999999
data\raw\siena\PN06\PN06-3.edf,EEG Cp1,4731.5,78.85833333333333,1009.9999999999999
data\raw\siena\PN06\PN06-3.edf,EEG Cp1,4732.0,78.86666666666666,253.875
data\raw\siena\PN06\PN06-3.edf,EEG Cp1,4745.5,79.09166666666667,293.875
data\raw\siena\PN06\PN06-3.edf,EEG Cp1,4746.0,79.1,243.5
data\raw\siena\PN06\PN06-3.edf,EEG Cp1,4751.5,79.19166666666666,282.375
data\raw\siena\PN06\PN06-3.edf,EEG Cp1,4752.0,79.2,282.375
data\raw\siena\PN06\PN06-3.edf,EEG Cp1,4753.0,79.21666666666667,279.12499999999994
data\raw\siena\PN06\PN06-3.edf,EEG Cp1,4753.5,79.225,301.375
data\raw\siena\PN06\PN06-3.edf,EEG Cp1,4754.0,79.23333333333333,337.75
data\raw\siena\PN06\PN06-3.edf,EEG Cp1,4754.5,79.24166666666666,304.75
data\raw\siena\PN06\PN06-3.edf,EEG Cp1,4768.0,79.46666666666667,209.5
data\raw\siena\PN06\PN06-3.edf,EEG Cp1,4769.5,79.49166666666666,387.24999999999994
data\raw\siena\PN06\PN06-3.edf,EEG Cp1,4770.0,79.5,387.24999999999994
data\raw\siena\PN06\PN06-3.edf,EEG Cp1,4771.0,79.51666666666667,287.875
data\raw\siena\PN06\PN06-3.edf,EEG Cp1,4771.5,79.525,348.87499999999994
data\raw\siena\PN06\PN06-3.edf,EEG Cp1,4772.0,79.53333333333333,348.87499999999994
data\raw\siena\PN06\PN06-3.edf,EEG Cp1,4772.5,79.54166666666667,209.87499999999997
data\raw\siena\PN06\PN06-3.edf,EEG Cp1,4773.0,79.55,249.75
data\raw\siena\PN06\PN06-3.edf,EEG Cp1,4773.5,79.55833333333334,331.0
data\raw\siena\PN06\PN06-3.edf,EEG Cp1,4774.0,79.56666666666666,237.75
data\raw\siena\PN06\PN06-3.edf,EEG Cp1,4775.0,79.58333333333333,365.375
data\raw\siena\PN06\PN06-3.edf,EEG Cp1,4775.5,79.59166666666667,365.375
data\raw\siena\PN06\PN06-3.edf,EEG Cp1,4778.0,79.63333333333334,401.74999999999994
data\raw\siena\PN06\PN06-3.edf,EEG Cp1,4778.5,79.64166666666667,471.49999999999994
data\raw\siena\PN06\PN06-3.edf,EEG Cp1,4779.0,79.65,323.0
data\raw\siena\PN06\PN06-3.edf,EEG Cp1,4784.0,79.73333333333333,234.37499999999997
data\raw\siena\PN06\PN06-3.edf,EEG Cp1,4784.5,79.74166666666666,266.625
data\raw\siena\PN06\PN06-3.edf,EEG Cp1,7196.0,119.93333333333334,216.5
data\raw\siena\PN06\PN06-3.edf,EEG Cp1,7196.5,119.94166666666666,213.375
data\raw\siena\PN06\PN06-3.edf,EEG Cp1,7197.0,119.95,326.0
data\raw\siena\PN06\PN06-3.edf,EEG Cp1,7197.5,119.95833333333333,326.0
data\raw\siena\PN06\PN06-3.edf,EEG Cp1,7198.5,119.975,257.0
data\raw\siena\PN06\PN06-3.edf,EEG Cp1,7199.0,119.98333333333333,381.875
data\raw\siena\PN06\PN06-3.edf,EEG Cp1,7199.5,119.99166666666666,381.875
data\raw\siena\PN06\PN06-3.edf,EEG Cp1,7201.0,120.01666666666667,280.625
data\raw\siena\PN06\PN06-3.edf,EEG Cp1,7201.5,120.025,279.875
data\raw\siena\PN06\PN06-3.edf,EEG Cp1,7202.0,120.03333333333333,210.74999999999994
data\raw\siena\PN06\PN06-3.edf,EEG Cp1,7206.0,120.1,295.75
data\raw\siena\PN06\PN06-3.edf,EEG Cp1,7206.5,120.10833333333333,251.875
data\raw\siena\PN06\PN06-3.edf,EEG Cp1,7207.0,120.11666666666666,320.125
data\raw\siena\PN06\PN06-3.edf,EEG Cp1,7207.5,120.125,457.75
data\raw\siena\PN06\PN06-3.edf,EEG Cp1,7208.0,120.13333333333334,1047.5
data\raw\siena\PN06\PN06-3.edf,EEG Cp1,7208.5,120.14166666666667,967.25
data\raw\siena\PN06\PN06-3.edf,EEG Cp1,7210.0,120.16666666666667,609.25
data\raw\siena\PN06\PN06-3.edf,EEG Cp1,7210.5,120.175,609.25
data\raw\siena\PN06\PN06-3.edf,EEG Cp1,7211.5,120.19166666666666,260.25
data\raw\siena\PN06\PN06-3.edf,EEG Cp1,7946.0,132.43333333333334,391.375
data\raw\siena\PN06\PN06-3.edf,EEG Cp1,7946.5,132.44166666666666,391.375
data\raw\siena\PN06\PN06-3.edf,EEG Cp1,7976.0,132.93333333333334,558.125
data\raw\siena\PN06\PN06-3.edf,EEG Cp1,7976.5,132.94166666666666,778.6249999999999
data\raw\siena\PN06\PN06-3.edf,EEG Cp1,7977.0,132.95,1840.875
data\raw\siena\PN06\PN06-3.edf,EEG Cp1,7977.5,132.95833333333334,1908.125
data\raw\siena\PN06\PN06-3.edf,EEG Cp1,7978.0,132.96666666666667,1284.875
data\raw\siena\PN06\PN06-3.edf,EEG Cp1,7978.5,132.975,461.125
data\raw\siena\PN06\PN06-3.edf,EEG Cp1,7994.5,133.24166666666667,202.625
data\raw\siena\PN06\PN06-3.edf,EEG Cp5,1203.5,20.058333333333334,385.49999999999994
data\raw\siena\PN06\PN06-3.edf,EEG Cp5,1204.0,20.066666666666666,348.12499999999994
data\raw\siena\PN06\PN06-3.edf,EEG Cp5,1204.5,20.075,283.875
data\raw\siena\PN06\PN06-3.edf,EEG Cp5,1239.5,20.658333333333335,220.75
data\raw\siena\PN06\PN06-3.edf,EEG Cp5,2049.5,34.15833333333333,202.62499999999997
data\raw\siena\PN06\PN06-3.edf,EEG Cp5,3286.0,54.766666666666666,205.125
data\raw\siena\PN06\PN06-3.edf,EEG Cp5,3286.5,54.775,205.125
data\raw\siena\PN06\PN06-3.edf,EEG Cp5,4681.5,78.025,212.25
data\raw\siena\PN06\PN06-3.edf,EEG Cp5,4682.0,78.03333333333333,228.25
data\raw\siena\PN06\PN06-3.edf,EEG Cp5,4682.5,78.04166666666667,266.625
data\raw\siena\PN06\PN06-3.edf,EEG Cp5,4683.0,78.05,399.375
data\raw\siena\PN06\PN06-3.edf,EEG Cp5,4683.5,78.05833333333334,381.75
data\raw\siena\PN06\PN06-3.edf,EEG Cp5,4713.0,78.55,200.62499999999997
data\raw\siena\PN06\PN06-3.edf,EEG Cp5,4713.5,78.55833333333334,259.625
data\raw\siena\PN06\PN06-3.edf,EEG Cp5,4714.0,78.56666666666666,277.5
data\raw\siena\PN06\PN06-3.edf,EEG Cp5,4714.5,78.575,252.125
data\raw\siena\PN06\PN06-3.edf,EEG Cp5,4775.5,79.59166666666667,221.49999999999997
data\raw\siena\PN06\PN06-3.edf,EEG F9,116.5,1.9416666666666667,217.5
data\raw\siena\PN06\PN06-3.edf,EEG F9,179.5,2.9916666666666667,238.75
data\raw\siena\PN06\PN06-3.edf,EEG F9,180.5,3.0083333333333333,200.375
data\raw\siena\PN06\PN06-3.edf,EEG F9,1109.5,18.491666666666667,240.5
data\raw\siena\PN06\PN06-3.edf,EEG F9,1164.0,19.4,202.12499999999997
data\raw\siena\PN06\PN06-3.edf,EEG F9,1164.5,19.408333333333335,201.75
data\raw\siena\PN06\PN06-3.edf,EEG F9,1165.0,19.416666666666668,216.75
data\raw\siena\PN06\PN06-3.edf,EEG F9,1202.0,20.033333333333335,203.625
data\raw\siena\PN06\PN06-3.edf,EEG F9,1202.5,20.041666666666668,317.5
data\raw\siena\PN06\PN06-3.edf,EEG F9,1203.0,20.05,344.625
data\raw\siena\PN06\PN06-3.edf,EEG F9,1203.5,20.058333333333334,290.0
data\raw\siena\PN06\PN06-3.edf,EEG F9,1204.0,20.066666666666666,230.12499999999997
data\raw\siena\PN06\PN06-3.edf,EEG F9,2049.0,34.15,214.24999999999997
data\raw\siena\PN06\PN06-3.edf,EEG F9,2049.5,34.15833333333333,248.12499999999994
data\raw\siena\PN06\PN06-3.edf,EEG F9,2162.0,36.03333333333333,257.62499999999994
data\raw\siena\PN06\PN06-3.edf,EEG F9,2254.0,37.56666666666667,217.625
data\raw\siena\PN06\PN06-3.edf,EEG F9,2276.5,37.94166666666667,208.25
data\raw\siena\PN06\PN06-3.edf,EEG F9,2277.0,37.95,208.25
data\raw\siena\PN06\PN06-3.edf,EEG F9,3074.5,51.24166666666667,224.5
data\raw\siena\PN06\PN06-3.edf,EEG F9,3075.0,51.25,249.25
data\raw\siena\PN06\PN06-3.edf,EEG F9,3171.5,52.858333333333334,210.625
data\raw\siena\PN06\PN06-3.edf,EEG F9,3286.0,54.766666666666666,249.875
data\raw\siena\PN06\PN06-3.edf,EEG F9,3286.5,54.775,249.875
data\raw\siena\PN06\PN06-3.edf,EEG F9,3293.0,54.88333333333333,200.37499999999997
data\raw\siena\PN06\PN06-3.edf,EEG F9,3295.0,54.916666666666664,240.25
data\raw\siena\PN06\PN06-3.edf,EEG F9,3295.5,54.925,207.24999999999997
data\raw\siena\PN06\PN06-3.edf,EEG F9,3296.0,54.93333333333333,207.24999999999997
data\raw\siena\PN06\PN06-3.edf,EEG F9,4672.0,77.86666666666666,1042.375
data\raw\siena\PN06\PN06-3.edf,EEG F9,4672.5,77.875,1146.375
data\raw\siena\PN06\PN06-3.edf,EEG F9,4673.0,77.88333333333334,965.1249999999999
data\raw\siena\PN06\PN06-3.edf,EEG F9,4678.0,77.96666666666667,246.125
data\raw\siena\PN06\PN06-3.edf,EEG F9,4679.0,77.98333333333333,201.12499999999997
data\raw\siena\PN06\PN06-3.edf,EEG F9,4681.5,78.025,247.75
data\raw\siena\PN06\PN06-3.edf,EEG F9,4682.0,78.03333333333333,425.25
data\raw\siena\PN06\PN06-3.edf,EEG F9,4682.5,78.04166666666667,311.24999999999994
data\raw\siena\PN06\PN06-3.edf,EEG F9,4683.0,78.05,743.125
data\raw\siena\PN06\PN06-3.edf,EEG F9,4683.5,78.05833333333334,743.125
data\raw\siena\PN06\PN06-3.edf,EEG F9,4684.0,78.06666666666666,343.0
data\raw\siena\PN06\PN06-3.edf,EEG F9,4709.5,78.49166666666666,233.875
data\raw\siena\PN06\PN06-3.edf,EEG F9,4710.0,78.5,342.75
data\raw\siena\PN06\PN06-3.edf,EEG F9,4710.5,78.50833333333334,342.75
data\raw\siena\PN06\PN06-3.edf,EEG F9,4712.5,78.54166666666667,203.75
data\raw\siena\PN06\PN06-3.edf,EEG F9,4713.0,78.55,299.75
data\raw\siena\PN06\PN06-3.edf,EEG F9,4713.5,78.55833333333334,346.75
data\raw\siena\PN06\PN06-3.edf,EEG F9,4714.0,78.56666666666666,340.75
data\raw\siena\PN06\PN06-3.edf,EEG F9,4714.5,78.575,340.75
data\raw\siena\PN06\PN06-3.edf,EEG F9,4716.0,78.6,261.125
data\raw\siena\PN06\PN06-3.edf,EEG F9,4716.5,78.60833333333333,276.375
data\raw\siena\PN06\PN06-3.edf,EEG F9,4717.0,78.61666666666666,269.75
data\raw\siena\PN06\PN06-3.edf,EEG F9,4717.5,78.625,269.75
data\raw\siena\PN06\PN06-3.edf,EEG F9,4720.0,78.66666666666667,220.625
data\raw\siena\PN06\PN06-3.edf,EEG F9,4720.5,78.675,220.625
data\raw\siena\PN06\PN06-3.edf,EEG F9,4721.0,78.68333333333334,207.125
data\raw\siena\PN06\PN06-3.edf,EEG F9,4723.0,78.71666666666667,230.25
data\raw\siena\PN06\PN06-3.edf,EEG F9,4723.5,78.725,236.75
data\raw\siena\PN06\PN06-3.edf,EEG F9,4724.0,78.73333333333333,218.75
data\raw\siena\PN06\PN06-3.edf,EEG F9,4726.0,78.76666666666667,210.875
data\raw\siena\PN06\PN06-3.edf,EEG F9,4726.5,78.775,228.0
data\raw\siena\PN06\PN06-3.edf,EEG F9,4729.0,78.81666666666666,271.5
data\raw\siena\PN06\PN06-3.edf,EEG F9,4732.5,78.875,264.25
data\raw\siena\PN06\PN06-3.edf,EEG F9,4733.0,78.88333333333334,247.75
data\raw\siena\PN06\PN06-3.edf,EEG F9,4744.0,79.06666666666666,234.875
data\raw\siena\PN06\PN06-3.edf,EEG F9,4745.0,79.08333333333333,208.25
data\raw\siena\PN06\PN06-3.edf,EEG F9,4745.5,79.09166666666667,208.25
data\raw\siena\PN06\PN06-3.edf,EEG F9,4750.5,79.175,212.25
data\raw\siena\PN06\PN06-3.edf,EEG F9,4751.5,79.19166666666666,243.125
data\raw\siena\PN06\PN06-3.edf,EEG F9,4752.0,79.2,220.25
data\raw\siena\PN06\PN06-3.edf,EEG F9,4761.5,79.35833333333333,208.375
data\raw\siena\PN06\PN06-3.edf,EEG F9,4762.0,79.36666666666666,208.375
data\raw\siena\PN06\PN06-3.edf,EEG F9,4764.5,79.40833333333333,228.25
data\raw\siena\PN06\PN06-3.edf,EEG F9,4765.0,79.41666666666667,252.125
data\raw\siena\PN06\PN06-3.edf,EEG F9,4766.5,79.44166666666666,246.375
data\raw\siena\PN06\PN06-3.edf,EEG F9,4767.0,79.45,238.625
data\raw\siena\PN06\PN06-3.edf,EEG F9,4767.5,79.45833333333333,325.625
data\raw\siena\PN06\PN06-3.edf,EEG F9,4768.0,79.46666666666667,327.375
data\raw\siena\PN06\PN06-3.edf,EEG F9,4768.5,79.475,209.125
data\raw\siena\PN06\PN06-3.edf,EEG F9,4775.0,79.58333333333333,212.5
data\raw\siena\PN06\PN06-3.edf,EEG F9,4775.5,79.59166666666667,212.5
data\raw\siena\PN06\PN06-3.edf,EEG F9,4779.0,79.65,285.625
data\raw\siena\PN06\PN06-3.edf,EEG F9,4779.5,79.65833333333333,223.62499999999997
data\raw\siena\PN06\PN06-3.edf,EEG F9,4801.0,80.01666666666667,212.75
data\raw\siena\PN06\PN06-3.edf,EEG F9,6263.5,104.39166666666667,215.87499999999997
data\raw\siena\PN06\PN06-3.edf,EEG F9,6264.0,104.4,233.62499999999997
data\raw\siena\PN06\PN06-3.edf,EEG F9,6274.5,104.575,212.5
data\raw\siena\PN06\PN06-3.edf,EEG F9,6280.0,104.66666666666667,214.0
data\raw\siena\PN06\PN06-3.edf,EEG F9,6289.0,104.81666666666666,218.37499999999997
data\raw\siena\PN06\PN06-3.edf,EEG F9,6289.5,104.825,206.74999999999997
data\raw\siena\PN06\PN06-3.edf,EEG F9,6294.5,104.90833333333333,221.625
data\raw\siena\PN06\PN06-3.edf,EEG F9,6295.0,104.91666666666667,216.25
data\raw\siena\PN06\PN06-3.edf,EEG F9,6295.5,104.925,291.75
data\raw\siena\PN06\PN06-3.edf,EEG F9,6300.5,105.00833333333334,210.125
data\raw\siena\PN06\PN06-3.edf,EEG F9,7191.5,119.85833333333333,203.5
data\raw\siena\PN06\PN06-3.edf,EEG F9,7193.5,119.89166666666667,229.625
data\raw\siena\PN06\PN06-3.edf,EEG F9,7194.0,119.9,212.125
data\raw\siena\PN06\PN06-3.edf,EEG F9,7289.0,121.48333333333333,576.375
data\raw\siena\PN06\PN06-3.edf,EEG F9,7289.5,121.49166666666666,1652.625
data\raw\siena\PN06\PN06-3.edf,EEG F9,7290.0,121.5,1753.0
data\raw\siena\PN06\PN06-3.edf,EEG F9,7290.5,121.50833333333334,574.6249999999999
data\raw\siena\PN06\PN06-3.edf,EEG Fz,1204.0,20.066666666666666,222.74999999999997
data\raw\siena\PN06\PN06-3.edf,EEG Fz,4775.0,79.58333333333333,216.625
data\raw\siena\PN06\PN06-3.edf,EEG Fz,4775.5,79.59166666666667,216.625
data\raw\siena\PN06\PN06-3.edf,EEG Cz,1203.5,20.058333333333334,220.375
data\raw\siena\PN06\PN06-3.edf,EEG Cz,1204.0,20.066666666666666,220.375
data\raw\siena\PN06\PN06-3.edf,EEG Cz,1204.5,20.075,219.25
data\raw\siena\PN06\PN06-3.edf,EEG Cz,2055.0,34.25,213.75
data\raw\siena\PN06\PN06-3.edf,EEG Cz,4730.5,78.84166666666667,209.49999999999997
data\raw\siena\PN06\PN06-3.edf,EEG Cz,4775.5,79.59166666666667,210.25
data\raw\siena\PN06\PN06-3.edf,EEG Cz,7207.5,120.125,221.375
data\raw\siena\PN06\PN06-3.edf,EEG Pz,244.5,4.075,2178.6249999999995
data\raw\siena\PN06\PN06-3.edf,EEG Pz,245.0,4.083333333333333,2540.75
data\raw\siena\PN06\PN06-3.edf,EEG Pz,245.5,4.091666666666667,802.375
data\raw\siena\PN06\PN06-3.edf,EEG Pz,246.0,4.1,1151.8749999999995
data\raw\siena\PN06\PN06-3.edf,EEG Pz,246.5,4.108333333333333,1306.625
data\raw\siena\PN06\PN06-3.edf,EEG Pz,247.0,4.116666666666666,1196.2499999999998
data\raw\siena\PN06\PN06-3.edf,EEG Pz,247.5,4.125,778.0
data\raw\siena\PN06\PN06-3.edf,EEG Pz,248.0,4.133333333333334,403.75
data\raw\siena\PN06\PN06-3.edf,EEG Pz,248.5,4.141666666666667,234.375
data\raw\siena\PN06\PN06-3.edf,EEG Pz,1201.0,20.016666666666666,286.12499999999994
data\raw\siena\PN06\PN06-3.edf,EEG Pz,1201.5,20.025,1278.3749999999998
data\raw\siena\PN06\PN06-3.edf,EEG Pz,1202.0,20.033333333333335,3520.6249999999995
data\raw\siena\PN06\PN06-3.edf,EEG Pz,1202.5,20.041666666666668,2310.8749999999995
data\raw\siena\PN06\PN06-3.edf,EEG Pz,1203.0,20.05,1184.8749999999995
data\raw\siena\PN06\PN06-3.edf,EEG Pz,1203.5,20.058333333333334,791.1249999999995
data\raw\siena\PN06\PN06-3.edf,EEG Pz,1204.0,20.066666666666666,1731.75
data\raw\siena\PN06\PN06-3.edf,EEG Pz,1204.5,20.075,1944.0
data\raw\siena\PN06\PN06-3.edf,EEG Pz,1205.0,20.083333333333332,962.625
data\raw\siena\PN06\PN06-3.edf,EEG Pz,1205.5,20.091666666666665,483.125
data\raw\siena\PN06\PN06-3.edf,EEG Pz,1206.0,20.1,259.87499999999994
data\raw\siena\PN06\PN06-3.edf,EEG Pz,1237.5,20.625,202.75
data\raw\siena\PN06\PN06-3.edf,EEG Pz,1238.0,20.633333333333333,219.74999999999997
data\raw\siena\PN06\PN06-3.edf,EEG Pz,1238.5,20.641666666666666,279.875
data\raw\siena\PN06\PN06-3.edf,EEG Pz,1239.0,20.65,326.5
data\raw\siena\PN06\PN06-3.edf,EEG Pz,1240.0,20.666666666666668,233.74999999999997
data\raw\siena\PN06\PN06-3.edf,EEG Pz,1240.5,20.675,384.49999999999994
data\raw\siena\PN06\PN06-3.edf,EEG Pz,1241.5,20.691666666666666,208.375
data\raw\siena\PN06\PN06-3.edf,EEG Pz,2048.0,34.13333333333333,205.375
data\raw\siena\PN06\PN06-3.edf,EEG Pz,2048.5,34.141666666666666,208.375
data\raw\siena\PN06\PN06-3.edf,EEG Pz,2049.0,34.15,228.375
data\raw\siena\PN06\PN06-3.edf,EEG Pz,2109.5,35.15833333333333,232.0
data\raw\siena\PN06\PN06-3.edf,EEG Pz,2110.0,35.166666666666664,327.625
data\raw\siena\PN06\PN06-3.edf,EEG Pz,2110.5,35.175,307.25
data\raw\siena\PN06\PN06-3.edf,EEG Pz,2111.0,35.18333333333333,254.125
data\raw\siena\PN06\PN06-3.edf,EEG Pz,2111.5,35.19166666666667,217.5
data\raw\siena\PN06\PN06-3.edf,EEG Pz,2112.0,35.2,203.24999999999997
data\raw\siena\PN06\PN06-3.edf,EEG Pz,2253.5,37.55833333333333,221.37499999999994
data\raw\siena\PN06\PN06-3.edf,EEG Pz,2254.0,37.56666666666667,229.62499999999997
data\raw\siena\PN06\PN06-3.edf,EEG Pz,3294.0,54.9,279.37499999999994
data\raw\siena\PN06\PN06-3.edf,EEG Pz,3294.5,54.90833333333333,360.625
data\raw\siena\PN06\PN06-3.edf,EEG Pz,3295.5,54.925,202.99999999999997
data\raw\siena\PN06\PN06-3.edf,EEG Pz,3296.5,54.94166666666667,272.0
data\raw\siena\PN06\PN06-3.edf,EEG Pz,3298.0,54.96666666666667,213.375
data\raw\siena\PN06\PN06-3.edf,EEG Pz,4678.5,77.975,258.49999999999994
data\raw\siena\PN06\PN06-3.edf,EEG Pz,4679.0,77.98333333333333,258.49999999999994
data\raw\siena\PN06\PN06-3.edf,EEG Pz,4716.5,78.60833333333333,457.5
data\raw\siena\PN06\PN06-3.edf,EEG Pz,4717.0,78.61666666666666,457.5
data\raw\siena\PN06\PN06-3.edf,EEG Pz,4717.5,78.625,228.875
data\raw\siena\PN06\PN06-3.edf,EEG Pz,4718.0,78.63333333333334,250.625
data\raw\siena\PN06\PN06-3.edf,EEG Pz,4719.5,78.65833333333333,334.125
data\raw\siena\PN06\PN06-3.edf,EEG Pz,4720.0,78.66666666666667,497.25
data\raw\siena\PN06\PN06-3.edf,EEG Pz,4720.5,78.675,541.25
data\raw\siena\PN06\PN06-3.edf,EEG Pz,4721.0,78.68333333333334,541.25
data\raw\siena\PN06\PN06-3.edf,EEG Pz,4730.0,78.83333333333333,308.0
data\raw\siena\PN06\PN06-3.edf,EEG Pz,4730.5,78.84166666666667,316.5
data\raw\siena\PN06\PN06-3.edf,EEG Pz,4731.0,78.85,783.2499999999999
data\raw\siena\PN06\PN06-3.edf,EEG Pz,4731.5,78.85833333333333,685.3749999999999
data\raw\siena\PN06\PN06-3.edf,EEG Pz,4732.0,78.86666666666666,378.375
data\raw\siena\PN06\PN06-3.edf,EEG Pz,4732.5,78.875,332.25
data\raw\siena\PN06\PN06-3.edf,EEG Pz,4733.0,78.88333333333334,221.99999999999997
data\raw\siena\PN06\PN06-3.edf,EEG Pz,4733.5,78.89166666666667,253.12499999999997
data\raw\siena\PN06\PN06-3.edf,EEG Pz,4745.5,79.09166666666667,202.0
data\raw\siena\PN06\PN06-3.edf,EEG Pz,4746.0,79.1,206.87499999999997
data\raw\siena\PN06\PN06-3.edf,EEG Pz,4752.5,79.20833333333333,237.625
data\raw\siena\PN06\PN06-3.edf,EEG Pz,4753.0,79.21666666666667,257.25
data\raw\siena\PN06\PN06-3.edf,EEG Pz,4753.5,79.225,208.375
data\raw\siena\PN06\PN06-3.edf,EEG Pz,4754.0,79.23333333333333,221.24999999999994
data\raw\siena\PN06\PN06-3.edf,EEG Pz,4754.5,79.24166666666666,255.24999999999994
data\raw\siena\PN06\PN06-3.edf,EEG Pz,4755.5,79.25833333333334,310.625
data\raw\siena\PN06\PN06-3.edf,EEG Pz,4756.0,79.26666666666667,259.0
data\raw\siena\PN06\PN06-3.edf,EEG Pz,4762.5,79.375,209.00000000000003
data\raw\siena\PN06\PN06-3.edf,EEG Pz,4763.0,79.38333333333334,216.62499999999994
data\raw\siena\PN06\PN06-3.edf,EEG Pz,4763.5,79.39166666666667,305.87499999999994
data\raw\siena\PN06\PN06-3.edf,EEG Pz,4767.0,79.45,224.625
data\raw\siena\PN06\PN06-3.edf,EEG Pz,4768.0,79.46666666666667,273.25
data\raw\siena\PN06\PN06-3.edf,EEG Pz,4768.5,79.475,299.25
data\raw\siena\PN06\PN06-3.edf,EEG Pz,4769.0,79.48333333333333,330.0
data\raw\siena\PN06\PN06-3.edf,EEG Pz,4769.5,79.49166666666666,217.375
data\raw\siena\PN06\PN06-3.edf,EEG Pz,4770.0,79.5,228.25
data\raw\siena\PN06\PN06-3.edf,EEG Pz,4773.5,79.55833333333334,599.0
data\raw\siena\PN06\PN06-3.edf,EEG Pz,4774.0,79.56666666666666,599.0
data\raw\siena\PN06\PN06-3.edf,EEG Pz,4774.5,79.575,252.375
data\raw\siena\PN06\PN06-3.edf,EEG Pz,4775.0,79.58333333333333,688.875
data\raw\siena\PN06\PN06-3.edf,EEG Pz,4775.5,79.59166666666667,688.875
data\raw\siena\PN06\PN06-3.edf,EEG Pz,4776.0,79.6,292.12499999999994
data\raw\siena\PN06\PN06-3.edf,EEG Pz,4784.0,79.73333333333333,310.37499999999994
data\raw\siena\PN06\PN06-3.edf,EEG Pz,4784.5,79.74166666666666,310.37499999999994
data\raw\siena\PN06\PN06-3.edf,EEG Pz,4785.0,79.75,232.25
data\raw\siena\PN06\PN06-3.edf,EEG Pz,7196.0,119.93333333333334,223.625
data\raw\siena\PN06\PN06-3.edf,EEG Pz,7196.5,119.94166666666666,223.625
data\raw\siena\PN06\PN06-3.edf,EEG Pz,7198.0,119.96666666666667,492.25
data\raw\siena\PN06\PN06-3.edf,EEG Pz,7198.5,119.975,1034.875
data\raw\siena\PN06\PN06-3.edf,EEG Pz,7199.0,119.98333333333333,1034.875
data\raw\siena\PN06\PN06-3.edf,EEG Pz,7199.5,119.99166666666666,367.125
data\raw\siena\PN06\PN06-3.edf,EEG Pz,7200.5,120.00833333333334,212.74999999999997
data\raw\siena\PN06\PN06-3.edf,EEG Pz,7201.0,120.01666666666667,252.875
data\raw\siena\PN06\PN06-3.edf,EEG Pz,7201.5,120.025,251.5
data\raw\siena\PN06\PN06-3.edf,EEG Pz,7203.0,120.05,437.49999999999994
data\raw\siena\PN06\PN06-3.edf,EEG Pz,7203.5,120.05833333333334,816.6249999999999
data\raw\siena\PN06\PN06-3.edf,EEG Pz,7204.0,120.06666666666666,978.375
data\raw\siena\PN06\PN06-3.edf,EEG Pz,7204.5,120.075,978.375
data\raw\siena\PN06\PN06-3.edf,EEG Pz,7205.0,120.08333333333333,294.75
data\raw\siena\PN06\PN06-3.edf,EEG Pz,7205.5,120.09166666666667,482.375
data\raw\siena\PN06\PN06-3.edf,EEG Pz,7206.0,120.1,673.1249999999999
data\raw\siena\PN06\PN06-3.edf,EEG Pz,7206.5,120.10833333333333,295.49999999999994
data\raw\siena\PN06\PN06-3.edf,EEG Pz,7207.0,120.11666666666666,735.125
data\raw\siena\PN06\PN06-3.edf,EEG Pz,7207.5,120.125,1295.125
data\raw\siena\PN06\PN06-3.edf,EEG Pz,7208.0,120.13333333333334,741.3749999999999
data\raw\siena\PN06\PN06-3.edf,EEG Pz,7208.5,120.14166666666667,728.0
data\raw\siena\PN06\PN06-3.edf,EEG Pz,7209.0,120.15,267.49999999999994
data\raw\siena\PN06\PN06-3.edf,EEG Pz,7209.5,120.15833333333333,303.24999999999994
data\raw\siena\PN06\PN06-3.edf,EEG Pz,7210.0,120.16666666666667,782.125
data\raw\siena\PN06\PN06-3.edf,EEG Pz,7210.5,120.175,782.125
data\raw\siena\PN06\PN06-3.edf,EEG Pz,7211.0,120.18333333333334,340.75
data\raw\siena\PN06\PN06-3.edf,EEG Pz,7211.5,120.19166666666666,1295.75
data\raw\siena\PN06\PN06-3.edf,EEG Pz,7212.0,120.2,1288.5
data\raw\siena\PN06\PN06-3.edf,EEG Pz,7212.5,120.20833333333333,298.24999999999994
data\raw\siena\PN06\PN06-3.edf,EEG Pz,7551.5,125.85833333333333,214.75
data\raw\siena\PN06\PN06-3.edf,EEG Pz,7553.0,125.88333333333334,1016.2499999999999
data\raw\siena\PN06\PN06-3.edf,EEG Pz,7553.5,125.89166666666667,1050.875
data\raw\siena\PN06\PN06-3.edf,EEG Pz,7680.0,128.0,583.875
data\raw\siena\PN06\PN06-3.edf,EEG Pz,7680.5,128.00833333333333,648.5
data\raw\siena\PN06\PN06-3.edf,EEG Pz,7681.0,128.01666666666668,343.375
data\raw\siena\PN06\PN06-3.edf,EEG Pz,7681.5,128.025,500.625
data\raw\siena\PN06\PN06-3.edf,EEG Pz,7682.0,128.03333333333333,321.5
data\raw\siena\PN06\PN06-3.edf,EEG Pz,7682.5,128.04166666666666,231.875
data\raw\siena\PN06\PN06-3.edf,EEG Pz,7761.5,129.35833333333332,286.125
data\raw\siena\PN06\PN06-3.edf,EEG Pz,7762.0,129.36666666666667,320.625
data\raw\siena\PN06\PN06-3.edf,EEG Pz,7762.5,129.375,285.75
data\raw\siena\PN06\PN06-3.edf,EEG Pz,7946.0,132.43333333333334,238.0
data\raw\siena\PN06\PN06-3.edf,EEG Pz,7956.0,132.6,382.25
data\raw\siena\PN06\PN06-3.edf,EEG Pz,7956.5,132.60833333333332,351.625
data\raw\siena\PN06\PN06-3.edf,EEG Pz,7957.0,132.61666666666667,287.125
data\raw\siena\PN06\PN06-3.edf,EEG Pz,7957.5,132.625,213.125
data\raw\siena\PN06\PN06-3.edf,EEG Pz,7994.0,133.23333333333332,206.375
data\raw\siena\PN06\PN06-3.edf,EEG Pz,7994.5,133.24166666666667,315.25
data\raw\siena\PN06\PN06-3.edf,EEG Pz,8040.0,134.0,215.875
data\raw\siena\PN06\PN06-3.edf,EEG Pz,8044.5,134.075,530.625
data\raw\siena\PN06\PN06-3.edf,EEG Pz,8045.0,134.08333333333334,604.625
data\raw\siena\PN06\PN06-3.edf,EEG Pz,8133.0,135.55,204.875
data\raw\siena\PN06\PN06-3.edf,EEG F4,4710.0,78.5,246.62499999999997
data\raw\siena\PN06\PN06-3.edf,EEG F4,4710.5,78.50833333333334,246.62499999999997
data\raw\siena\PN06\PN06-3.edf,EEG F4,4713.0,78.55,228.625
data\raw\siena\PN06\PN06-3.edf,EEG F4,4713.5,78.55833333333334,264.25
data\raw\siena\PN06\PN06-3.edf,EEG F4,4714.0,78.56666666666666,245.99999999999997
data\raw\siena\PN06\PN06-3.edf,EEG F4,4714.5,78.575,226.75
data\raw\siena\PN06\PN06-3.edf,EEG F4,4728.5,78.80833333333334,330.5
data\raw\siena\PN06\PN06-3.edf,EEG F4,4729.0,78.81666666666666,330.5
data\raw\siena\PN06\PN06-3.edf,EEG F4,4775.0,79.58333333333333,220.25
data\raw\siena\PN06\PN06-3.edf,EEG F4,4775.5,79.59166666666667,220.25
data\raw\siena\PN06\PN06-3.edf,EEG F4,6404.0,106.73333333333333,332.875
data\raw\siena\PN06\PN06-3.edf,EEG F4,6404.5,106.74166666666666,332.875
data\raw\siena\PN06\PN06-3.edf,EEG F4,7533.5,125.55833333333334,323.375
data\raw\siena\PN06\PN06-3.edf,EEG F4,7534.0,125.56666666666666,323.375
data\raw\siena\PN06\PN06-3.edf,EEG F4,7990.5,133.175,322.375
data\raw\siena\PN06\PN06-3.edf,EEG F4,7991.0,133.18333333333334,329.75
data\raw\siena\PN06\PN06-3.edf,EEG F4,7991.5,133.19166666666666,272.375
data\raw\siena\PN06\PN06-3.edf,EEG F4,7993.5,133.225,225.875
data\raw\siena\PN06\PN06-3.edf,EEG F4,7994.0,133.23333333333332,264.375
data\raw\siena\PN06\PN06-3.edf,EEG C4,1204.0,20.066666666666666,215.25
data\raw\siena\PN06\PN06-3.edf,EEG C4,4665.0,77.75,368.625
data\raw\siena\PN06\PN06-3.edf,EEG C4,4665.5,77.75833333333334,287.25
data\raw\siena\PN06\PN06-3.edf,EEG C4,4666.0,77.76666666666667,664.8749999999999
data\raw\siena\PN06\PN06-3.edf,EEG C4,4666.5,77.775,765.625
data\raw\siena\PN06\PN06-3.edf,EEG C4,4667.0,77.78333333333333,419.125
data\raw\siena\PN06\PN06-3.edf,EEG C4,4667.5,77.79166666666667,466.25
data\raw\siena\PN06\PN06-3.edf,EEG C4,4668.0,77.8,222.49999999999997
data\raw\siena\PN06\PN06-3.edf,EEG C4,4668.5,77.80833333333334,226.375
data\raw\siena\PN06\PN06-3.edf,EEG C4,4669.0,77.81666666666666,214.375
data\raw\siena\PN06\PN06-3.edf,EEG C4,4669.5,77.825,208.99999999999997
data\raw\siena\PN06\PN06-3.edf,EEG C4,4670.0,77.83333333333333,364.74999999999994
data\raw\siena\PN06\PN06-3.edf,EEG C4,4670.5,77.84166666666667,247.87499999999994
data\raw\siena\PN06\PN06-3.edf,EEG C4,4730.5,78.84166666666667,224.875
data\raw\siena\PN06\PN06-3.edf,EEG C4,4775.0,79.58333333333333,204.875
data\raw\siena\PN06\PN06-3.edf,EEG C4,4775.5,79.59166666666667,214.0
data\raw\siena\PN06\PN06-3.edf,EEG P4,244.5,4.075,282.125
data\raw\siena\PN06\PN06-3.edf,EEG P4,245.0,4.083333333333333,1496.625
data\raw\siena\PN06\PN06-3.edf,EEG P4,245.5,4.091666666666667,2735.5
data\raw\siena\PN06\PN06-3.edf,EEG P4,246.0,4.1,2189.8749999999995
data\raw\siena\PN06\PN06-3.edf,EEG P4,246.5,4.108333333333333,682.3749999999995
data\raw\siena\PN06\PN06-3.edf,EEG P4,247.0,4.116666666666666,507.0
data\raw\siena\PN06\PN06-3.edf,EEG P4,247.5,4.125,1323.5000000000005
data\raw\siena\PN06\PN06-3.edf,EEG P4,248.0,4.133333333333334,1756.25
data\raw\siena\PN06\PN06-3.edf,EEG P4,248.5,4.141666666666667,1620.7499999999995
data\raw\siena\PN06\PN06-3.edf,EEG P4,249.0,4.15,1450.0
data\raw\siena\PN06\PN06-3.edf,EEG P4,1202.0,20.033333333333335,412.25
data\raw\siena\PN06\PN06-3.edf,EEG P4,1202.5,20.041666666666668,326.125
data\raw\siena\PN06\PN06-3.edf,EEG P4,1203.0,20.05,1173.5
data\raw\siena\PN06\PN06-3.edf,EEG P4,1203.5,20.058333333333334,1653.2499999999998
data\raw\siena\PN06\PN06-3.edf,EEG P4,1204.0,20.066666666666666,1448.7499999999998
data\raw\siena\PN06\PN06-3.edf,EEG P4,1204.5,20.075,1161.875
data\raw\siena\PN06\PN06-3.edf,EEG P4,1205.0,20.083333333333332,583.375
data\raw\siena\PN06\PN06-3.edf,EEG P4,1205.5,20.091666666666665,206.50000000000023
data\raw\siena\PN06\PN06-3.edf,EEG P4,1206.0,20.1,614.3749999999998
data\raw\siena\PN06\PN06-3.edf,EEG P4,1206.5,20.108333333333334,880.3749999999998
data\raw\siena\PN06\PN06-3.edf,EEG P4,1207.0,20.116666666666667,915.1249999999999
data\raw\siena\PN06\PN06-3.edf,EEG P4,1207.5,20.125,841.9999999999999
data\raw\siena\PN06\PN06-3.edf,EEG P4,1208.0,20.133333333333333,660.125
data\raw\siena\PN06\PN06-3.edf,EEG P4,1208.5,20.141666666666666,329.62499999999994
data\raw\siena\PN06\PN06-3.edf,EEG P4,2112.0,35.2,305.25
data\raw\siena\PN06\PN06-3.edf,EEG P4,2112.5,35.208333333333336,212.37499999999997
data\raw\siena\PN06\PN06-3.edf,EEG P4,2254.0,37.56666666666667,207.0
data\raw\siena\PN06\PN06-3.edf,EEG P4,3296.0,54.93333333333333,223.5
data\raw\siena\PN06\PN06-3.edf,EEG P4,3296.5,54.94166666666667,274.375
data\raw\siena\PN06\PN06-3.edf,EEG P4,3297.0,54.95,257.375
data\raw\siena\PN06\PN06-3.edf,EEG P4,3297.5,54.958333333333336,226.125
data\raw\siena\PN06\PN06-3.edf,EEG P4,3298.0,54.96666666666667,311.125
data\raw\siena\PN06\PN06-3.edf,EEG P4,3298.5,54.975,335.125
data\raw\siena\PN06\PN06-3.edf,EEG P4,4665.0,77.75,200.25
data\raw\siena\PN06\PN06-3.edf,EEG P4,4665.5,77.75833333333334,421.99999999999994
data\raw\siena\PN06\PN06-3.edf,EEG P4,4666.0,77.76666666666667,361.24999999999994
data\raw\siena\PN06\PN06-3.edf,EEG P4,4666.5,77.775,270.62499999999994
data\raw\siena\PN06\PN06-3.edf,EEG P4,4667.0,77.78333333333333,223.74999999999994
data\raw\siena\PN06\PN06-3.edf,EEG P4,4667.5,77.79166666666667,206.375
data\raw\siena\PN06\PN06-3.edf,EEG P4,4670.0,77.83333333333333,228.12499999999997
data\raw\siena\PN06\PN06-3.edf,EEG P4,4673.5,77.89166666666667,235.25
data\raw\siena\PN06\PN06-3.edf,EEG P4,4674.0,77.9,395.62499999999994
data\raw\siena\PN06\PN06-3.edf,EEG P4,4675.0,77.91666666666667,202.75
data\raw\siena\PN06\PN06-3.edf,EEG P4,4677.5,77.95833333333333,265.0
data\raw\siena\PN06\PN06-3.edf,EEG P4,4678.0,77.96666666666667,210.37499999999997
data\raw\siena\PN06\PN06-3.edf,EEG P4,4775.5,79.59166666666667,233.25
data\raw\siena\PN06\PN06-3.edf,EEG P4,7207.5,120.125,244.0
data\raw\siena\PN06\PN06-3.edf,EEG P4,7208.5,120.14166666666667,219.0
data\raw\siena\PN06\PN06-3.edf,EEG P4,7209.0,120.15,211.875
data\raw\siena\PN06\PN06-3.edf,EEG P4,7215.5,120.25833333333334,227.125
data\raw\siena\PN06\PN06-3.edf,EEG O2,244.0,4.066666666666666,204.74999999999997
data\raw\siena\PN06\PN06-3.edf,EEG O2,244.5,4.075,544.625
data\raw\siena\PN06\PN06-3.edf,EEG O2,245.0,4.083333333333333,918.125
data\raw\siena\PN06\PN06-3.edf,EEG O2,245.5,4.091666666666667,404.875
data\raw\siena\PN06\PN06-3.edf,EEG O2,246.0,4.1,344.875
data\raw\siena\PN06\PN06-3.edf,EEG O2,246.5,4.108333333333333,346.375
data\raw\siena\PN06\PN06-3.edf,EEG O2,247.5,4.125,218.24999999999994
data\raw\siena\PN06\PN06-3.edf,EEG O2,248.0,4.133333333333334,303.87499999999994
data\raw\siena\PN06\PN06-3.edf,EEG O2,248.5,4.141666666666667,292.0
data\raw\siena\PN06\PN06-3.edf,EEG O2,1202.0,20.033333333333335,372.74999999999994
data\raw\siena\PN06\PN06-3.edf,EEG O2,1202.5,20.041666666666668,317.375
data\raw\siena\PN06\PN06-3.edf,EEG O2,1203.0,20.05,206.625
data\raw\siena\PN06\PN06-3.edf,EEG O2,1203.5,20.058333333333334,476.2499999999999
data\raw\siena\PN06\PN06-3.edf,EEG O2,1204.0,20.066666666666666,446.1249999999999
data\raw\siena\PN06\PN06-3.edf,EEG O2,1204.5,20.075,425.37499999999994
data\raw\siena\PN06\PN06-3.edf,EEG O2,1205.0,20.083333333333332,273.49999999999994
data\raw\siena\PN06\PN06-3.edf,EEG O2,1205.5,20.091666666666665,440.62500000000006
data\raw\siena\PN06\PN06-3.edf,EEG O2,1206.0,20.1,355.5
data\raw\siena\PN06\PN06-3.edf,EEG O2,1206.5,20.108333333333334,280.625
data\raw\siena\PN06\PN06-3.edf,EEG O2,2048.0,34.13333333333333,238.625
data\raw\siena\PN06\PN06-3.edf,EEG O2,2048.5,34.141666666666666,242.875
data\raw\siena\PN06\PN06-3.edf,EEG O2,2049.0,34.15,260.75
data\raw\siena\PN06\PN06-3.edf,EEG O2,2049.5,34.15833333333333,294.875
data\raw\siena\PN06\PN06-3.edf,EEG O2,2107.5,35.125,209.25
data\raw\siena\PN06\PN06-3.edf,EEG O2,2111.0,35.18333333333333,354.24999999999994
data\raw\siena\PN06\PN06-3.edf,EEG O2,2111.5,35.19166666666667,289.375
data\raw\siena\PN06\PN06-3.edf,EEG O2,2112.0,35.2,228.75000000000003
data\raw\siena\PN06\PN06-3.edf,EEG O2,2112.5,35.208333333333336,530.125
data\raw\siena\PN06\PN06-3.edf,EEG O2,2113.0,35.21666666666667,348.75
data\raw\siena\PN06\PN06-3.edf,EEG O2,2162.0,36.03333333333333,228.875
data\raw\siena\PN06\PN06-3.edf,EEG O2,2162.5,36.041666666666664,214.125
data\raw\siena\PN06\PN06-3.edf,EEG O2,2223.0,37.05,211.25
data\raw\siena\PN06\PN06-3.edf,EEG O2,2223.5,37.05833333333333,212.375
data\raw\siena\PN06\PN06-3.edf,EEG O2,2253.5,37.55833333333333,263.75
data\raw\siena\PN06\PN06-3.edf,EEG O2,2254.0,37.56666666666667,304.99999999999994
data\raw\siena\PN06\PN06-3.edf,EEG O2,2254.5,37.575,251.875
data\raw\siena\PN06\PN06-3.edf,EEG O2,3075.0,51.25,208.25
data\raw\siena\PN06\PN06-3.edf,EEG O2,3286.0,54.766666666666666,275.5
data\raw\siena\PN06\PN06-3.edf,EEG O2,3286.5,54.775,275.5
data\raw\siena\PN06\PN06-3.edf,EEG O2,3291.5,54.858333333333334,212.625
data\raw\siena\PN06\PN06-3.edf,EEG O2,3294.0,54.9,559.125
data\raw\siena\PN06\PN06-3.edf,EEG O2,3294.5,54.90833333333333,468.125
data\raw\siena\PN06\PN06-3.edf,EEG O2,3295.0,54.916666666666664,237.625
data\raw\siena\PN06\PN06-3.edf,EEG O2,3296.0,54.93333333333333,1111.375
data\raw\siena\PN06\PN06-3.edf,EEG O2,3296.5,54.94166666666667,1090.75
data\raw\siena\PN06\PN06-3.edf,EEG O2,3297.0,54.95,1273.0
data\raw\siena\PN06\PN06-3.edf,EEG O2,3297.5,54.958333333333336,1094.125
data\raw\siena\PN06\PN06-3.edf,EEG O2,3298.0,54.96666666666667,1345.0
data\raw\siena\PN06\PN06-3.edf,EEG O2,3298.5,54.975,275.0
data\raw\siena\PN06\PN06-3.edf,EEG O2,3299.0,54.983333333333334,395.0
data\raw\siena\PN06\PN06-3.edf,EEG O2,3299.5,54.99166666666667,311.0
data\raw\siena\PN06\PN06-3.edf,EEG O2,3300.0,55.0,278.125
data\raw\siena\PN06\PN06-3.edf,EEG O2,3300.5,55.00833333333333,222.25
data\raw\siena\PN06\PN06-3.edf,EEG O2,4678.0,77.96666666666667,224.875
data\raw\siena\PN06\PN06-3.edf,EEG O2,4683.5,78.05833333333334,224.75
data\raw\siena\PN06\PN06-3.edf,EEG O2,4732.5,78.875,274.625
data\raw\siena\PN06\PN06-3.edf,EEG O2,4733.0,78.88333333333334,214.75
data\raw\siena\PN06\PN06-3.edf,EEG O2,4734.5,78.90833333333333,214.25
data\raw\siena\PN06\PN06-3.edf,EEG O2,4753.5,79.225,200.5
data\raw\siena\PN06\PN06-3.edf,EEG O2,4754.0,79.23333333333333,206.0
data\raw\siena\PN06\PN06-3.edf,EEG O2,4754.5,79.24166666666666,206.0
data\raw\siena\PN06\PN06-3.edf,EEG O2,4775.5,79.59166666666667,219.5
data\raw\siena\PN06\PN06-3.edf,EEG O2,7198.0,119.96666666666667,217.375
data\raw\siena\PN06\PN06-3.edf,EEG O2,7198.5,119.975,382.625
data\raw\siena\PN06\PN06-3.edf,EEG O2,7199.0,119.98333333333333,328.25
data\raw\siena\PN06\PN06-3.edf,EEG O2,7199.5,119.99166666666666,343.625
data\raw\siena\PN06\PN06-3.edf,EEG O2,7204.0,120.06666666666666,205.5
data\raw\siena\PN06\PN06-3.edf,EEG O2,7204.5,120.075,209.75
data\raw\siena\PN06\PN06-3.edf,EEG O2,7205.5,120.09166666666667,292.625
data\raw\siena\PN06\PN06-3.edf,EEG O2,7206.0,120.1,311.24999999999994
data\raw\siena\PN06\PN06-3.edf,EEG O2,7206.5,120.10833333333333,247.625
data\raw\siena\PN06\PN06-3.edf,EEG O2,7207.5,120.125,508.74999999999994
data\raw\siena\PN06\PN06-3.edf,EEG O2,7208.0,120.13333333333334,576.75
data\raw\siena\PN06\PN06-3.edf,EEG O2,7208.5,120.14166666666667,255.875
data\raw\siena\PN06\PN06-3.edf,EEG O2,7211.0,120.18333333333334,221.875
data\raw\siena\PN06\PN06-3.edf,EEG O2,7211.5,120.19166666666666,319.25
data\raw\siena\PN06\PN06-3.edf,EEG O2,7212.0,120.2,346.75
data\raw\siena\PN06\PN06-3.edf,EEG O2,7212.5,120.20833333333333,716.125
data\raw\siena\PN06\PN06-3.edf,EEG O2,7213.0,120.21666666666667,431.625
data\raw\siena\PN06\PN06-3.edf,EEG O2,7214.0,120.23333333333333,279.37500000000006
data\raw\siena\PN06\PN06-3.edf,EEG O2,7214.5,120.24166666666666,292.0
data\raw\siena\PN06\PN06-3.edf,EEG O2,7215.0,120.25,240.625
data\raw\siena\PN06\PN06-3.edf,EEG O2,7551.5,125.85833333333333,305.125
data\raw\siena\PN06\PN06-3.edf,EEG O2,7552.0,125.86666666666666,303.625
data\raw\siena\PN06\PN06-3.edf,EEG O2,7554.0,125.9,378.5
data\raw\siena\PN06\PN06-3.edf,EEG O2,7554.5,125.90833333333333,501.4999999999999
data\raw\siena\PN06\PN06-3.edf,EEG O2,7679.5,127.99166666666666,309.875
data\raw\siena\PN06\PN06-3.edf,EEG O2,7680.0,128.0,256.125
data\raw\siena\PN06\PN06-3.edf,EEG O2,7681.0,128.01666666666668,204.37499999999994
data\raw\siena\PN06\PN06-3.edf,EEG O2,7681.5,128.025,329.49999999999994
data\raw\siena\PN06\PN06-3.edf,EEG O2,7956.0,132.6,208.37499999999997
data\raw\siena\PN06\PN06-3.edf,EEG O2,7956.5,132.60833333333332,248.99999999999997
data\raw\siena\PN06\PN06-3.edf,EEG O2,7957.5,132.625,240.25
data\raw\siena\PN06\PN06-3.edf,EEG F8,1204.0,20.066666666666666,205.75
data\raw\siena\PN06\PN06-3.edf,EEG F8,1241.5,20.691666666666666,243.62499999999994
data\raw\siena\PN06\PN06-3.edf,EEG F8,1242.0,20.7,243.62499999999994
data\raw\siena\PN06\PN06-3.edf,EEG F8,2049.0,34.15,202.375
data\raw\siena\PN06\PN06-3.edf,EEG F8,2049.5,34.15833333333333,202.375
data\raw\siena\PN06\PN06-3.edf,EEG F8,4673.5,77.89166666666667,216.5
data\raw\siena\PN06\PN06-3.edf,EEG F8,4674.0,77.9,216.5
data\raw\siena\PN06\PN06-3.edf,EEG F8,4674.5,77.90833333333333,229.0
data\raw\siena\PN06\PN06-3.edf,EEG F8,4675.0,77.91666666666667,249.25
data\raw\siena\PN06\PN06-3.edf,EEG F8,4675.5,77.925,231.125
data\raw\siena\PN06\PN06-3.edf,EEG F8,4676.0,77.93333333333334,231.125
data\raw\siena\PN06\PN06-3.edf,EEG F8,4677.0,77.95,248.375
data\raw\siena\PN06\PN06-3.edf,EEG F8,4677.5,77.95833333333333,261.125
data\raw\siena\PN06\PN06-3.edf,EEG F8,4683.5,78.05833333333334,238.99999999999997
data\raw\siena\PN06\PN06-3.edf,EEG F8,4684.0,78.06666666666666,213.12499999999997
data\raw\siena\PN06\PN06-3.edf,EEG F8,4709.5,78.49166666666666,219.12499999999997
data\raw\siena\PN06\PN06-3.edf,EEG F8,4710.0,78.5,396.37499999999994
data\raw\siena\PN06\PN06-3.edf,EEG F8,4710.5,78.50833333333334,396.37499999999994
data\raw\siena\PN06\PN06-3.edf,EEG F8,4712.0,78.53333333333333,227.0
data\raw\siena\PN06\PN06-3.edf,EEG F8,4712.5,78.54166666666667,214.37499999999997
data\raw\siena\PN06\PN06-3.edf,EEG F8,4713.0,78.55,350.125
data\raw\siena\PN06\PN06-3.edf,EEG F8,4713.5,78.55833333333334,350.125
data\raw\siena\PN06\PN06-3.edf,EEG F8,4714.0,78.56666666666666,303.75
data\raw\siena\PN06\PN06-3.edf,EEG F8,4714.5,78.575,253.25
data\raw\siena\PN06\PN06-3.edf,EEG F8,4717.0,78.61666666666666,269.375
data\raw\siena\PN06\PN06-3.edf,EEG F8,4717.5,78.625,272.12499999999994
data\raw\siena\PN06\PN06-3.edf,EEG F8,4723.0,78.71666666666667,210.875
data\raw\siena\PN06\PN06-3.edf,EEG F8,4732.5,78.875,204.75
data\raw\siena\PN06\PN06-3.edf,EEG F8,4740.0,79.0,225.99999999999994
data\raw\siena\PN06\PN06-3.edf,EEG F8,4745.0,79.08333333333333,235.0
data\raw\siena\PN06\PN06-3.edf,EEG F8,4745.5,79.09166666666667,235.0
data\raw\siena\PN06\PN06-3.edf,EEG F8,4749.0,79.15,217.99999999999994
data\raw\siena\PN06\PN06-3.edf,EEG F8,4750.0,79.16666666666667,232.25
data\raw\siena\PN06\PN06-3.edf,EEG F8,4750.5,79.175,204.375
data\raw\siena\PN06\PN06-3.edf,EEG F8,4751.5,79.19166666666666,208.125
data\raw\siena\PN06\PN06-3.edf,EEG F8,4752.0,79.2,236.12499999999994
data\raw\siena\PN06\PN06-3.edf,EEG F8,4752.5,79.20833333333333,266.75
data\raw\siena\PN06\PN06-3.edf,EEG F8,4753.0,79.21666666666667,210.125
data\raw\siena\PN06\PN06-3.edf,EEG F8,4757.5,79.29166666666667,207.74999999999994
data\raw\siena\PN06\PN06-3.edf,EEG F8,4761.0,79.35,348.62499999999994
data\raw\siena\PN06\PN06-3.edf,EEG F8,4761.5,79.35833333333333,424.375
data\raw\siena\PN06\PN06-3.edf,EEG F8,4762.0,79.36666666666666,338.875
data\raw\siena\PN06\PN06-3.edf,EEG F8,4763.0,79.38333333333334,212.5
data\raw\siena\PN06\PN06-3.edf,EEG F8,4763.5,79.39166666666667,252.875
data\raw\siena\PN06\PN06-3.edf,EEG F8,4764.0,79.4,207.375
data\raw\siena\PN06\PN06-3.edf,EEG F8,4764.5,79.40833333333333,275.0
data\raw\siena\PN06\PN06-3.edf,EEG F8,4765.5,79.425,249.49999999999997
data\raw\siena\PN06\PN06-3.edf,EEG F8,4767.0,79.45,307.87499999999994
data\raw\siena\PN06\PN06-3.edf,EEG F8,4767.5,79.45833333333333,301.625
data\raw\siena\PN06\PN06-3.edf,EEG F8,4768.0,79.46666666666667,239.5
data\raw\siena\PN06\PN06-3.edf,EEG F8,4768.5,79.475,279.625
data\raw\siena\PN06\PN06-3.edf,EEG F8,4769.0,79.48333333333333,318.875
data\raw\siena\PN06\PN06-3.edf,EEG F8,4769.5,79.49166666666666,257.625
data\raw\siena\PN06\PN06-3.edf,EEG F8,4770.0,79.5,505.375
data\raw\siena\PN06\PN06-3.edf,EEG F8,4770.5,79.50833333333334,270.75
data\raw\siena\PN06\PN06-3.edf,EEG F8,4771.0,79.51666666666667,288.25
data\raw\siena\PN06\PN06-3.edf,EEG F8,4772.0,79.53333333333333,210.375
data\raw\siena\PN06\PN06-3.edf,EEG F8,4772.5,79.54166666666667,215.37499999999997
data\raw\siena\PN06\PN06-3.edf,EEG F8,4775.0,79.58333333333333,218.87499999999997
data\raw\siena\PN06\PN06-3.edf,EEG F8,4775.5,79.59166666666667,218.87499999999997
data\raw\siena\PN06\PN06-3.edf,EEG F8,4779.0,79.65,381.5
data\raw\siena\PN06\PN06-3.edf,EEG F8,4779.5,79.65833333333333,263.125
data\raw\siena\PN06\PN06-3.edf,EEG F8,4780.0,79.66666666666667,319.625
data\raw\siena\PN06\PN06-3.edf,EEG F8,4780.5,79.675,207.49999999999997
data\raw\siena\PN06\PN06-3.edf,EEG F8,4783.5,79.725,222.875
data\raw\siena\PN06\PN06-3.edf,EEG F8,4784.5,79.74166666666666,200.375
data\raw\siena\PN06\PN06-3.edf,EEG F8,4790.0,79.83333333333333,220.75
data\raw\siena\PN06\PN06-3.edf,EEG F8,4791.0,79.85,279.375
data\raw\siena\PN06\PN06-3.edf,EEG F8,6294.5,104.90833333333333,262.0
data\raw\siena\PN06\PN06-3.edf,EEG F8,6295.0,104.91666666666667,262.0
data\raw\siena\PN06\PN06-3.edf,EEG F8,6295.5,104.925,202.375
data\raw\siena\PN06\PN06-3.edf,EEG F8,6384.0,106.4,207.87499999999997
data\raw\siena\PN06\PN06-3.edf,EEG F8,6384.5,106.40833333333333,208.62499999999997
data\raw\siena\PN06\PN06-3.edf,EEG F8,6385.0,106.41666666666667,219.125
data\raw\siena\PN06\PN06-3.edf,EEG F8,6388.5,106.475,234.75
data\raw\siena\PN06\PN06-3.edf,EEG F8,6404.0,106.73333333333333,224.75
data\raw\siena\PN06\PN06-3.edf,EEG F8,6404.5,106.74166666666666,224.375
data\raw\siena\PN06\PN06-3.edf,EEG F8,7193.5,119.89166666666667,202.625
data\raw\siena\PN06\PN06-3.edf,EEG F8,7409.5,123.49166666666666,216.0
data\raw\siena\PN06\PN06-3.edf,EEG F8,7410.0,123.5,216.0
data\raw\siena\PN06\PN06-3.edf,EEG F8,7533.5,125.55833333333334,211.625
data\raw\siena\PN06\PN06-3.edf,EEG F8,7534.0,125.56666666666666,207.25
data\raw\siena\PN06\PN06-3.edf,EEG F8,7991.0,133.18333333333334,210.0
data\raw\siena\PN06\PN06-3.edf,EEG F8,7991.5,133.19166666666666,210.0
data\raw\siena\PN06\PN06-3.edf,EEG T4,1204.0,20.066666666666666,246.375
data\raw\siena\PN06\PN06-3.edf,EEG T4,1204.5,20.075,211.25
data\raw\siena\PN06\PN06-3.edf,EEG T4,2049.0,34.15,210.5
data\raw\siena\PN06\PN06-3.edf,EEG T4,2049.5,34.15833333333333,225.625
data\raw\siena\PN06\PN06-3.edf,EEG T4,3292.5,54.875,211.75
data\raw\siena\PN06\PN06-3.edf,EEG T4,3320.5,55.34166666666667,230.0
data\raw\siena\PN06\PN06-3.edf,EEG T4,3321.0,55.35,218.5
data\raw\siena\PN06\PN06-3.edf,EEG T4,4666.0,77.76666666666667,507.87499999999994
data\raw\siena\PN06\PN06-3.edf,EEG T4,4666.5,77.775,445.37499999999994
data\raw\siena\PN06\PN06-3.edf,EEG T4,4667.0,77.78333333333333,537.5
data\raw\siena\PN06\PN06-3.edf,EEG T4,4674.5,77.90833333333333,214.375
data\raw\siena\PN06\PN06-3.edf,EEG T4,4675.0,77.91666666666667,222.375
data\raw\siena\PN06\PN06-3.edf,EEG T4,4675.5,77.925,210.37499999999994
data\raw\siena\PN06\PN06-3.edf,EEG T4,4677.0,77.95,219.125
data\raw\siena\PN06\PN06-3.edf,EEG T4,4677.5,77.95833333333333,210.0
data\raw\siena\PN06\PN06-3.edf,EEG T4,4683.0,78.05,246.5
data\raw\siena\PN06\PN06-3.edf,EEG T4,4683.5,78.05833333333334,246.5
data\raw\siena\PN06\PN06-3.edf,EEG T4,4709.5,78.49166666666666,208.75
data\raw\siena\PN06\PN06-3.edf,EEG T4,4710.0,78.5,272.375
data\raw\siena\PN06\PN06-3.edf,EEG T4,4710.5,78.50833333333334,288.25
data\raw\siena\PN06\PN06-3.edf,EEG T4,4713.0,78.55,269.87499999999994
data\raw\siena\PN06\PN06-3.edf,EEG T4,4713.5,78.55833333333334,269.87499999999994
data\raw\siena\PN06\PN06-3.edf,EEG T4,4714.0,78.56666666666666,230.25
data\raw\siena\PN06\PN06-3.edf,EEG T4,4758.0,79.3,205.87499999999994
data\raw\siena\PN06\PN06-3.edf,EEG T4,4761.5,79.35833333333333,282.375
data\raw\siena\PN06\PN06-3.edf,EEG T4,4763.0,79.38333333333334,205.625
data\raw\siena\PN06\PN06-3.edf,EEG T4,4763.5,79.39166666666667,285.75
data\raw\siena\PN06\PN06-3.edf,EEG T4,4767.0,79.45,278.875
data\raw\siena\PN06\PN06-3.edf,EEG T4,4767.5,79.45833333333333,201.125
data\raw\siena\PN06\PN06-3.edf,EEG T4,4768.0,79.46666666666667,265.74999999999994
data\raw\siena\PN06\PN06-3.edf,EEG T4,4768.5,79.475,253.62499999999997
data\raw\siena\PN06\PN06-3.edf,EEG T4,4770.0,79.5,346.75
data\raw\siena\PN06\PN06-3.edf,EEG T4,4770.5,79.50833333333334,261.75
data\raw\siena\PN06\PN06-3.edf,EEG T4,4771.0,79.51666666666667,262.25
data\raw\siena\PN06\PN06-3.edf,EEG T4,4771.5,79.525,202.875
data\raw\siena\PN06\PN06-3.edf,EEG T4,4775.0,79.58333333333333,209.125
data\raw\siena\PN06\PN06-3.edf,EEG T4,4775.5,79.59166666666667,235.125
data\raw\siena\PN06\PN06-3.edf,EEG T4,4779.0,79.65,290.125
data\raw\siena\PN06\PN06-3.edf,EEG T4,4779.5,79.65833333333333,287.125
data\raw\siena\PN06\PN06-3.edf,EEG T4,4780.0,79.66666666666667,394.25
data\raw\siena\PN06\PN06-3.edf,EEG T4,4780.5,79.675,313.37499999999994
data\raw\siena\PN06\PN06-3.edf,EEG T4,4783.5,79.725,224.12499999999997
data\raw\siena\PN06\PN06-3.edf,EEG T4,4785.0,79.75,224.37499999999997
data\raw\siena\PN06\PN06-3.edf,EEG T4,4790.0,79.83333333333333,267.125
data\raw\siena\PN06\PN06-3.edf,EEG T4,4790.5,79.84166666666667,246.25
data\raw\siena\PN06\PN06-3.edf,EEG T4,4791.0,79.85,332.625
data\raw\siena\PN06\PN06-3.edf,EEG T4,4791.5,79.85833333333333,242.875
data\raw\siena\PN06\PN06-3.edf,EEG T4,4812.5,80.20833333333333,332.75
data\raw\siena\PN06\PN06-3.edf,EEG T4,6393.5,106.55833333333334,201.5
data\raw\siena\PN06\PN06-3.edf,EEG T4,6398.0,106.63333333333334,203.5
data\raw\siena\PN06\PN06-3.edf,EEG T6,1204.0,20.066666666666666,229.62499999999997
data\raw\siena\PN06\PN06-3.edf,EEG T6,2048.0,34.13333333333333,214.5
data\raw\siena\PN06\PN06-3.edf,EEG T6,2048.5,34.141666666666666,218.24999999999997
data\raw\siena\PN06\PN06-3.edf,EEG T6,2049.0,34.15,262.875
data\raw\siena\PN06\PN06-3.edf,EEG T6,2049.5,34.15833333333333,285.0
data\raw\siena\PN06\PN06-3.edf,EEG T6,2111.5,35.19166666666667,300.0
data\raw\siena\PN06\PN06-3.edf,EEG T6,2112.0,35.2,246.25
data\raw\siena\PN06\PN06-3.edf,EEG T6,2112.5,35.208333333333336,227.5
data\raw\siena\PN06\PN06-3.edf,EEG T6,2113.0,35.21666666666667,217.5
data\raw\siena\PN06\PN06-3.edf,EEG T6,2162.0,36.03333333333333,227.75
data\raw\siena\PN06\PN06-3.edf,EEG T6,2162.5,36.041666666666664,204.625
data\raw\siena\PN06\PN06-3.edf,EEG T6,2223.0,37.05,204.25
data\raw\siena\PN06\PN06-3.edf,EEG T6,2223.5,37.05833333333333,204.25
data\raw\siena\PN06\PN06-3.edf,EEG T6,2253.5,37.55833333333333,234.75
data\raw\siena\PN06\PN06-3.edf,EEG T6,2254.0,37.56666666666667,276.75
data\raw\siena\PN06\PN06-3.edf,EEG T6,2254.5,37.575,221.125
data\raw\siena\PN06\PN06-3.edf,EEG T6,3286.0,54.766666666666666,255.74999999999997
data\raw\siena\PN06\PN06-3.edf,EEG T6,3286.5,54.775,255.74999999999997
data\raw\siena\PN06\PN06-3.edf,EEG T6,3291.5,54.858333333333334,225.375
data\raw\siena\PN06\PN06-3.edf,EEG T6,3292.5,54.875,200.375
data\raw\siena\PN06\PN06-3.edf,EEG T6,3295.0,54.916666666666664,205.625
data\raw\siena\PN06\PN06-3.edf,EEG T6,3297.0,54.95,225.375
data\raw\siena\PN06\PN06-3.edf,EEG T6,3297.5,54.958333333333336,257.875
data\raw\siena\PN06\PN06-3.edf,EEG T6,3298.0,54.96666666666667,345.125
data\raw\siena\PN06\PN06-3.edf,EEG T6,3298.5,54.975,216.125
data\raw\siena\PN06\PN06-3.edf,EEG T6,3299.0,54.983333333333334,215.375
data\raw\siena\PN06\PN06-3.edf,EEG T6,4681.5,78.025,204.12499999999997
data\raw\siena\PN06\PN06-3.edf,EEG T6,4682.0,78.03333333333333,204.12499999999997
data\raw\siena\PN06\PN06-3.edf,EEG T6,4682.5,78.04166666666667,200.625
data\raw\siena\PN06\PN06-3.edf,EEG T6,4683.5,78.05833333333334,230.75
data\raw\siena\PN06\PN06-3.edf,EEG T6,4732.5,78.875,208.0
data\raw\siena\PN06\PN06-3.edf,EEG T6,4766.5,79.44166666666666,207.375
data\raw\siena\PN06\PN06-3.edf,EEG T6,4767.0,79.45,219.5
data\raw\siena\PN06\PN06-3.edf,EEG T6,4775.0,79.58333333333333,208.49999999999997
data\raw\siena\PN06\PN06-3.edf,EEG T6,4775.5,79.59166666666667,237.87499999999997
data\raw\siena\PN06\PN06-3.edf,EEG T6,4788.5,79.80833333333334,246.74999999999997
data\raw\siena\PN06\PN06-3.edf,EEG T6,4789.0,79.81666666666666,246.74999999999997
data\raw\siena\PN06\PN06-3.edf,EEG Fc2,1204.0,20.066666666666666,214.12499999999997
data\raw\siena\PN06\PN06-3.edf,EEG Fc2,4775.0,79.58333333333333,212.75
data\raw\siena\PN06\PN06-3.edf,EEG Fc2,4775.5,79.59166666666667,216.0
data\raw\siena\PN06\PN06-3.edf,EEG Fc6,248.5,4.141666666666667,229.24999999999997
data\raw\siena\PN06\PN06-3.edf,EEG Fc6,249.0,4.15,229.24999999999997
data\raw\siena\PN06\PN06-3.edf,EEG Fc6,1203.5,20.058333333333334,202.375
data\raw\siena\PN06\PN06-3.edf,EEG Fc6,1204.0,20.066666666666666,248.75
data\raw\siena\PN06\PN06-3.edf,EEG Fc6,1204.5,20.075,219.99999999999997
data\raw\siena\PN06\PN06-3.edf,EEG Fc6,1242.0,20.7,298.375
data\raw\siena\PN06\PN06-3.edf,EEG Fc6,1242.5,20.708333333333332,298.375
data\raw\siena\PN06\PN06-3.edf,EEG Fc6,4665.5,77.75833333333334,212.12499999999997
data\raw\siena\PN06\PN06-3.edf,EEG Fc6,4666.0,77.76666666666667,1325.125
data\raw\siena\PN06\PN06-3.edf,EEG Fc6,4666.5,77.775,1155.375
data\raw\siena\PN06\PN06-3.edf,EEG Fc6,4667.0,77.78333333333333,1388.875
data\raw\siena\PN06\PN06-3.edf,EEG Fc6,4667.5,77.79166666666667,912.8749999999999
data\raw\siena\PN06\PN06-3.edf,EEG Fc6,4668.0,77.8,276.125
data\raw\siena\PN06\PN06-3.edf,EEG Fc6,4673.0,77.88333333333334,212.0
data\raw\siena\PN06\PN06-3.edf,EEG Fc6,4673.5,77.89166666666667,282.5
data\raw\siena\PN06\PN06-3.edf,EEG Fc6,4674.0,77.9,284.5
data\raw\siena\PN06\PN06-3.edf,EEG Fc6,4674.5,77.90833333333333,309.75
data\raw\siena\PN06\PN06-3.edf,EEG Fc6,4675.0,77.91666666666667,309.75
data\raw\siena\PN06\PN06-3.edf,EEG Fc6,4675.5,77.925,288.25
data\raw\siena\PN06\PN06-3.edf,EEG Fc6,4676.0,77.93333333333334,278.875
data\raw\siena\PN06\PN06-3.edf,EEG Fc6,4676.5,77.94166666666666,288.625
data\raw\siena\PN06\PN06-3.edf,EEG Fc6,4677.0,77.95,312.875
data\raw\siena\PN06\PN06-3.edf,EEG Fc6,4677.5,77.95833333333333,283.625
data\raw\siena\PN06\PN06-3.edf,EEG Fc6,4678.0,77.96666666666667,230.125
data\raw\siena\PN06\PN06-3.edf,EEG Fc6,4683.5,78.05833333333334,276.5
data\raw\siena\PN06\PN06-3.edf,EEG Fc6,4684.0,78.06666666666666,221.125
data\raw\siena\PN06\PN06-3.edf,EEG Fc6,4709.5,78.49166666666666,302.125
data\raw\siena\PN06\PN06-3.edf,EEG Fc6,4710.0,78.5,359.625
data\raw\siena\PN06\PN06-3.edf,EEG Fc6,4710.5,78.50833333333334,359.625
data\raw\siena\PN06\PN06-3.edf,EEG Fc6,4712.0,78.53333333333333,323.0
data\raw\siena\PN06\PN06-3.edf,EEG Fc6,4712.5,78.54166666666667,323.0
data\raw\siena\PN06\PN06-3.edf,EEG Fc6,4713.0,78.55,384.375
data\raw\siena\PN06\PN06-3.edf,EEG Fc6,4713.5,78.55833333333334,394.0
data\raw\siena\PN06\PN06-3.edf,EEG Fc6,4714.0,78.56666666666666,380.125
data\raw\siena\PN06\PN06-3.edf,EEG Fc6,4714.5,78.575,322.5
data\raw\siena\PN06\PN06-3.edf,EEG Fc6,4717.0,78.61666666666666,256.5
data\raw\siena\PN06\PN06-3.edf,EEG Fc6,4717.5,78.625,256.5
data\raw\siena\PN06\PN06-3.edf,EEG Fc6,4718.5,78.64166666666667,204.25
data\raw\siena\PN06\PN06-3.edf,EEG Fc6,4719.0,78.65,204.25
data\raw\siena\PN06\PN06-3.edf,EEG Fc6,4719.5,78.65833333333333,241.125
data\raw\siena\PN06\PN06-3.edf,EEG Fc6,4720.0,78.66666666666667,241.125
data\raw\siena\PN06\PN06-3.edf,EEG Fc6,4761.5,79.35833333333333,259.0
data\raw\siena\PN06\PN06-3.edf,EEG Fc6,4762.5,79.375,277.875
data\raw\siena\PN06\PN06-3.edf,EEG Fc6,4763.0,79.38333333333334,282.75
data\raw\siena\PN06\PN06-3.edf,EEG Fc6,4763.5,79.39166666666667,290.875
data\raw\siena\PN06\PN06-3.edf,EEG Fc6,4764.5,79.40833333333333,211.75
data\raw\siena\PN06\PN06-3.edf,EEG Fc6,4769.0,79.48333333333333,230.49999999999997
data\raw\siena\PN06\PN06-3.edf,EEG Fc6,4770.0,79.5,214.75
data\raw\siena\PN06\PN06-3.edf,EEG Fc6,4771.0,79.51666666666667,283.75
data\raw\siena\PN06\PN06-3.edf,EEG Fc6,4771.5,79.525,209.25
data\raw\siena\PN06\PN06-3.edf,EEG Fc6,4775.0,79.58333333333333,214.875
data\raw\siena\PN06\PN06-3.edf,EEG Fc6,4775.5,79.59166666666667,237.75
data\raw\siena\PN06\PN06-3.edf,EEG Fc6,4779.0,79.65,218.25
data\raw\siena\PN06\PN06-3.edf,EEG Fc6,4779.5,79.65833333333333,220.125
data\raw\siena\PN06\PN06-3.edf,EEG Fc6,4780.0,79.66666666666667,318.25
data\raw\siena\PN06\PN06-3.edf,EEG Fc6,4780.5,79.675,284.625
data\raw\siena\PN06\PN06-3.edf,EEG Fc6,4791.0,79.85,251.25
data\raw\siena\PN06\PN06-3.edf,EEG Fc6,4794.0,79.9,219.24999999999997
data\raw\siena\PN06\PN06-3.edf,EEG Fc6,4794.5,79.90833333333333,267.75
data\raw\siena\PN06\PN06-3.edf,EEG Fc6,4795.0,79.91666666666667,267.75
data\raw\siena\PN06\PN06-3.edf,EEG Fc6,4812.5,80.20833333333333,320.0
data\raw\siena\PN06\PN06-3.edf,EEG Fc6,6383.0,106.38333333333334,214.125
data\raw\siena\PN06\PN06-3.edf,EEG Fc6,6385.0,106.41666666666667,224.25
data\raw\siena\PN06\PN06-3.edf,EEG Fc6,6386.0,106.43333333333334,210.5
data\raw\siena\PN06\PN06-3.edf,EEG Cp2,244.5,4.075,328.0
data\raw\siena\PN06\PN06-3.edf,EEG Cp2,245.0,4.083333333333333,710.125
data\raw\siena\PN06\PN06-3.edf,EEG Cp2,245.5,4.091666666666667,488.625
data\raw\siena\PN06\PN06-3.edf,EEG Cp2,246.0,4.1,346.125
data\raw\siena\PN06\PN06-3.edf,EEG Cp2,246.5,4.108333333333333,355.6249999999999
data\raw\siena\PN06\PN06-3.edf,EEG Cp2,247.0,4.116666666666666,329.875
data\raw\siena\PN06\PN06-3.edf,EEG Cp2,247.5,4.125,301.50000000000006
data\raw\siena\PN06\PN06-3.edf,EEG Cp2,248.0,4.133333333333334,352.8749999999999
data\raw\siena\PN06\PN06-3.edf,EEG Cp2,248.5,4.141666666666667,301.12499999999994
data\raw\siena\PN06\PN06-3.edf,EEG Cp2,249.0,4.15,258.0
data\raw\siena\PN06\PN06-3.edf,EEG Cp2,1201.5,20.025,247.5
data\raw\siena\PN06\PN06-3.edf,EEG Cp2,1202.0,20.033333333333335,615.125
data\raw\siena\PN06\PN06-3.edf,EEG Cp2,1202.5,20.041666666666668,386.125
data\raw\siena\PN06\PN06-3.edf,EEG Cp2,1203.0,20.05,521.625
data\raw\siena\PN06\PN06-3.edf,EEG Cp2,1203.5,20.058333333333334,642.1249999999999
data\raw\siena\PN06\PN06-3.edf,EEG Cp2,1204.0,20.066666666666666,537.25
data\raw\siena\PN06\PN06-3.edf,EEG Cp2,1204.5,20.075,328.75
data\raw\siena\PN06\PN06-3.edf,EEG Cp2,1205.0,20.083333333333332,277.25
data\raw\siena\PN06\PN06-3.edf,EEG Cp2,1205.5,20.091666666666665,219.5
data\raw\siena\PN06\PN06-3.edf,EEG Cp2,1236.0,20.6,395.0
data\raw\siena\PN06\PN06-3.edf,EEG Cp2,1236.5,20.608333333333334,395.0
data\raw\siena\PN06\PN06-3.edf,EEG Cp2,1237.0,20.616666666666667,306.125
data\raw\siena\PN06\PN06-3.edf,EEG Cp2,1238.5,20.641666666666666,279.125
data\raw\siena\PN06\PN06-3.edf,EEG Cp2,1239.0,20.65,279.125
data\raw\siena\PN06\PN06-3.edf,EEG Cp2,4666.5,77.775,220.125
data\raw\siena\PN06\PN06-3.edf,EEG Cp2,4770.5,79.50833333333334,202.125
data\raw\siena\PN06\PN06-3.edf,EEG Cp2,4775.5,79.59166666666667,237.24999999999997
data\raw\siena\PN06\PN06-3.edf,EEG Cp2,4779.5,79.65833333333333,235.625
data\raw\siena\PN06\PN06-3.edf,EEG Cp2,4790.5,79.84166666666667,225.25
data\raw\siena\PN06\PN06-3.edf,EEG Cp6,245.0,4.083333333333333,345.75
data\raw\siena\PN06\PN06-3.edf,EEG Cp6,245.5,4.091666666666667,440.24999999999994
data\raw\siena\PN06\PN06-3.edf,EEG Cp6,246.0,4.1,229.375
data\raw\siena\PN06\PN06-3.edf,EEG Cp6,246.5,4.108333333333333,369.0
data\raw\siena\PN06\PN06-3.edf,EEG Cp6,247.0,4.116666666666666,498.2499999999999
data\raw\siena\PN06\PN06-3.edf,EEG Cp6,247.5,4.125,301.0
data\raw\siena\PN06\PN06-3.edf,EEG Cp6,248.0,4.133333333333334,404.6249999999999
data\raw\siena\PN06\PN06-3.edf,EEG Cp6,248.5,4.141666666666667,683.7499999999999
data\raw\siena\PN06\PN06-3.edf,EEG Cp6,249.0,4.15,603.1249999999999
data\raw\siena\PN06\PN06-3.edf,EEG Cp6,1203.5,20.058333333333334,215.75
data\raw\siena\PN06\PN06-3.edf,EEG Cp6,1204.0,20.066666666666666,293.375
data\raw\siena\PN06\PN06-3.edf,EEG Cp6,1204.5,20.075,256.25
data\raw\siena\PN06\PN06-3.edf,EEG Cp6,2110.0,35.166666666666664,458.99999999999994
data\raw\siena\PN06\PN06-3.edf,EEG Cp6,2110.5,35.175,1501.2499999999998
data\raw\siena\PN06\PN06-3.edf,EEG Cp6,2111.0,35.18333333333333,3358.9999999999995
data\raw\siena\PN06\PN06-3.edf,EEG Cp6,2111.5,35.19166666666667,2556.5
data\raw\siena\PN06\PN06-3.edf,EEG Cp6,2112.0,35.2,4403.0
data\raw\siena\PN06\PN06-3.edf,EEG Cp6,2112.5,35.208333333333336,2914.875
data\raw\siena\PN06\PN06-3.edf,EEG Cp6,2113.0,35.21666666666667,1416.4999999999995
data\raw\siena\PN06\PN06-3.edf,EEG Cp6,2113.5,35.225,1033.25
data\raw\siena\PN06\PN06-3.edf,EEG Cp6,2114.0,35.233333333333334,723.5
data\raw\siena\PN06\PN06-3.edf,EEG Cp6,2114.5,35.24166666666667,562.75
data\raw\siena\PN06\PN06-3.edf,EEG Cp6,2115.0,35.25,450.125
data\raw\siena\PN06\PN06-3.edf,EEG Cp6,2115.5,35.25833333333333,288.5
data\raw\siena\PN06\PN06-3.edf,EEG Cp6,3295.0,54.916666666666664,208.0
data\raw\siena\PN06\PN06-3.edf,EEG Cp6,3295.5,54.925,204.49999999999997
data\raw\siena\PN06\PN06-3.edf,EEG Cp6,3296.0,54.93333333333333,292.375
data\raw\siena\PN06\PN06-3.edf,EEG Cp6,3296.5,54.94166666666667,861.25
data\raw\siena\PN06\PN06-3.edf,EEG Cp6,3297.0,54.95,808.25
data\raw\siena\PN06\PN06-3.edf,EEG Cp6,3297.5,54.958333333333336,947.375
data\raw\siena\PN06\PN06-3.edf,EEG Cp6,3298.0,54.96666666666667,252.74999999999994
data\raw\siena\PN06\PN06-3.edf,EEG Cp6,3298.5,54.975,572.375
data\raw\siena\PN06\PN06-3.edf,EEG Cp6,3299.0,54.983333333333334,362.875
data\raw\siena\PN06\PN06-3.edf,EEG Cp6,3300.5,55.00833333333333,200.37499999999994
data\raw\siena\PN06\PN06-3.edf,EEG Cp6,3320.0,55.333333333333336,513.125
data\raw\siena\PN06\PN06-3.edf,EEG Cp6,3320.5,55.34166666666667,1336.3749999999998
data\raw\siena\PN06\PN06-3.edf,EEG Cp6,3321.0,55.35,1354.7499999999998
data\raw\siena\PN06\PN06-3.edf,EEG Cp6,4678.0,77.96666666666667,214.125
data\raw\siena\PN06\PN06-3.edf,EEG Cp6,4710.0,78.5,257.75
data\raw\siena\PN06\PN06-3.edf,EEG Cp6,4710.5,78.50833333333334,251.125
data\raw\siena\PN06\PN06-3.edf,EEG Cp6,4713.0,78.55,222.74999999999997
data\raw\siena\PN06\PN06-3.edf,EEG Cp6,4713.5,78.55833333333334,225.375
data\raw\siena\PN06\PN06-3.edf,EEG Cp6,4714.0,78.56666666666666,202.625
data\raw\siena\PN06\PN06-3.edf,EEG Cp6,4717.5,78.625,226.625
data\raw\siena\PN06\PN06-3.edf,EEG Cp6,4718.0,78.63333333333334,246.875
data\raw\siena\PN06\PN06-3.edf,EEG Cp6,4720.0,78.66666666666667,307.0
data\raw\siena\PN06\PN06-3.edf,EEG Cp6,4720.5,78.675,366.5
data\raw\siena\PN06\PN06-3.edf,EEG Cp6,4721.0,78.68333333333334,384.375
data\raw\siena\PN06\PN06-3.edf,EEG Cp6,4731.0,78.85,405.25
data\raw\siena\PN06\PN06-3.edf,EEG Cp6,4731.5,78.85833333333333,342.625
data\raw\siena\PN06\PN06-3.edf,EEG Cp6,4732.5,78.875,211.875
data\raw\siena\PN06\PN06-3.edf,EEG Cp6,4743.5,79.05833333333334,241.25000000000006
data\raw\siena\PN06\PN06-3.edf,EEG Cp6,4744.0,79.06666666666666,200.125
data\raw\siena\PN06\PN06-3.edf,EEG Cp6,4747.5,79.125,212.625
data\raw\siena\PN06\PN06-3.edf,EEG Cp6,4749.0,79.15,233.75
data\raw\siena\PN06\PN06-3.edf,EEG Cp6,4749.5,79.15833333333333,295.125
data\raw\siena\PN06\PN06-3.edf,EEG Cp6,4751.0,79.18333333333334,220.8750000000001
data\raw\siena\PN06\PN06-3.edf,EEG Cp6,4751.5,79.19166666666666,214.25000000000006
data\raw\siena\PN06\PN06-3.edf,EEG Cp6,4753.0,79.21666666666667,284.625
data\raw\siena\PN06\PN06-3.edf,EEG Cp6,4753.5,79.225,295.625
data\raw\siena\PN06\PN06-3.edf,EEG Cp6,4754.0,79.23333333333333,266.37500000000006
data\raw\siena\PN06\PN06-3.edf,EEG Cp6,4757.5,79.29166666666667,232.75
data\raw\siena\PN06\PN06-3.edf,EEG Cp6,4761.5,79.35833333333333,261.0
data\raw\siena\PN06\PN06-3.edf,EEG Cp6,4762.0,79.36666666666666,221.75
data\raw\siena\PN06\PN06-3.edf,EEG Cp6,4762.5,79.375,314.125
data\raw\siena\PN06\PN06-3.edf,EEG Cp6,4763.0,79.38333333333334,387.375
data\raw\siena\PN06\PN06-3.edf,EEG Cp6,4763.5,79.39166666666667,386.125
data\raw\siena\PN06\PN06-3.edf,EEG Cp6,4764.5,79.40833333333333,239.5
data\raw\siena\PN06\PN06-3.edf,EEG Cp6,4767.0,79.45,344.5
data\raw\siena\PN06\PN06-3.edf,EEG Cp6,4767.5,79.45833333333333,264.125
data\raw\siena\PN06\PN06-3.edf,EEG Cp6,4768.5,79.475,258.37499999999994
data\raw\siena\PN06\PN06-3.edf,EEG Cp6,4769.0,79.48333333333333,288.25
data\raw\siena\PN06\PN06-3.edf,EEG Cp6,4769.5,79.49166666666666,273.5
data\raw\siena\PN06\PN06-3.edf,EEG Cp6,4770.0,79.5,335.75
data\raw\siena\PN06\PN06-3.edf,EEG Cp6,4770.5,79.50833333333334,287.875
data\raw\siena\PN06\PN06-3.edf,EEG Cp6,4771.0,79.51666666666667,423.625
data\raw\siena\PN06\PN06-3.edf,EEG Cp6,4771.5,79.525,308.25
data\raw\siena\PN06\PN06-3.edf,EEG Cp6,4773.0,79.55,211.375
data\raw\siena\PN06\PN06-3.edf,EEG Cp6,4773.5,79.55833333333334,282.5
data\raw\siena\PN06\PN06-3.edf,EEG Cp6,4774.0,79.56666666666666,228.25
data\raw\siena\PN06\PN06-3.edf,EEG Cp6,4775.0,79.58333333333333,211.75
data\raw\siena\PN06\PN06-3.edf,EEG Cp6,4775.5,79.59166666666667,248.625
data\raw\siena\PN06\PN06-3.edf,EEG Cp6,4778.5,79.64166666666667,245.49999999999997
data\raw\siena\PN06\PN06-3.edf,EEG Cp6,4779.0,79.65,315.625
data\raw\siena\PN06\PN06-3.edf,EEG Cp6,4779.5,79.65833333333333,270.12499999999994
data\raw\siena\PN06\PN06-3.edf,EEG Cp6,4780.0,79.66666666666667,399.62499999999994
data\raw\siena\PN06\PN06-3.edf,EEG Cp6,4780.5,79.675,415.75
data\raw\siena\PN06\PN06-3.edf,EEG Cp6,4783.5,79.725,229.74999999999994
data\raw\siena\PN06\PN06-3.edf,EEG Cp6,4785.0,79.75,222.875
data\raw\siena\PN06\PN06-3.edf,EEG Cp6,4790.0,79.83333333333333,258.0
data\raw\siena\PN06\PN06-3.edf,EEG Cp6,4790.5,79.84166666666667,280.875
data\raw\siena\PN06\PN06-3.edf,EEG Cp6,4791.0,79.85,256.5
data\raw\siena\PN06\PN06-3.edf,EEG Cp6,4791.5,79.85833333333333,318.125
data\raw\siena\PN06\PN06-3.edf,EEG Cp6,4812.0,80.2,220.625
data\raw\siena\PN06\PN06-3.edf,EEG Cp6,6361.5,106.025,220.25
data\raw\siena\PN06\PN06-3.edf,EEG Cp6,6362.0,106.03333333333333,200.75
data\raw\siena\PN06\PN06-3.edf,EEG Cp6,6380.5,106.34166666666667,218.75
data\raw\siena\PN06\PN06-3.edf,EEG Cp6,6385.5,106.425,216.875
data\raw\siena\PN06\PN06-3.edf,EEG Cp6,6392.5,106.54166666666667,325.125
data\raw\siena\PN06\PN06-3.edf,EEG Cp6,6393.0,106.55,262.5
data\raw\siena\PN06\PN06-3.edf,EEG Cp6,7196.5,119.94166666666666,219.5
data\raw\siena\PN06\PN06-3.edf,EEG Cp6,7201.0,120.01666666666667,251.875
data\raw\siena\PN06\PN06-3.edf,EEG Cp6,7206.0,120.1,466.99999999999994
data\raw\siena\PN06\PN06-3.edf,EEG Cp6,7206.5,120.10833333333333,436.37499999999994
data\raw\siena\PN06\PN06-3.edf,EEG Cp6,7207.0,120.11666666666666,299.25
data\raw\siena\PN06\PN06-3.edf,EEG Cp6,7207.5,120.125,421.625
data\raw\siena\PN06\PN06-3.edf,EEG Cp6,7208.0,120.13333333333334,564.5
data\raw\siena\PN06\PN06-3.edf,EEG Cp6,7208.5,120.14166666666667,485.24999999999994
data\raw\siena\PN06\PN06-3.edf,EEG Cp6,7209.0,120.15,315.625
data\raw\siena\PN06\PN06-3.edf,EEG Cp6,7209.5,120.15833333333333,315.625
data\raw\siena\PN06\PN06-3.edf,EEG Cp6,7210.0,120.16666666666667,295.75
data\raw\siena\PN06\PN06-3.edf,EEG Cp6,7210.5,120.175,251.625
data\raw\siena\PN06\PN06-3.edf,EEG Cp6,7238.0,120.63333333333334,242.5
data\raw\siena\PN06\PN06-3.edf,EEG Cp6,7241.0,120.68333333333334,257.5
data\raw\siena\PN06\PN06-3.edf,EEG Cp6,7241.5,120.69166666666666,271.24999999999994
data\raw\siena\PN06\PN06-3.edf,EEG Cp6,7251.0,120.85,296.5
data\raw\siena\PN06\PN06-3.edf,EEG Cp6,7251.5,120.85833333333333,210.625
data\raw\siena\PN06\PN06-3.edf,EEG Cp6,7552.0,125.86666666666666,207.875
data\raw\siena\PN06\PN06-3.edf,EEG Cp6,7552.5,125.875,206.0
data\raw\siena\PN06\PN06-3.edf,EEG Cp6,7949.0,132.48333333333332,219.75
data\raw\siena\PN06\PN06-3.edf,EEG Cp6,7949.5,132.49166666666667,237.0
data\raw\siena\PN06\PN06-3.edf,EEG Cp6,8044.0,134.06666666666666,445.75
data\raw\siena\PN06\PN06-3.edf,EEG Cp6,8044.5,134.075,463.74999999999994
data\raw\siena\PN06\PN06-3.edf,EEG Cp6,8045.0,134.08333333333334,516.625
data\raw\siena\PN06\PN06-3.edf,EEG Cp6,8047.0,134.11666666666667,225.25
data\raw\siena\PN06\PN06-3.edf,EEG Cp6,8047.5,134.125,512.0
data\raw\siena\PN06\PN06-3.edf,EEG Cp6,8048.0,134.13333333333333,306.5
data\raw\siena\PN06\PN06-3.edf,EEG Cp6,8049.0,134.15,206.875
data\raw\siena\PN06\PN06-3.edf,EEG F10,246.5,4.108333333333333,202.12499999999997
data\raw\siena\PN06\PN06-3.edf,EEG F10,247.0,4.116666666666666,202.74999999999997
data\raw\siena\PN06\PN06-3.edf,EEG F10,248.5,4.141666666666667,236.12499999999997
data\raw\siena\PN06\PN06-3.edf,EEG F10,249.0,4.15,236.12499999999997
data\raw\siena\PN06\PN06-3.edf,EEG F10,1203.5,20.058333333333334,210.74999999999997
data\raw\siena\PN06\PN06-3.edf,EEG F10,1204.0,20.066666666666666,257.24999999999994
data\raw\siena\PN06\PN06-3.edf,EEG F10,1204.5,20.075,213.12499999999997
data\raw\siena\PN06\PN06-3.edf,EEG F10,1242.0,20.7,244.0
data\raw\siena\PN06\PN06-3.edf,EEG F10,1242.5,20.708333333333332,244.0
data\raw\siena\PN06\PN06-3.edf,EEG F10,2049.0,34.15,241.0
data\raw\siena\PN06\PN06-3.edf,EEG F10,2049.5,34.15833333333333,258.0
data\raw\siena\PN06\PN06-3.edf,EEG F10,2162.0,36.03333333333333,247.24999999999997
data\raw\siena\PN06\PN06-3.edf,EEG F10,2162.5,36.041666666666664,200.125
data\raw\siena\PN06\PN06-3.edf,EEG F10,2223.0,37.05,203.875
data\raw\siena\PN06\PN06-3.edf,EEG F10,2254.0,37.56666666666667,229.5
data\raw\siena\PN06\PN06-3.edf,EEG F10,2254.5,37.575,203.125
data\raw\siena\PN06\PN06-3.edf,EEG F10,3074.5,51.24166666666667,223.0
data\raw\siena\PN06\PN06-3.edf,EEG F10,3075.0,51.25,237.5
data\raw\siena\PN06\PN06-3.edf,EEG F10,3232.5,53.875,225.125
data\raw\siena\PN06\PN06-3.edf,EEG F10,3286.0,54.766666666666666,209.625
data\raw\siena\PN06\PN06-3.edf,EEG F10,3286.5,54.775,209.625
data\raw\siena\PN06\PN06-3.edf,EEG F10,4668.0,77.8,365.62499999999994
data\raw\siena\PN06\PN06-3.edf,EEG F10,4668.5,77.80833333333334,396.625
data\raw\siena\PN06\PN06-3.edf,EEG F10,4669.0,77.81666666666666,492.75
data\raw\siena\PN06\PN06-3.edf,EEG F10,4669.5,77.825,253.875
data\raw\siena\PN06\PN06-3.edf,EEG F10,4672.0,77.86666666666666,275.75
data\raw\siena\PN06\PN06-3.edf,EEG F10,4672.5,77.875,259.875
data\raw\siena\PN06\PN06-3.edf,EEG F10,4673.0,77.88333333333334,273.25
data\raw\siena\PN06\PN06-3.edf,EEG F10,4673.5,77.89166666666667,242.25
data\raw\siena\PN06\PN06-3.edf,EEG F10,4674.0,77.9,242.25
data\raw\siena\PN06\PN06-3.edf,EEG F10,4674.5,77.90833333333333,241.125
data\raw\siena\PN06\PN06-3.edf,EEG F10,4675.0,77.91666666666667,216.0
data\raw\siena\PN06\PN06-3.edf,EEG F10,4675.5,77.925,236.625
data\raw\siena\PN06\PN06-3.edf,EEG F10,4676.0,77.93333333333334,257.25
data\raw\siena\PN06\PN06-3.edf,EEG F10,4676.5,77.94166666666666,303.625
data\raw\siena\PN06\PN06-3.edf,EEG F10,4677.0,77.95,328.49999999999994
data\raw\siena\PN06\PN06-3.edf,EEG F10,4677.5,77.95833333333333,278.12499999999994
data\raw\siena\PN06\PN06-3.edf,EEG F10,4678.0,77.96666666666667,347.25
data\raw\siena\PN06\PN06-3.edf,EEG F10,4681.0,78.01666666666667,213.74999999999997
data\raw\siena\PN06\PN06-3.edf,EEG F10,4681.5,78.025,220.0
data\raw\siena\PN06\PN06-3.edf,EEG F10,4682.0,78.03333333333333,236.62499999999994
data\raw\siena\PN06\PN06-3.edf,EEG F10,4682.5,78.04166666666667,212.00000000000003
data\raw\siena\PN06\PN06-3.edf,EEG F10,4683.0,78.05,356.5
data\raw\siena\PN06\PN06-3.edf,EEG F10,4683.5,78.05833333333334,443.0
data\raw\siena\PN06\PN06-3.edf,EEG F10,4684.0,78.06666666666666,341.875
data\raw\siena\PN06\PN06-3.edf,EEG F10,4709.5,78.49166666666666,254.875
data\raw\siena\PN06\PN06-3.edf,EEG F10,4710.0,78.5,370.375
data\raw\siena\PN06\PN06-3.edf,EEG F10,4710.5,78.50833333333334,370.375
data\raw\siena\PN06\PN06-3.edf,EEG F10,4712.0,78.53333333333333,306.5
data\raw\siena\PN06\PN06-3.edf,EEG F10,4712.5,78.54166666666667,306.5
data\raw\siena\PN06\PN06-3.edf,EEG F10,4713.0,78.55,338.25
data\raw\siena\PN06\PN06-3.edf,EEG F10,4713.5,78.55833333333334,347.5
data\raw\siena\PN06\PN06-3.edf,EEG F10,4714.0,78.56666666666666,300.125
data\raw\siena\PN06\PN06-3.edf,EEG F10,4714.5,78.575,280.125
data\raw\siena\PN06\PN06-3.edf,EEG F10,4717.0,78.61666666666666,229.375
data\raw\siena\PN06\PN06-3.edf,EEG F10,4717.5,78.625,229.375
data\raw\siena\PN06\PN06-3.edf,EEG F10,4719.5,78.65833333333333,224.125
data\raw\siena\PN06\PN06-3.edf,EEG F10,4720.0,78.66666666666667,224.125
data\raw\siena\PN06\PN06-3.edf,EEG F10,4732.5,78.875,251.625
data\raw\siena\PN06\PN06-3.edf,EEG F10,4733.0,78.88333333333334,245.5
data\raw\siena\PN06\PN06-3.edf,EEG F10,4745.0,79.08333333333333,299.25
data\raw\siena\PN06\PN06-3.edf,EEG F10,4745.5,79.09166666666667,299.25
data\raw\siena\PN06\PN06-3.edf,EEG F10,4749.5,79.15833333333333,214.5
data\raw\siena\PN06\PN06-3.edf,EEG F10,4750.5,79.175,260.375
data\raw\siena\PN06\PN06-3.edf,EEG F10,4751.0,79.18333333333334,224.0
data\raw\siena\PN06\PN06-3.edf,EEG F10,4751.5,79.19166666666666,304.75
data\raw\siena\PN06\PN06-3.edf,EEG F10,4752.0,79.2,207.5
data\raw\siena\PN06\PN06-3.edf,EEG F10,4756.0,79.26666666666667,200.75
data\raw\siena\PN06\PN06-3.edf,EEG F10,4764.0,79.4,226.0
data\raw\siena\PN06\PN06-3.edf,EEG F10,4764.5,79.40833333333333,225.125
data\raw\siena\PN06\PN06-3.edf,EEG F10,4767.5,79.45833333333333,217.875
data\raw\siena\PN06\PN06-3.edf,EEG F10,4770.0,79.5,218.375
data\raw\siena\PN06\PN06-3.edf,EEG F10,4775.0,79.58333333333333,215.87499999999997
data\raw\siena\PN06\PN06-3.edf,EEG F10,4775.5,79.59166666666667,236.24999999999997
data\raw\siena\PN06\PN06-3.edf,EEG F10,4779.5,79.65833333333333,216.625
data\raw\siena\PN06\PN06-3.edf,EEG F10,4790.5,79.84166666666667,252.49999999999997
data\raw\siena\PN06\PN06-3.edf,EEG F10,4794.0,79.9,202.0
data\raw\siena\PN06\PN06-3.edf,EEG F10,6294.5,104.90833333333333,230.37499999999994
data\raw\siena\PN06\PN06-3.edf,EEG F10,6295.0,104.91666666666667,230.37499999999994
data\raw\siena\PN06\PN06-3.edf,EEG F10,6297.5,104.95833333333333,204.875
data\raw\siena\PN06\PN06-3.edf,EEG F10,7200.5,120.00833333333334,206.12499999999997
data\raw\siena\PN06\PN06-3.edf,EEG F10,7201.0,120.01666666666667,206.12499999999997
data\raw\siena\PN06\PN06-3.edf,EEG FP2,1202.0,20.033333333333335,311.625
data\raw\siena\PN06\PN06-3.edf,EEG FP2,1202.5,20.041666666666668,345.625
data\raw\siena\PN06\PN06-3.edf,EEG FP2,1203.5,20.058333333333334,251.375
data\raw\siena\PN06\PN06-3.edf,EEG FP2,1204.0,20.066666666666666,259.0
data\raw\siena\PN06\PN06-3.edf,EEG FP2,1204.5,20.075,226.74999999999997
data\raw\siena\PN06\PN06-3.edf,EEG FP2,4667.0,77.78333333333333,444.37499999999994
data\raw\siena\PN06\PN06-3.edf,EEG FP2,4667.5,77.79166666666667,730.4999999999999
data\raw\siena\PN06\PN06-3.edf,EEG FP2,4668.0,77.8,753.1249999999999
data\raw\siena\PN06\PN06-3.edf,EEG FP2,4668.5,77.80833333333334,628.75
data\raw\siena\PN06\PN06-3.edf,EEG FP2,4669.0,77.81666666666666,770.25
data\raw\siena\PN06\PN06-3.edf,EEG FP2,4669.5,77.825,1318.375
data\raw\siena\PN06\PN06-3.edf,EEG FP2,4670.0,77.83333333333333,1331.75
data\raw\siena\PN06\PN06-3.edf,EEG FP2,4670.5,77.84166666666667,1274.25
data\raw\siena\PN06\PN06-3.edf,EEG FP2,4671.0,77.85,1917.0
data\raw\siena\PN06\PN06-3.edf,EEG FP2,4671.5,77.85833333333333,2683.625
data\raw\siena\PN06\PN06-3.edf,EEG FP2,4672.0,77.86666666666666,2901.375
data\raw\siena\PN06\PN06-3.edf,EEG FP2,4672.5,77.875,3931.125
data\raw\siena\PN06\PN06-3.edf,EEG FP2,4673.0,77.88333333333334,3543.0
data\raw\siena\PN06\PN06-3.edf,EEG FP2,4673.5,77.89166666666667,2696.5
data\raw\siena\PN06\PN06-3.edf,EEG FP2,4674.0,77.9,788.75
data\raw\siena\PN06\PN06-3.edf,EEG FP2,4674.5,77.90833333333333,371.6249999999999
data\raw\siena\PN06\PN06-3.edf,EEG FP2,4675.0,77.91666666666667,272.7499999999999
data\raw\siena\PN06\PN06-3.edf,EEG FP2,4675.5,77.925,322.125
data\raw\siena\PN06\PN06-3.edf,EEG FP2,4676.0,77.93333333333334,297.5
data\raw\siena\PN06\PN06-3.edf,EEG FP2,4676.5,77.94166666666666,341.0
data\raw\siena\PN06\PN06-3.edf,EEG FP2,4677.0,77.95,687.4999999999999
data\raw\siena\PN06\PN06-3.edf,EEG FP2,4677.5,77.95833333333333,687.4999999999999
data\raw\siena\PN06\PN06-3.edf,EEG FP2,4678.0,77.96666666666667,253.125
data\raw\siena\PN06\PN06-3.edf,EEG FP2,4678.5,77.975,217.87500000000003
data\raw\siena\PN06\PN06-3.edf,EEG FP2,4679.5,77.99166666666666,210.24999999999997
data\raw\siena\PN06\PN06-3.edf,EEG FP2,4680.0,78.0,392.0
data\raw\siena\PN06\PN06-3.edf,EEG FP2,4680.5,78.00833333333334,570.375
data\raw\siena\PN06\PN06-3.edf,EEG FP2,4681.0,78.01666666666667,422.5
data\raw\siena\PN06\PN06-3.edf,EEG FP2,4681.5,78.025,1309.875
data\raw\siena\PN06\PN06-3.edf,EEG FP2,4682.0,78.03333333333333,1763.375
data\raw\siena\PN06\PN06-3.edf,EEG FP2,4682.5,78.04166666666667,1623.5
data\raw\siena\PN06\PN06-3.edf,EEG FP2,4683.0,78.05,2242.75
data\raw\siena\PN06\PN06-3.edf,EEG FP2,4683.5,78.05833333333334,1701.0
data\raw\siena\PN06\PN06-3.edf,EEG FP2,4684.0,78.06666666666666,584.75
data\raw\siena\PN06\PN06-3.edf,EEG FP2,4684.5,78.075,538.3749999999999
data\raw\siena\PN06\PN06-3.edf,EEG FP2,4685.0,78.08333333333333,317.1249999999999
data\raw\siena\PN06\PN06-3.edf,EEG FP2,4723.0,78.71666666666667,207.25
data\raw\siena\PN06\PN06-3.edf,EEG FP2,4728.5,78.80833333333334,1878.625
data\raw\siena\PN06\PN06-3.edf,EEG FP2,4729.0,78.81666666666666,1901.875
data\raw\siena\PN06\PN06-3.edf,EEG FP2,4729.5,78.825,716.875
data\raw\siena\PN06\PN06-3.edf,EEG FP2,4730.5,78.84166666666667,245.75
data\raw\siena\PN06\PN06-3.edf,EEG FP2,4731.0,78.85,209.0
data\raw\siena\PN06\PN06-3.edf,EEG FP2,4733.0,78.88333333333334,762.625
data\raw\siena\PN06\PN06-3.edf,EEG FP2,4733.5,78.89166666666667,1126.375
data\raw\siena\PN06\PN06-3.edf,EEG FP2,4734.0,78.9,628.1249999999999
data\raw\siena\PN06\PN06-3.edf,EEG FP2,4734.5,78.90833333333333,334.25
data\raw\siena\PN06\PN06-3.edf,EEG FP2,4735.0,78.91666666666667,252.12499999999994
data\raw\siena\PN06\PN06-3.edf,EEG FP2,4735.5,78.925,339.0
data\raw\siena\PN06\PN06-3.edf,EEG FP2,4736.0,78.93333333333334,412.5
data\raw\siena\PN06\PN06-3.edf,EEG FP2,4736.5,78.94166666666666,271.99999999999994
data\raw\siena\PN06\PN06-3.edf,EEG FP2,4737.5,78.95833333333333,228.37499999999997
data\raw\siena\PN06\PN06-3.edf,EEG FP2,4739.0,78.98333333333333,310.25
data\raw\siena\PN06\PN06-3.edf,EEG FP2,4739.5,78.99166666666666,385.0
data\raw\siena\PN06\PN06-3.edf,EEG FP2,4740.0,79.0,356.375
data\raw\siena\PN06\PN06-3.edf,EEG FP2,4740.5,79.00833333333334,225.75
data\raw\siena\PN06\PN06-3.edf,EEG FP2,4744.0,79.06666666666666,213.125
data\raw\siena\PN06\PN06-3.edf,EEG FP2,4761.5,79.35833333333333,233.375
data\raw\siena\PN06\PN06-3.edf,EEG FP2,4762.0,79.36666666666666,214.125
data\raw\siena\PN06\PN06-3.edf,EEG FP2,4767.5,79.45833333333333,338.75
data\raw\siena\PN06\PN06-3.edf,EEG FP2,4768.0,79.46666666666667,285.125
data\raw\siena\PN06\PN06-3.edf,EEG FP2,4769.5,79.49166666666666,240.25
data\raw\siena\PN06\PN06-3.edf,EEG FP2,4770.0,79.5,249.375
data\raw\siena\PN06\PN06-3.edf,EEG FP2,4770.5,79.50833333333334,222.49999999999994
data\raw\siena\PN06\PN06-3.edf,EEG FP2,4771.5,79.525,216.25
data\raw\siena\PN06\PN06-3.edf,EEG FP2,4775.0,79.58333333333333,210.625
data\raw\siena\PN06\PN06-3.edf,EEG FP2,4775.5,79.59166666666667,210.625
data\raw\siena\PN06\PN06-3.edf,EEG FP2,4779.5,79.65833333333333,244.87499999999997
data\raw\siena\PN06\PN06-3.edf,EEG FP2,4790.0,79.83333333333333,620.625
data\raw\siena\PN06\PN06-3.edf,EEG FP2,4790.5,79.84166666666667,620.625
data\raw\siena\PN06\PN06-3.edf,EEG FP2,4791.0,79.85,360.75
data\raw\siena\PN06\PN06-3.edf,EEG FP2,4791.5,79.85833333333333,201.125
data\raw\siena\PN06\PN06-3.edf,EEG FP2,4801.0,80.01666666666667,218.75
data\raw\siena\PN06\PN06-3.edf,EEG FP2,4801.5,80.025,245.875
data\raw\siena\PN06\PN06-3.edf,EEG FP2,6151.0,102.51666666666667,520.125
data\raw\siena\PN06\PN06-3.edf,EEG FP2,6151.5,102.525,398.0
data\raw\siena\PN06\PN06-3.edf,EEG FP2,6152.0,102.53333333333333,409.625
data\raw\siena\PN06\PN06-3.edf,EEG FP2,6170.5,102.84166666666667,910.75
data\raw\siena\PN06\PN06-3.edf,EEG FP2,6171.0,102.85,964.375
data\raw\siena\PN06\PN06-3.edf,EEG FP2,6171.5,102.85833333333333,918.0
data\raw\siena\PN06\PN06-3.edf,EEG FP2,6172.0,102.86666666666666,306.5
data\raw\siena\PN06\PN06-3.edf,EEG FP2,6189.5,103.15833333333333,200.375
data\raw\siena\PN06\PN06-3.edf,EEG FP2,6192.0,103.2,252.375
data\raw\siena\PN06\PN06-3.edf,EEG FP2,6192.5,103.20833333333333,259.125
data\raw\siena\PN06\PN06-3.edf,EEG FP2,6193.0,103.21666666666667,238.12499999999997
data\raw\siena\PN06\PN06-3.edf,EEG FP2,6225.0,103.75,203.37499999999997
data\raw\siena\PN06\PN06-3.edf,EEG FP2,6225.5,103.75833333333334,249.74999999999997
data\raw\siena\PN06\PN06-3.edf,EEG FP2,6239.0,103.98333333333333,224.0
data\raw\siena\PN06\PN06-3.edf,EEG FP2,6263.0,104.38333333333334,261.625
data\raw\siena\PN06\PN06-3.edf,EEG FP2,6263.5,104.39166666666667,311.625
data\raw\siena\PN06\PN06-3.edf,EEG FP2,6264.0,104.4,289.0
data\raw\siena\PN06\PN06-3.edf,EEG FP2,6280.0,104.66666666666667,235.125
data\raw\siena\PN06\PN06-3.edf,EEG FP2,6280.5,104.675,238.75
data\raw\siena\PN06\PN06-3.edf,EEG FP2,6289.0,104.81666666666666,272.125
data\raw\siena\PN06\PN06-3.edf,EEG FP2,6289.5,104.825,272.125
data\raw\siena\PN06\PN06-3.edf,EEG FP2,6290.5,104.84166666666667,205.37499999999997
data\raw\siena\PN06\PN06-3.edf,EEG FP2,6294.5,104.90833333333333,227.875
data\raw\siena\PN06\PN06-3.edf,EEG FP2,6295.0,104.91666666666667,263.875
data\raw\siena\PN06\PN06-3.edf,EEG FP2,6295.5,104.925,232.0
data\raw\siena\PN06\PN06-3.edf,EEG FP2,6300.0,105.0,259.75
data\raw\siena\PN06\PN06-3.edf,EEG FP2,6300.5,105.00833333333334,233.75
data\raw\siena\PN06\PN06-3.edf,EEG FP2,6320.0,105.33333333333333,203.74999999999997
data\raw\siena\PN06\PN06-3.edf,EEG FP2,6320.5,105.34166666666667,210.0
data\raw\siena\PN06\PN06-3.edf,EEG FP2,6390.5,106.50833333333334,207.25
data\raw\siena\PN06\PN06-3.edf,EEG FP2,6391.0,106.51666666666667,207.25
data\raw\siena\PN06\PN06-3.edf,EEG FP2,6394.5,106.575,238.125
data\raw\siena\PN06\PN06-3.edf,EEG FP2,6395.0,106.58333333333333,269.25
data\raw\siena\PN06\PN06-3.edf,EEG FP2,6395.5,106.59166666666667,288.375
data\raw\siena\PN06\PN06-3.edf,EEG FP2,6397.5,106.625,222.87499999999997
data\raw\siena\PN06\PN06-3.edf,EEG FP2,6398.0,106.63333333333334,222.87499999999997
data\raw\siena\PN06\PN06-3.edf,EEG FP2,6399.5,106.65833333333333,408.625
data\raw\siena\PN06\PN06-3.edf,EEG FP2,6400.0,106.66666666666667,473.0
data\raw\siena\PN06\PN06-3.edf,EEG FP2,6400.5,106.675,350.75
data\raw\siena\PN06\PN06-3.edf,EEG FP2,6401.0,106.68333333333334,377.25
data\raw\siena\PN06\PN06-3.edf,EEG FP2,6402.0,106.7,207.5
data\raw\siena\PN06\PN06-3.edf,EEG FP2,6402.5,106.70833333333333,232.0
data\raw\siena\PN06\PN06-3.edf,EEG FP2,6404.0,106.73333333333333,1260.0
data\raw\siena\PN06\PN06-3.edf,EEG FP2,6404.5,106.74166666666666,3357.625
data\raw\siena\PN06\PN06-3.edf,EEG FP2,6405.0,106.75,2946.5
data\raw\siena\PN06\PN06-3.edf,EEG FP2,7168.5,119.475,200.125
data\raw\siena\PN06\PN06-3.edf,EEG FP2,7169.0,119.48333333333333,200.125
data\raw\siena\PN06\PN06-3.edf,EEG FP2,7169.5,119.49166666666666,209.74999999999994
data\raw\siena\PN06\PN06-3.edf,EEG FP2,7175.0,119.58333333333333,206.25
data\raw\siena\PN06\PN06-3.edf,EEG FP2,7175.5,119.59166666666667,211.875
data\raw\siena\PN06\PN06-3.edf,EEG FP2,7176.5,119.60833333333333,212.125
data\raw\siena\PN06\PN06-3.edf,EEG FP2,7183.0,119.71666666666667,4192.375
data\raw\siena\PN06\PN06-3.edf,EEG FP2,7183.5,119.725,4192.375
data\raw\siena\PN06\PN06-3.edf,EEG FP2,7184.0,119.73333333333333,2354.7499999999995
data\raw\siena\PN06\PN06-3.edf,EEG FP2,7184.5,119.74166666666666,3338.7499999999995
data\raw\siena\PN06\PN06-3.edf,EEG FP2,7185.0,119.75,1390.7499999999998
data\raw\siena\PN06\PN06-3.edf,EEG FP2,7185.5,119.75833333333334,575.125
data\raw\siena\PN06\PN06-3.edf,EEG FP2,7186.0,119.76666666666667,304.375
data\raw\siena\PN06\PN06-3.edf,EEG FP2,7186.5,119.775,459.375
data\raw\siena\PN06\PN06-3.edf,EEG FP2,7187.0,119.78333333333333,384.375
data\raw\siena\PN06\PN06-3.edf,EEG FP2,7188.5,119.80833333333334,528.375
data\raw\siena\PN06\PN06-3.edf,EEG FP2,7189.0,119.81666666666666,629.5
data\raw\siena\PN06\PN06-3.edf,EEG FP2,7190.5,119.84166666666667,401.62499999999994
data\raw\siena\PN06\PN06-3.edf,EEG FP2,7191.0,119.85,457.0
data\raw\siena\PN06\PN06-3.edf,EEG FP2,7191.5,119.85833333333333,338.375
data\raw\siena\PN06\PN06-3.edf,EEG FP2,7192.0,119.86666666666666,268.5
data\raw\siena\PN06\PN06-3.edf,EEG FP2,7192.5,119.875,246.375
data\raw\siena\PN06\PN06-3.edf,EEG FP2,7193.0,119.88333333333334,312.25
data\raw\siena\PN06\PN06-3.edf,EEG FP2,7193.5,119.89166666666667,328.625
data\raw\siena\PN06\PN06-3.edf,EEG FP2,7194.0,119.9,280.625
data\raw\siena\PN06\PN06-3.edf,EEG FP2,7194.5,119.90833333333333,207.625
data\raw\siena\PN06\PN06-3.edf,EEG FP2,7195.0,119.91666666666667,207.625
data\raw\siena\PN06\PN06-3.edf,EEG FP2,7196.0,119.93333333333334,391.0
data\raw\siena\PN06\PN06-3.edf,EEG FP2,7196.5,119.94166666666666,556.875
data\raw\siena\PN06\PN06-3.edf,EEG FP2,7197.0,119.95,513.5
data\raw\siena\PN06\PN06-3.edf,EEG FP2,7197.5,119.95833333333333,474.875
data\raw\siena\PN06\PN06-3.edf,EEG FP2,7198.0,119.96666666666667,440.75
data\raw\siena\PN06\PN06-3.edf,EEG FP2,7198.5,119.975,299.5
data\raw\siena\PN06\PN06-3.edf,EEG FP2,7199.0,119.98333333333333,505.625
data\raw\siena\PN06\PN06-3.edf,EEG FP2,7199.5,119.99166666666666,329.625
data\raw\siena\PN06\PN06-3.edf,EEG FP2,7201.0,120.01666666666667,217.125
data\raw\siena\PN06\PN06-3.edf,EEG FP2,7201.5,120.025,204.0
data\raw\siena\PN06\PN06-3.edf,EEG FP2,7207.0,120.11666666666666,343.625
data\raw\siena\PN06\PN06-3.edf,EEG FP2,7207.5,120.125,934.0
data\raw\siena\PN06\PN06-3.edf,EEG FP2,7208.0,120.13333333333334,934.0
data\raw\siena\PN06\PN06-3.edf,EEG FP2,7208.5,120.14166666666667,494.625
data\raw\siena\PN06\PN06-3.edf,EEG FP2,7209.0,120.15,658.375
data\raw\siena\PN06\PN06-3.edf,EEG FP2,7209.5,120.15833333333333,672.375
data\raw\siena\PN06\PN06-3.edf,EEG FP2,7210.0,120.16666666666667,330.125
data\raw\siena\PN06\PN06-3.edf,EEG FP2,7210.5,120.175,368.5
data\raw\siena\PN06\PN06-3.edf,EEG FP2,7211.0,120.18333333333334,351.25
data\raw\siena\PN06\PN06-3.edf,EEG FP2,7211.5,120.19166666666666,278.5
data\raw\siena\PN06\PN06-3.edf,EEG FP2,7212.0,120.2,244.25
data\raw\siena\PN06\PN06-3.edf,EEG FP2,7216.0,120.26666666666667,477.375
data\raw\siena\PN06\PN06-3.edf,EEG FP2,7216.5,120.275,440.125
data\raw\siena\PN06\PN06-3.edf,EEG FP2,7217.0,120.28333333333333,504.125
data\raw\siena\PN06\PN06-3.edf,EEG FP2,7217.5,120.29166666666667,730.375
data\raw\siena\PN06\PN06-3.edf,EEG FP2,7218.0,120.3,730.375
data\raw\siena\PN06\PN06-3.edf,EEG FP2,7219.0,120.31666666666666,222.125
data\raw\siena\PN06\PN06-3.edf,EEG FP2,7220.5,120.34166666666667,1704.25
data\raw\siena\PN06\PN06-3.edf,EEG FP2,7221.0,120.35,1579.5
data\raw\siena\PN06\PN06-3.edf,EEG FP2,7221.5,120.35833333333333,1163.0
data\raw\siena\PN06\PN06-3.edf,EEG FP2,7222.0,120.36666666666666,308.25
data\raw\siena\PN06\PN06-3.edf,EEG FP2,7223.0,120.38333333333334,1041.5
data\raw\siena\PN06\PN06-3.edf,EEG FP2,7223.5,120.39166666666667,1076.625
data\raw\siena\PN06\PN06-3.edf,EEG FP2,7224.0,120.4,861.9999999999999
data\raw\siena\PN06\PN06-3.edf,EEG FP2,7225.5,120.425,262.625
data\raw\siena\PN06\PN06-3.edf,EEG FP2,7226.0,120.43333333333334,205.0
data\raw\siena\PN06\PN06-3.edf,EEG FP2,7229.0,120.48333333333333,373.87499999999994
data\raw\siena\PN06\PN06-3.edf,EEG FP2,7229.5,120.49166666666666,411.74999999999994
data\raw\siena\PN06\PN06-3.edf,EEG FP2,7230.0,120.5,393.0
data\raw\siena\PN06\PN06-3.edf,EEG FP2,7230.5,120.50833333333334,8172.375
data\raw\siena\PN06\PN06-3.edf,EEG FP2,7231.0,120.51666666666667,8177.0
data\raw\siena\PN06\PN06-3.edf,EEG FP2,7231.5,120.525,8177.0
data\raw\siena\PN06\PN06-3.edf,EEG FP2,7232.0,120.53333333333333,1477.875
data\raw\siena\PN06\PN06-3.edf,EEG FP2,7232.5,120.54166666666667,654.7499999999999
data\raw\siena\PN06\PN06-3.edf,EEG FP2,7233.0,120.55,407.37499999999994
data\raw\siena\PN06\PN06-3.edf,EEG FP2,7233.5,120.55833333333334,257.125
data\raw\siena\PN06\PN06-3.edf,EEG FP2,7234.0,120.56666666666666,340.875
data\raw\siena\PN06\PN06-3.edf,EEG FP2,7234.5,120.575,267.99999999999994
data\raw\siena\PN06\PN06-3.edf,EEG FP2,7235.0,120.58333333333333,221.125
data\raw\siena\PN06\PN06-3.edf,EEG FP2,7237.5,120.625,302.5
data\raw\siena\PN06\PN06-3.edf,EEG FP2,7238.0,120.63333333333334,299.625
data\raw\siena\PN06\PN06-3.edf,EEG FP2,7238.5,120.64166666666667,235.375
data\raw\siena\PN06\PN06-3.edf,EEG FP2,7240.0,120.66666666666667,214.49999999999997
data\raw\siena\PN06\PN06-3.edf,EEG FP2,7240.5,120.675,203.875
data\raw\siena\PN06\PN06-3.edf,EEG FP2,7241.0,120.68333333333334,387.25
data\raw\siena\PN06\PN06-3.edf,EEG FP2,7241.5,120.69166666666666,272.25
data\raw\siena\PN06\PN06-3.edf,EEG FP2,7242.0,120.7,205.12499999999997
data\raw\siena\PN06\PN06-3.edf,EEG FP2,7249.0,120.81666666666666,222.24999999999997
data\raw\siena\PN06\PN06-3.edf,EEG FP2,7249.5,120.825,222.24999999999997
data\raw\siena\PN06\PN06-3.edf,EEG FP2,7262.5,121.04166666666667,255.49999999999997
data\raw\siena\PN06\PN06-3.edf,EEG FP2,7263.0,121.05,286.5
data\raw\siena\PN06\PN06-3.edf,EEG FP2,7263.5,121.05833333333334,247.375
data\raw\siena\PN06\PN06-3.edf,EEG FP2,7264.0,121.06666666666666,222.99999999999997
data\raw\siena\PN06\PN06-3.edf,EEG FP2,7281.5,121.35833333333333,1157.375
data\raw\siena\PN06\PN06-3.edf,EEG FP2,7282.0,121.36666666666666,1138.0
data\raw\siena\PN06\PN06-3.edf,EEG FP2,7282.5,121.375,818.5
data\raw\siena\PN06\PN06-3.edf,EEG FP2,7283.0,121.38333333333334,525.25
data\raw\siena\PN06\PN06-3.edf,EEG FP2,7283.5,121.39166666666667,690.125
data\raw\siena\PN06\PN06-3.edf,EEG FP2,7284.0,121.4,776.625
data\raw\siena\PN06\PN06-3.edf,EEG FP2,7284.5,121.40833333333333,776.625
data\raw\siena\PN06\PN06-3.edf,EEG FP2,7285.0,121.41666666666667,457.25
data\raw\siena\PN06\PN06-3.edf,EEG FP2,7480.5,124.675,277.75
data\raw\siena\PN06\PN06-3.edf,EEG FP2,7481.0,124.68333333333334,1592.75
data\raw\siena\PN06\PN06-3.edf,EEG FP2,7481.5,124.69166666666666,1615.875
data\raw\siena\PN06\PN06-3.edf,EEG FP2,7482.0,124.7,2153.75
data\raw\siena\PN06\PN06-3.edf,EEG FP2,7482.5,124.70833333333333,1038.5
data\raw\siena\PN06\PN06-3.edf,EEG FP2,7483.0,124.71666666666667,363.625
data\raw\siena\PN06\PN06-3.edf,EEG FP2,7483.5,124.725,247.5
data\raw\siena\PN06\PN06-3.edf,EEG FP2,7484.0,124.73333333333333,390.8749999999999
data\raw\siena\PN06\PN06-3.edf,EEG FP2,7484.5,124.74166666666666,241.0
data\raw\siena\PN06\PN06-3.edf,EEG FP2,7516.0,125.26666666666667,399.75
data\raw\siena\PN06\PN06-3.edf,EEG FP2,7516.5,125.275,428.5
data\raw\siena\PN06\PN06-3.edf,EEG FP2,7517.0,125.28333333333333,414.75
data\raw\siena\PN06\PN06-3.edf,EEG FP2,7517.5,125.29166666666667,220.875
data\raw\siena\PN06\PN06-3.edf,EEG FP2,7518.0,125.3,265.0
data\raw\siena\PN06\PN06-3.edf,EEG FP2,7518.5,125.30833333333334,235.0
data\raw\siena\PN06\PN06-3.edf,EEG FP2,7519.0,125.31666666666666,245.25
data\raw\siena\PN06\PN06-3.edf,EEG FP2,7519.5,125.325,211.625
data\raw\siena\PN06\PN06-3.edf,EEG FP2,7520.0,125.33333333333333,1109.0
data\raw\siena\PN06\PN06-3.edf,EEG FP2,7520.5,125.34166666666667,939.875
data\raw\siena\PN06\PN06-3.edf,EEG FP2,7521.0,125.35,1165.25
data\raw\siena\PN06\PN06-3.edf,EEG FP2,7521.5,125.35833333333333,244.125
data\raw\siena\PN06\PN06-3.edf,EEG FP2,7522.5,125.375,361.25
data\raw\siena\PN06\PN06-3.edf,EEG FP2,7523.0,125.38333333333334,207.87500000000003
data\raw\siena\PN06\PN06-3.edf,EEG FP2,7523.5,125.39166666666667,415.5
data\raw\siena\PN06\PN06-3.edf,EEG FP2,7524.0,125.4,359.5
data\raw\siena\PN06\PN06-3.edf,EEG FP2,7524.5,125.40833333333333,326.625
data\raw\siena\PN06\PN06-3.edf,EEG FP2,7525.0,125.41666666666667,225.75
data\raw\siena\PN06\PN06-3.edf,EEG FP2,7526.0,125.43333333333334,273.125
data\raw\siena\PN06\PN06-3.edf,EEG FP2,7526.5,125.44166666666666,209.625
data\raw\siena\PN06\PN06-3.edf,EEG FP2,7533.5,125.55833333333334,4337.875
data\raw\siena\PN06\PN06-3.edf,EEG FP2,7534.0,125.56666666666666,4338.5
data\raw\siena\PN06\PN06-3.edf,EEG FP2,7534.5,125.575,3736.625
data\raw\siena\PN06\PN06-3.edf,EEG FP2,7535.0,125.58333333333333,3243.5
data\raw\siena\PN06\PN06-3.edf,EEG FP2,7535.5,125.59166666666667,976.375
data\raw\siena\PN06\PN06-3.edf,EEG FP2,7536.0,125.6,402.375
data\raw\siena\PN06\PN06-3.edf,EEG FP2,7536.5,125.60833333333333,324.9999999999999
data\raw\siena\PN06\PN06-3.edf,EEG FP2,7537.0,125.61666666666666,221.3749999999999
data\raw\siena\PN06\PN06-3.edf,EEG FP2,7539.5,125.65833333333333,539.625
data\raw\siena\PN06\PN06-3.edf,EEG FP2,7540.0,125.66666666666667,541.125
data\raw\siena\PN06\PN06-3.edf,EEG FP2,7540.5,125.675,4212.25
data\raw\siena\PN06\PN06-3.edf,EEG FP2,7541.0,125.68333333333334,8183.375
data\raw\siena\PN06\PN06-3.edf,EEG FP2,7541.5,125.69166666666666,8172.125
data\raw\siena\PN06\PN06-3.edf,EEG FP2,7542.0,125.7,2744.125
data\raw\siena\PN06\PN06-3.edf,EEG FP2,7542.5,125.70833333333333,2701.625
data\raw\siena\PN06\PN06-3.edf,EEG FP2,7543.0,125.71666666666667,1084.625
data\raw\siena\PN06\PN06-3.edf,EEG FP2,7543.5,125.725,595.0
data\raw\siena\PN06\PN06-3.edf,EEG FP2,7544.0,125.73333333333333,702.625
data\raw\siena\PN06\PN06-3.edf,EEG FP2,7544.5,125.74166666666666,2851.5
data\raw\siena\PN06\PN06-3.edf,EEG FP2,7545.0,125.75,3195.125
data\raw\siena\PN06\PN06-3.edf,EEG FP2,7545.5,125.75833333333334,1223.5
data\raw\siena\PN06\PN06-3.edf,EEG FP2,7546.0,125.76666666666667,681.625
data\raw\siena\PN06\PN06-3.edf,EEG FP2,7546.5,125.775,608.375
data\raw\siena\PN06\PN06-3.edf,EEG FP2,7547.0,125.78333333333333,231.375
data\raw\siena\PN06\PN06-3.edf,EEG FP2,7547.5,125.79166666666667,251.125
data\raw\siena\PN06\PN06-3.edf,EEG FP2,7551.5,125.85833333333333,204.875
data\raw\siena\PN06\PN06-3.edf,EEG FP2,7552.0,125.86666666666666,549.7499999999999
data\raw\siena\PN06\PN06-3.edf,EEG FP2,7552.5,125.875,487.1249999999999
data\raw\siena\PN06\PN06-3.edf,EEG FP2,7553.0,125.88333333333334,570.875
data\raw\siena\PN06\PN06-3.edf,EEG FP2,7554.5,125.90833333333333,220.75
data\raw\siena\PN06\PN06-3.edf,EEG FP2,7597.5,126.625,200.625
data\raw\siena\PN06\PN06-3.edf,EEG FP2,7616.0,126.93333333333334,289.0
data\raw\siena\PN06\PN06-3.edf,EEG FP2,7616.5,126.94166666666666,290.125
data\raw\siena\PN06\PN06-3.edf,EEG FP2,7617.0,126.95,242.375
data\raw\siena\PN06\PN06-3.edf,EEG FP2,7680.0,128.0,317.24999999999994
data\raw\siena\PN06\PN06-3.edf,EEG FP2,7680.5,128.00833333333333,493.1249999999999
data\raw\siena\PN06\PN06-3.edf,EEG FP2,7681.0,128.01666666666668,479.875
data\raw\siena\PN06\PN06-3.edf,EEG FP2,7682.0,128.03333333333333,305.875
data\raw\siena\PN06\PN06-3.edf,EEG FP2,7682.5,128.04166666666666,211.75
data\raw\siena\PN06\PN06-3.edf,EEG FP2,7819.0,130.31666666666666,272.375
data\raw\siena\PN06\PN06-3.edf,EEG FP2,7865.0,131.08333333333334,1624.875
data\raw\siena\PN06\PN06-3.edf,EEG FP2,7865.5,131.09166666666667,1785.125
data\raw\siena\PN06\PN06-3.edf,EEG FP2,7866.0,131.1,1452.625
data\raw\siena\PN06\PN06-3.edf,EEG FP2,7866.5,131.10833333333332,1454.25
data\raw\siena\PN06\PN06-3.edf,EEG FP2,7867.0,131.11666666666667,260.87499999999994
data\raw\siena\PN06\PN06-3.edf,EEG FP2,7879.5,131.325,771.25
data\raw\siena\PN06\PN06-3.edf,EEG FP2,7880.0,131.33333333333334,691.625
data\raw\siena\PN06\PN06-3.edf,EEG FP2,7880.5,131.34166666666667,639.125
data\raw\siena\PN06\PN06-3.edf,EEG FP2,7881.0,131.35,444.125
data\raw\siena\PN06\PN06-3.edf,EEG FP2,7889.5,131.49166666666667,663.8749999999999
data\raw\siena\PN06\PN06-3.edf,EEG FP2,7890.0,131.5,4133.125
data\raw\siena\PN06\PN06-3.edf,EEG FP2,7890.5,131.50833333333333,4779.0
data\raw\siena\PN06\PN06-3.edf,EEG FP2,7891.0,131.51666666666668,3127.1249999999995
data\raw\siena\PN06\PN06-3.edf,EEG FP2,7891.5,131.525,3216.5
data\raw\siena\PN06\PN06-3.edf,EEG FP2,7892.0,131.53333333333333,4115.875
data\raw\siena\PN06\PN06-3.edf,EEG FP2,7892.5,131.54166666666666,2452.0
data\raw\siena\PN06\PN06-3.edf,EEG FP2,7893.0,131.55,766.0
data\raw\siena\PN06\PN06-3.edf,EEG FP2,7893.5,131.55833333333334,600.2499999999998
data\raw\siena\PN06\PN06-3.edf,EEG FP2,7894.0,131.56666666666666,490.125
data\raw\siena\PN06\PN06-3.edf,EEG FP2,7894.5,131.575,317.5
data\raw\siena\PN06\PN06-3.edf,EEG FP2,7895.0,131.58333333333334,207.25
data\raw\siena\PN06\PN06-3.edf,EEG FP2,7895.5,131.59166666666667,314.125
data\raw\siena\PN06\PN06-3.edf,EEG FP2,7896.0,131.6,326.75
data\raw\siena\PN06\PN06-3.edf,EEG FP2,7896.5,131.60833333333332,237.5
data\raw\siena\PN06\PN06-3.edf,EEG FP2,7897.0,131.61666666666667,304.375
data\raw\siena\PN06\PN06-3.edf,EEG FP2,7897.5,131.625,244.12499999999997
data\raw\siena\PN06\PN06-3.edf,EEG FP2,7906.5,131.775,203.5
data\raw\siena\PN06\PN06-3.edf,EEG FP2,7931.0,132.18333333333334,218.5
data\raw\siena\PN06\PN06-3.edf,EEG FP2,7931.5,132.19166666666666,252.875
data\raw\siena\PN06\PN06-3.edf,EEG FP2,7932.0,132.2,218.875
data\raw\siena\PN06\PN06-3.edf,EEG FP2,7937.0,132.28333333333333,411.5
data\raw\siena\PN06\PN06-3.edf,EEG FP2,7937.5,132.29166666666666,409.5
data\raw\siena\PN06\PN06-3.edf,EEG FP2,7938.0,132.3,268.5
data\raw\siena\PN06\PN06-3.edf,EEG FP2,7938.5,132.30833333333334,228.74999999999997
data\raw\siena\PN06\PN06-3.edf,EEG FP2,7957.0,132.61666666666667,233.625
data\raw\siena\PN06\PN06-3.edf,EEG FP2,7957.5,132.625,354.5
data\raw\siena\PN06\PN06-3.edf,EEG FP2,7958.0,132.63333333333333,222.875
data\raw\siena\PN06\PN06-3.edf,EEG FP2,7958.5,132.64166666666668,229.125
data\raw\siena\PN06\PN06-3.edf,EEG FP2,7989.0,133.15,228.625
data\raw\siena\PN06\PN06-3.edf,EEG FP2,7989.5,133.15833333333333,1124.75
data\raw\siena\PN06\PN06-3.edf,EEG FP2,7990.0,133.16666666666666,1124.75
data\raw\siena\PN06\PN06-3.edf,EEG FP2,7990.5,133.175,6437.625
data\raw\siena\PN06\PN06-3.edf,EEG FP2,7991.0,133.18333333333334,8182.375
data\raw\siena\PN06\PN06-3.edf,EEG FP2,7991.5,133.19166666666666,8180.625
data\raw\siena\PN06\PN06-3.edf,EEG FP2,7992.0,133.2,3118.0
data\raw\siena\PN06\PN06-3.edf,EEG FP2,7992.5,133.20833333333334,683.75
data\raw\siena\PN06\PN06-3.edf,EEG FP2,7993.0,133.21666666666667,1382.8749999999998
data\raw\siena\PN06\PN06-3.edf,EEG FP2,7993.5,133.225,1938.875
data\raw\siena\PN06\PN06-3.edf,EEG FP2,7994.0,133.23333333333332,1854.5
data\raw\siena\PN06\PN06-3.edf,EEG FP2,7994.5,133.24166666666667,2284.0
data\raw\siena\PN06\PN06-3.edf,EEG FP2,7995.0,133.25,1187.125
data\raw\siena\PN06\PN06-3.edf,EEG FP2,7995.5,133.25833333333333,906.125
data\raw\siena\PN06\PN06-3.edf,EEG FP2,7996.0,133.26666666666668,572.5
data\raw\siena\PN06\PN06-3.edf,EEG FP2,7996.5,133.275,376.3749999999999
data\raw\siena\PN06\PN06-3.edf,EEG FP2,7997.0,133.28333333333333,224.375
data\raw\siena\PN06\PN06-3.edf,EEG FP2,8004.5,133.40833333333333,225.875
data\raw\siena\PN06\PN06-3.edf,EEG FP2,8023.0,133.71666666666667,311.875
data\raw\siena\PN06\PN06-3.edf,EEG FP2,8023.5,133.725,210.625
data\raw\siena\PN06\PN06-3.edf,EEG FP2,8035.5,133.925,205.87499999999997
data\raw\siena\PN06\PN06-3.edf,EEG FP2,8036.0,133.93333333333334,210.37499999999997
data\raw\siena\PN06\PN06-3.edf,EEG FP2,8039.0,133.98333333333332,267.625
data\raw\siena\PN06\PN06-3.edf,EEG FP2,8039.5,133.99166666666667,204.375
data\raw\siena\PN06\PN06-3.edf,EEG FP2,8040.0,134.0,313.625
data\raw\siena\PN06\PN06-3.edf,EEG FP2,8043.5,134.05833333333334,277.25
data\raw\siena\PN06\PN06-3.edf,EEG FP2,8044.0,134.06666666666666,221.49999999999997
data\raw\siena\PN06\PN06-3.edf,EEG FP2,8044.5,134.075,362.25
data\raw\siena\PN06\PN06-3.edf,EEG FP2,8045.0,134.08333333333334,460.625
data\raw\siena\PN06\PN06-3.edf,EEG FP2,8045.5,134.09166666666667,292.25
data\raw\siena\PN06\PN06-3.edf,EEG FP2,8047.0,134.11666666666667,271.125
data\raw\siena\PN06\PN06-3.edf,EEG FP2,8047.5,134.125,238.49999999999994
data\raw\siena\PN06\PN06-3.edf,EEG FP2,8048.0,134.13333333333333,287.49999999999994
data\raw\siena\PN06\PN06-3.edf,EEG FP2,8049.0,134.15,262.375
data\raw\siena\PN06\PN06-3.edf,EEG FP2,8049.5,134.15833333333333,253.0
data\raw\siena\PN06\PN06-3.edf,EEG FP2,8066.5,134.44166666666666,771.0
data\raw\siena\PN06\PN06-3.edf,EEG FP2,8067.0,134.45,865.0
data\raw\siena\PN06\PN06-3.edf,EEG FP2,8067.5,134.45833333333334,922.0
data\raw\siena\PN06\PN06-3.edf,EEG FP2,8068.0,134.46666666666667,411.25
data\raw\siena\PN06\PN06-3.edf,EEG FP2,8069.0,134.48333333333332,232.375
data\raw\siena\PN06\PN06-3.edf,EEG FP2,8075.0,134.58333333333334,215.875
data\raw\siena\PN06\PN06-3.edf,EEG FP2,8075.5,134.59166666666667,215.875
data\raw\siena\PN06\PN06-3.edf,EEG FP2,8082.5,134.70833333333334,272.74999999999994
data\raw\siena\PN06\PN06-3.edf,EEG FP2,8083.0,134.71666666666667,272.74999999999994
data\raw\siena\PN06\PN06-3.edf,EEG FP2,8086.5,134.775,248.625
data\raw\siena\PN06\PN06-3.edf,EEG FP2,8087.0,134.78333333333333,332.875
data\raw\siena\PN06\PN06-3.edf,EEG FP2,8087.5,134.79166666666666,363.375
data\raw\siena\PN06\PN06-3.edf,EEG FP2,8088.0,134.8,254.5
data\raw\siena\PN06\PN06-3.edf,EEG FP2,8092.0,134.86666666666667,372.24999999999994
data\raw\siena\PN06\PN06-3.edf,EEG FP2,8092.5,134.875,703.5
data\raw\siena\PN06\PN06-3.edf,EEG FP2,8093.0,134.88333333333333,1180.125
data\raw\siena\PN06\PN06-3.edf,EEG FP2,8093.5,134.89166666666668,987.375
data\raw\siena\PN06\PN06-3.edf,EEG FP2,8094.0,134.9,336.87499999999994
data\raw\siena\PN06\PN06-3.edf,EEG FP2,8096.0,134.93333333333334,2000.625
data\raw\siena\PN06\PN06-3.edf,EEG FP2,8096.5,134.94166666666666,1824.75
data\raw\siena\PN06\PN06-3.edf,EEG FP2,8097.0,134.95,2029.2499999999998
data\raw\siena\PN06\PN06-3.edf,EEG FP2,8097.5,134.95833333333334,729.1249999999999
data\raw\siena\PN06\PN06-3.edf,EEG FP2,8098.0,134.96666666666667,935.1249999999999
data\raw\siena\PN06\PN06-3.edf,EEG FP2,8098.5,134.975,767.625
data\raw\siena\PN06\PN06-3.edf,EEG FP2,8099.0,134.98333333333332,912.875
data\raw\siena\PN06\PN06-3.edf,EEG FP2,8099.5,134.99166666666667,583.375
data\raw\siena\PN06\PN06-3.edf,EEG FP2,8100.0,135.0,634.25
data\raw\siena\PN06\PN06-3.edf,EEG FP2,8100.5,135.00833333333333,734.125
data\raw\siena\PN06\PN06-3.edf,EEG FP2,8101.0,135.01666666666668,582.75
data\raw\siena\PN06\PN06-3.edf,EEG FP2,8101.5,135.025,283.875
data\raw\siena\PN06\PN06-3.edf,EEG FP2,8102.0,135.03333333333333,273.125
data\raw\siena\PN06\PN06-3.edf,EEG FP2,8102.5,135.04166666666666,218.125
data\raw\siena\PN06\PN06-3.edf,EEG FP2,8103.0,135.05,282.625
data\raw\siena\PN06\PN06-3.edf,EEG FP2,8104.0,135.06666666666666,243.375
data\raw\siena\PN06\PN06-3.edf,EEG FP2,8104.5,135.075,304.375
data\raw\siena\PN06\PN06-3.edf,EEG FP2,8105.0,135.08333333333334,217.5
data\raw\siena\PN06\PN06-3.edf,EEG FP2,8105.5,135.09166666666667,336.75
data\raw\siena\PN06\PN06-3.edf,EEG FP2,8106.0,135.1,298.5
data\raw\siena\PN06\PN06-3.edf,EEG FP2,8106.5,135.10833333333332,298.875
data\raw\siena\PN06\PN06-3.edf,EEG FP2,8107.0,135.11666666666667,244.24999999999997
data\raw\siena\PN06\PN06-3.edf,EEG FP2,8108.0,135.13333333333333,212.0
data\raw\siena\PN06\PN06-3.edf,EEG FP2,8112.0,135.2,334.0
data\raw\siena\PN06\PN06-3.edf,EEG FP2,8112.5,135.20833333333334,368.75
data\raw\siena\PN06\PN06-3.edf,EEG FP2,8113.0,135.21666666666667,238.875
data\raw\siena\PN06\PN06-3.edf,EEG FP2,8113.5,135.225,215.24999999999997
data\raw\siena\PN06\PN06-3.edf,EEG FP2,8119.0,135.31666666666666,248.625
data\raw\siena\PN06\PN06-3.edf,EEG FP2,8119.5,135.325,239.875
data\raw\siena\PN06\PN06-3.edf,EEG FP2,8120.0,135.33333333333334,309.0
data\raw\siena\PN06\PN06-3.edf,EEG FP2,8120.5,135.34166666666667,264.25
data\raw\siena\PN06\PN06-3.edf,EEG FP2,8121.0,135.35,264.25
data\raw\siena\PN06\PN06-3.edf,EEG FP2,8122.5,135.375,230.0
data\raw\siena\PN06\PN06-3.edf,EEG FP2,8123.0,135.38333333333333,238.75
data\raw\siena\PN06\PN06-3.edf,EEG FP2,8123.5,135.39166666666668,228.74999999999994
data\raw\siena\PN06\PN06-3.edf,EEG FP2,8130.0,135.5,2287.6249999999995
data\raw\siena\PN06\PN06-3.edf,EEG FP2,8130.5,135.50833333333333,2569.75
data\raw\siena\PN06\PN06-3.edf,EEG FP2,8131.0,135.51666666666668,2706.5
data\raw\siena\PN06\PN06-3.edf,EEG FP2,8131.5,135.525,2572.0
data\raw\siena\PN06\PN06-3.edf,EEG FP2,8132.0,135.53333333333333,1048.1249999999998
data\raw\siena\PN06\PN06-3.edf,EEG FP2,8132.5,135.54166666666666,686.1249999999998
data\raw\siena\PN06\PN06-3.edf,EEG FP2,8133.0,135.55,297.5
data\raw\siena\PN06\PN06-3.edf,EEG FP2,8133.5,135.55833333333334,256.25
data\raw\siena\PN06\PN06-3.edf,EEG FP2,8134.0,135.56666666666666,231.75
data\raw\siena\PN06\PN06-3.edf,EEG FP2,8166.5,136.10833333333332,313.875
data\raw\siena\PN06\PN06-3.edf,EEG FP2,8167.0,136.11666666666667,311.375
data\raw\siena\PN06\PN06-3.edf,EEG FP2,8167.5,136.125,215.75
data\raw\siena\PN06\PN06-3.edf,EEG FP2,8170.5,136.175,212.12499999999997
data\raw\siena\PN06\PN06-3.edf,EEG FP2,8171.0,136.18333333333334,302.5
data\raw\siena\PN06\PN06-3.edf,EEG FP2,8171.5,136.19166666666666,289.625
data\raw\siena\PN06\PN06-3.edf,EEG FP2,8177.5,136.29166666666666,200.375
data\raw\siena\PN06\PN06-3.edf,EEG FP2,8178.0,136.3,200.375
data\raw\siena\PN06\PN06-3.edf,EEG P9,0.5,0.008333333333333333,480.125
data\raw\siena\PN06\PN06-3.edf,EEG P9,1.0,0.016666666666666666,483.5
data\raw\siena\PN06\PN06-3.edf,EEG P9,1.5,0.025,466.875
data\raw\siena\PN06\PN06-3.edf,EEG P9,2.0,0.03333333333333333,482.24999999999994
data\raw\siena\PN06\PN06-3.edf,EEG P9,2.5,0.041666666666666664,489.875
data\raw\siena\PN06\PN06-3.edf,EEG P9,3.0,0.05,482.625
data\raw\siena\PN06\PN06-3.edf,EEG P9,3.5,0.058333333333333334,493.625
data\raw\siena\PN06\PN06-3.edf,EEG P9,4.0,0.06666666666666667,481.375
data\raw\siena\PN06\PN06-3.edf,EEG P9,4.5,0.075,470.5
data\raw\siena\PN06\PN06-3.edf,EEG P9,5.0,0.08333333333333333,478.625
data\raw\siena\PN06\PN06-3.edf,EEG P9,5.5,0.09166666666666666,490.5
data\raw\siena\PN06\PN06-3.edf,EEG P9,6.0,0.1,462.125
data\raw\siena\PN06\PN06-3.edf,EEG P9,6.5,0.10833333333333334,466.125
data\raw\siena\PN06\PN06-3.edf,EEG P9,7.0,0.11666666666666667,471.375
data\raw\siena\PN06\PN06-3.edf,EEG P9,7.5,0.125,490.75
data\raw\siena\PN06\PN06-3.edf,EEG P9,8.0,0.13333333333333333,483.375
data\raw\siena\PN06\PN06-3.edf,EEG P9,8.5,0.14166666666666666,471.0
data\raw\siena\PN06\PN06-3.edf,EEG P9,9.0,0.15,461.125
data\raw\siena\PN06\PN06-3.edf,EEG P9,9.5,0.15833333333333333,469.375
data\raw\siena\PN06\PN06-3.edf,EEG P9,10.0,0.16666666666666666,470.25
data\raw\siena\PN06\PN06-3.edf,EEG P9,10.5,0.175,474.0
data\raw\siena\PN06\PN06-3.edf,EEG P9,11.0,0.18333333333333332,480.25
data\raw\siena\PN06\PN06-3.edf,EEG P9,11.5,0.19166666666666668,472.875
data\raw\siena\PN06\PN06-3.edf,EEG P9,12.0,0.2,482.625
data\raw\siena\PN06\PN06-3.edf,EEG P9,12.5,0.20833333333333334,485.99999999999994
data\raw\siena\PN06\PN06-3.edf,EEG P9,13.0,0.21666666666666667,489.125
data\raw\siena\PN06\PN06-3.edf,EEG P9,13.5,0.225,491.25
data\raw\siena\PN06\PN06-3.edf,EEG P9,14.0,0.23333333333333334,490.0
data\raw\siena\PN06\PN06-3.edf,EEG P9,14.5,0.24166666666666667,482.5
data\raw\siena\PN06\PN06-3.edf,EEG P9,15.0,0.25,485.49999999999994
data\raw\siena\PN06\PN06-3.edf,EEG P9,15.5,0.25833333333333336,478.62499999999994
data\raw\siena\PN06\PN06-3.edf,EEG P9,16.0,0.26666666666666666,482.25
data\raw\siena\PN06\PN06-3.edf,EEG P9,16.5,0.275,475.125
data\raw\siena\PN06\PN06-3.edf,EEG P9,17.0,0.2833333333333333,476.25
data\raw\siena\PN06\PN06-3.edf,EEG P9,17.5,0.2916666666666667,494.25
data\raw\siena\PN06\PN06-3.edf,EEG P9,18.0,0.3,495.125
data\raw\siena\PN06\PN06-3.edf,EEG P9,18.5,0.30833333333333335,499.25
data\raw\siena\PN06\PN06-3.edf,EEG P9,19.0,0.31666666666666665,499.25
data\raw\siena\PN06\PN06-3.edf,EEG P9,19.5,0.325,477.375
data\raw\siena\PN06\PN06-3.edf,EEG P9,20.0,0.3333333333333333,473.25
data\raw\siena\PN06\PN06-3.edf,EEG P9,20.5,0.3416666666666667,479.375
data\raw\siena\PN06\PN06-3.edf,EEG P9,21.0,0.35,488.5
data\raw\siena\PN06\PN06-3.edf,EEG P9,21.5,0.35833333333333334,487.37499999999994
data\raw\siena\PN06\PN06-3.edf,EEG P9,22.0,0.36666666666666664,482.0
data\raw\siena\PN06\PN06-3.edf,EEG P9,22.5,0.375,473.875
data\raw\siena\PN06\PN06-3.edf,EEG P9,23.0,0.38333333333333336,464.75
data\raw\siena\PN06\PN06-3.edf,EEG P9,23.5,0.39166666666666666,473.375
data\raw\siena\PN06\PN06-3.edf,EEG P9,24.0,0.4,487.5
data\raw\siena\PN06\PN06-3.edf,EEG P9,24.5,0.4083333333333333,474.375
data\raw\siena\PN06\PN06-3.edf,EEG P9,25.0,0.4166666666666667,470.875
data\raw\siena\PN06\PN06-3.edf,EEG P9,25.5,0.425,481.25
data\raw\siena\PN06\PN06-3.edf,EEG P9,26.0,0.43333333333333335,479.37499999999994
data\raw\siena\PN06\PN06-3.edf,EEG P9,26.5,0.44166666666666665,479.37499999999994
data\raw\siena\PN06\PN06-3.edf,EEG P9,27.0,0.45,469.25
data\raw\siena\PN06\PN06-3.edf,EEG P9,27.5,0.4583333333333333,487.49999999999994
data\raw\siena\PN06\PN06-3.edf,EEG P9,28.0,0.4666666666666667,487.49999999999994
data\raw\siena\PN06\PN06-3.edf,EEG P9,28.5,0.475,477.5
data\raw\siena\PN06\PN06-3.edf,EEG P9,29.0,0.48333333333333334,491.125
data\raw\siena\PN06\PN06-3.edf,EEG P9,29.5,0.49166666666666664,481.87499999999994
data\raw\siena\PN06\PN06-3.edf,EEG P9,30.0,0.5,492.7499999999999
data\raw\siena\PN06\PN06-3.edf,EEG P9,30.5,0.5083333333333333,496.2499999999999
data\raw\siena\PN06\PN06-3.edf,EEG P9,31.0,0.5166666666666667,491.375
data\raw\siena\PN06\PN06-3.edf,EEG P9,31.5,0.525,493.0
data\raw\siena\PN06\PN06-3.edf,EEG P9,32.0,0.5333333333333333,482.0
data\raw\siena\PN06\PN06-3.edf,EEG P9,32.5,0.5416666666666666,476.125
data\raw\siena\PN06\PN06-3.edf,EEG P9,33.0,0.55,468.25
data\raw\siena\PN06\PN06-3.edf,EEG P9,33.5,0.5583333333333333,477.875
data\raw\siena\PN06\PN06-3.edf,EEG P9,34.0,0.5666666666666667,477.37499999999994
data\raw\siena\PN06\PN06-3.edf,EEG P9,34.5,0.575,488.74999999999994
data\raw\siena\PN06\PN06-3.edf,EEG P9,35.0,0.5833333333333334,475.125
data\raw\siena\PN06\PN06-3.edf,EEG P9,35.5,0.5916666666666667,480.875
data\raw\siena\PN06\PN06-3.edf,EEG P9,36.0,0.6,480.875
data\raw\siena\PN06\PN06-3.edf,EEG P9,36.5,0.6083333333333333,481.0
data\raw\siena\PN06\PN06-3.edf,EEG P9,37.0,0.6166666666666667,487.25
data\raw\siena\PN06\PN06-3.edf,EEG P9,37.5,0.625,474.75
data\raw\siena\PN06\PN06-3.edf,EEG P9,38.0,0.6333333333333333,481.125
data\raw\siena\PN06\PN06-3.edf,EEG P9,38.5,0.6416666666666667,482.875
data\raw\siena\PN06\PN06-3.edf,EEG P9,39.0,0.65,475.0
data\raw\siena\PN06\PN06-3.edf,EEG P9,39.5,0.6583333333333333,495.75
data\raw\siena\PN06\PN06-3.edf,EEG P9,40.0,0.6666666666666666,496.375
data\raw\siena\PN06\PN06-3.edf,EEG P9,40.5,0.675,479.0
data\raw\siena\PN06\PN06-3.edf,EEG P9,41.0,0.6833333333333333,475.625
data\raw\siena\PN06\PN06-3.edf,EEG P9,41.5,0.6916666666666667,483.5
data\raw\siena\PN06\PN06-3.edf,EEG P9,42.0,0.7,483.5
data\raw\siena\PN06\PN06-3.edf,EEG P9,42.5,0.7083333333333334,479.625
data\raw\siena\PN06\PN06-3.edf,EEG P9,43.0,0.7166666666666667,473.25
data\raw\siena\PN06\PN06-3.edf,EEG P9,43.5,0.725,475.625
data\raw\siena\PN06\PN06-3.edf,EEG P9,44.0,0.7333333333333333,471.125
data\raw\siena\PN06\PN06-3.edf,EEG P9,44.5,0.7416666666666667,472.875
data\raw\siena\PN06\PN06-3.edf,EEG P9,45.0,0.75,481.125
data\raw\siena\PN06\PN06-3.edf,EEG P9,45.5,0.7583333333333333,481.125
data\raw\siena\PN06\PN06-3.edf,EEG P9,46.0,0.7666666666666667,472.875
data\raw\siena\PN06\PN06-3.edf,EEG P9,46.5,0.775,463.5
data\raw\siena\PN06\PN06-3.edf,EEG P9,47.0,0.7833333333333333,474.75
data\raw\siena\PN06\PN06-3.edf,EEG P9,47.5,0.7916666666666666,477.5
data\raw\siena\PN06\PN06-3.edf,EEG P9,48.0,0.8,484.12499999999994
data\raw\siena\PN06\PN06-3.edf,EEG P9,48.5,0.8083333333333333,481.125
data\raw\siena\PN06\PN06-3.edf,EEG P9,49.0,0.8166666666666667,496.875
data\raw\siena\PN06\PN06-3.edf,EEG P9,49.5,0.825,481.74999999999994
data\raw\siena\PN06\PN06-3.edf,EEG P9,50.0,0.8333333333333334,480.99999999999994
data\raw\siena\PN06\PN06-3.edf,EEG P9,50.5,0.8416666666666667,485.12499999999994
data\raw\siena\PN06\PN06-3.edf,EEG P9,51.0,0.85,489.875
data\raw\siena\PN06\PN06-3.edf,EEG P9,51.5,0.8583333333333333,471.125
data\raw\siena\PN06\PN06-3.edf,EEG P9,52.0,0.8666666666666667,466.75
data\raw\siena\PN06\PN06-3.edf,EEG P9,52.5,0.875,469.875
data\raw\siena\PN06\PN06-3.edf,EEG P9,53.0,0.8833333333333333,472.375
data\raw\siena\PN06\PN06-3.edf,EEG P9,53.5,0.8916666666666667,474.875
data\raw\siena\PN06\PN06-3.edf,EEG P9,54.0,0.9,483.75
data\raw\siena\PN06\PN06-3.edf,EEG P9,54.5,0.9083333333333333,483.875
data\raw\siena\PN06\PN06-3.edf,EEG P9,55.0,0.9166666666666666,495.25
data\raw\siena\PN06\PN06-3.edf,EEG P9,55.5,0.925,483.75
data\raw\siena\PN06\PN06-3.edf,EEG P9,56.0,0.9333333333333333,469.75
data\raw\siena\PN06\PN06-3.edf,EEG P9,56.5,0.9416666666666667,475.875
data\raw\siena\PN06\PN06-3.edf,EEG P9,57.0,0.95,486.75
data\raw\siena\PN06\PN06-3.edf,EEG P9,57.5,0.9583333333333334,487.5
data\raw\siena\PN06\PN06-3.edf,EEG P9,58.0,0.9666666666666667,474.5
data\raw\siena\PN06\PN06-3.edf,EEG P9,58.5,0.975,465.74999999999994
data\raw\siena\PN06\PN06-3.edf,EEG P9,59.0,0.9833333333333333,473.49999999999994
data\raw\siena\PN06\PN06-3.edf,EEG P9,59.5,0.9916666666666667,476.625
data\raw\siena\PN06\PN06-3.edf,EEG P9,60.0,1.0,484.25
data\raw\siena\PN06\PN06-3.edf,EEG P9,60.5,1.0083333333333333,481.875
data\raw\siena\PN06\PN06-3.edf,EEG P9,61.0,1.0166666666666666,485.25
data\raw\siena\PN06\PN06-3.edf,EEG P9,61.5,1.025,469.25
data\raw\siena\PN06\PN06-3.edf,EEG P9,62.0,1.0333333333333334,482.875
data\raw\siena\PN06\PN06-3.edf,EEG P9,62.5,1.0416666666666667,495.2499999999999
data\raw\siena\PN06\PN06-3.edf,EEG P9,63.0,1.05,495.2499999999999
data\raw\siena\PN06\PN06-3.edf,EEG P9,63.5,1.0583333333333333,483.875
data\raw\siena\PN06\PN06-3.edf,EEG P9,64.0,1.0666666666666667,481.0
data\raw\siena\PN06\PN06-3.edf,EEG P9,64.5,1.075,473.25
data\raw\siena\PN06\PN06-3.edf,EEG P9,65.0,1.0833333333333333,474.99999999999994
data\raw\siena\PN06\PN06-3.edf,EEG P9,65.5,1.0916666666666666,481.12499999999994
data\raw\siena\PN06\PN06-3.edf,EEG P9,66.0,1.1,481.5
data\raw\siena\PN06\PN06-3.edf,EEG P9,66.5,1.1083333333333334,481.5
data\raw\siena\PN06\PN06-3.edf,EEG P9,67.0,1.1166666666666667,475.625
data\raw\siena\PN06\PN06-3.edf,EEG P9,67.5,1.125,474.25
data\raw\siena\PN06\PN06-3.edf,EEG P9,68.0,1.1333333333333333,473.75
data\raw\siena\PN06\PN06-3.edf,EEG P9,68.5,1.1416666666666666,470.125
data\raw\siena\PN06\PN06-3.edf,EEG P9,69.0,1.15,468.5
data\raw\siena\PN06\PN06-3.edf,EEG P9,69.5,1.1583333333333334,473.5
data\raw\siena\PN06\PN06-3.edf,EEG P9,70.0,1.1666666666666667,480.125
data\raw\siena\PN06\PN06-3.edf,EEG P9,70.5,1.175,475.625
data\raw\siena\PN06\PN06-3.edf,EEG P9,71.0,1.1833333333333333,479.75
data\raw\siena\PN06\PN06-3.edf,EEG P9,71.5,1.1916666666666667,479.375
data\raw\siena\PN06\PN06-3.edf,EEG P9,72.0,1.2,482.75
data\raw\siena\PN06\PN06-3.edf,EEG P9,72.5,1.2083333333333333,482.75
data\raw\siena\PN06\PN06-3.edf,EEG P9,73.0,1.2166666666666666,469.25
data\raw\siena\PN06\PN06-3.edf,EEG P9,73.5,1.225,468.62499999999994
data\raw\siena\PN06\PN06-3.edf,EEG P9,74.0,1.2333333333333334,479.87499999999994
data\raw\siena\PN06\PN06-3.edf,EEG P9,74.5,1.2416666666666667,483.875
data\raw\siena\PN06\PN06-3.edf,EEG P9,75.0,1.25,480.625
data\raw\siena\PN06\PN06-3.edf,EEG P9,75.5,1.2583333333333333,476.375
data\raw\siena\PN06\PN06-3.edf,EEG P9,76.0,1.2666666666666666,472.0
data\raw\siena\PN06\PN06-3.edf,EEG P9,76.5,1.275,474.625
data\raw\siena\PN06\PN06-3.edf,EEG P9,77.0,1.2833333333333334,484.62499999999994
data\raw\siena\PN06\PN06-3.edf,EEG P9,77.5,1.2916666666666667,493.74999999999994
data\raw\siena\PN06\PN06-3.edf,EEG P9,78.0,1.3,487.375
data\raw\siena\PN06\PN06-3.edf,EEG P9,78.5,1.3083333333333333,475.5
data\raw\siena\PN06\PN06-3.edf,EEG P9,79.0,1.3166666666666667,491.375
data\raw\siena\PN06\PN06-3.edf,EEG P9,79.5,1.325,485.49999999999994
data\raw\siena\PN06\PN06-3.edf,EEG P9,80.0,1.3333333333333333,482.49999999999994
data\raw\siena\PN06\PN06-3.edf,EEG P9,80.5,1.3416666666666666,476.625
data\raw\siena\PN06\PN06-3.edf,EEG P9,81.0,1.35,476.25
data\raw\siena\PN06\PN06-3.edf,EEG P9,81.5,1.3583333333333334,489.25
data\raw\siena\PN06\PN06-3.edf,EEG P9,82.0,1.3666666666666667,489.25
data\raw\siena\PN06\PN06-3.edf,EEG P9,82.5,1.375,493.875
data\raw\siena\PN06\PN06-3.edf,EEG P9,83.0,1.3833333333333333,486.625
data\raw\siena\PN06\PN06-3.edf,EEG P9,83.5,1.3916666666666666,479.5
data\raw\siena\PN06\PN06-3.edf,EEG P9,84.0,1.4,483.75
data\raw\siena\PN06\PN06-3.edf,EEG P9,84.5,1.4083333333333334,488.5
data\raw\siena\PN06\PN06-3.edf,EEG P9,85.0,1.4166666666666667,486.625
data\raw\siena\PN06\PN06-3.edf,EEG P9,85.5,1.425,486.625
data\raw\siena\PN06\PN06-3.edf,EEG P9,86.0,1.4333333333333333,477.375
data\raw\siena\PN06\PN06-3.edf,EEG P9,86.5,1.4416666666666667,501.125
data\raw\siena\PN06\PN06-3.edf,EEG P9,87.0,1.45,499.875
data\raw\siena\PN06\PN06-3.edf,EEG P9,87.5,1.4583333333333333,474.75
data\raw\siena\PN06\PN06-3.edf,EEG P9,88.0,1.4666666666666666,497.75
data\raw\siena\PN06\PN06-3.edf,EEG P9,88.5,1.475,497.75
data\raw\siena\PN06\PN06-3.edf,EEG P9,89.0,1.4833333333333334,476.5
data\raw\siena\PN06\PN06-3.edf,EEG P9,89.5,1.4916666666666667,472.62499999999994
data\raw\siena\PN06\PN06-3.edf,EEG P9,90.0,1.5,465.0
data\raw\siena\PN06\PN06-3.edf,EEG P9,90.5,1.5083333333333333,473.75
data\raw\siena\PN06\PN06-3.edf,EEG P9,91.0,1.5166666666666666,469.625
data\raw\siena\PN06\PN06-3.edf,EEG P9,91.5,1.525,477.87499999999994
data\raw\siena\PN06\PN06-3.edf,EEG P9,92.0,1.5333333333333334,483.62499999999994
data\raw\siena\PN06\PN06-3.edf,EEG P9,92.5,1.5416666666666667,474.625
data\raw\siena\PN06\PN06-3.edf,EEG P9,93.0,1.55,477.75
data\raw\siena\PN06\PN06-3.edf,EEG P9,93.5,1.5583333333333333,488.0
data\raw\siena\PN06\PN06-3.edf,EEG P9,94.0,1.5666666666666667,484.87499999999994
data\raw\siena\PN06\PN06-3.edf,EEG P9,94.5,1.575,478.25
data\raw\siena\PN06\PN06-3.edf,EEG P9,95.0,1.5833333333333333,482.125
data\raw\siena\PN06\PN06-3.edf,EEG P9,95.5,1.5916666666666666,481.75
data\raw\siena\PN06\PN06-3.edf,EEG P9,96.0,1.6,470.875
data\raw\siena\PN06\PN06-3.edf,EEG P9,96.5,1.6083333333333334,465.375
data\raw\siena\PN06\PN06-3.edf,EEG P9,97.0,1.6166666666666667,488.375
data\raw\siena\PN06\PN06-3.edf,EEG P9,97.5,1.625,485.87499999999994
data\raw\siena\PN06\PN06-3.edf,EEG P9,98.0,1.6333333333333333,489.0
data\raw\siena\PN06\PN06-3.edf,EEG P9,98.5,1.6416666666666666,487.5
data\raw\siena\PN06\PN06-3.edf,EEG P9,99.0,1.65,475.875
data\raw\siena\PN06\PN06-3.edf,EEG P9,99.5,1.6583333333333334,485.75
data\raw\siena\PN06\PN06-3.edf,EEG P9,100.0,1.6666666666666667,472.75
data\raw\siena\PN06\PN06-3.edf,EEG P9,100.5,1.675,483.625
data\raw\siena\PN06\PN06-3.edf,EEG P9,101.0,1.6833333333333333,493.625
data\raw\siena\PN06\PN06-3.edf,EEG P9,101.5,1.6916666666666667,475.375
data\raw\siena\PN06\PN06-3.edf,EEG P9,102.0,1.7,471.125
data\raw\siena\PN06\PN06-3.edf,EEG P9,102.5,1.7083333333333333,487.625
data\raw\siena\PN06\PN06-3.edf,EEG P9,103.0,1.7166666666666666,496.125
data\raw\siena\PN06\PN06-3.edf,EEG P9,103.5,1.725,476.12499999999994
data\raw\siena\PN06\PN06-3.edf,EEG P9,104.0,1.7333333333333334,485.875
data\raw\siena\PN06\PN06-3.edf,EEG P9,104.5,1.7416666666666667,486.375
data\raw\siena\PN06\PN06-3.edf,EEG P9,105.0,1.75,477.0
data\raw\siena\PN06\PN06-3.edf,EEG P9,105.5,1.7583333333333333,476.75
data\raw\siena\PN06\PN06-3.edf,EEG P9,106.0,1.7666666666666666,476.75
data\raw\siena\PN06\PN06-3.edf,EEG P9,106.5,1.775,475.99999999999994
data\raw\siena\PN06\PN06-3.edf,EEG P9,107.0,1.7833333333333334,466.625
data\raw\siena\PN06\PN06-3.edf,EEG P9,107.5,1.7916666666666667,479.25
data\raw\siena\PN06\PN06-3.edf,EEG P9,108.0,1.8,487.875
data\raw\siena\PN06\PN06-3.edf,EEG P9,108.5,1.8083333333333333,495.0
data\raw\siena\PN06\PN06-3.edf,EEG P9,109.0,1.8166666666666667,472.875
data\raw\siena\PN06\PN06-3.edf,EEG P9,109.5,1.825,472.0
data\raw\siena\PN06\PN06-3.edf,EEG P9,110.0,1.8333333333333333,474.625
data\raw\siena\PN06\PN06-3.edf,EEG P9,110.5,1.8416666666666666,479.74999999999994
data\raw\siena\PN06\PN06-3.edf,EEG P9,111.0,1.85,482.5
data\raw\siena\PN06\PN06-3.edf,EEG P9,111.5,1.8583333333333334,483.125
data\raw\siena\PN06\PN06-3.edf,EEG P9,112.0,1.8666666666666667,473.75
data\raw\siena\PN06\PN06-3.edf,EEG P9,112.5,1.875,471.5
data\raw\siena\PN06\PN06-3.edf,EEG P9,113.0,1.8833333333333333,479.125
data\raw\siena\PN06\PN06-3.edf,EEG P9,113.5,1.8916666666666666,483.0
data\raw\siena\PN06\PN06-3.edf,EEG P9,114.0,1.9,477.125
data\raw\siena\PN06\PN06-3.edf,EEG P9,114.5,1.9083333333333334,476.0
data\raw\siena\PN06\PN06-3.edf,EEG P9,115.0,1.9166666666666667,460.375
data\raw\siena\PN06\PN06-3.edf,EEG P9,115.5,1.925,479.37499999999994
data\raw\siena\PN06\PN06-3.edf,EEG P9,116.0,1.9333333333333333,481.75
data\raw\siena\PN06\PN06-3.edf,EEG P9,116.5,1.9416666666666667,469.75
data\raw\siena\PN06\PN06-3.edf,EEG P9,117.0,1.95,469.375
data\raw\siena\PN06\PN06-3.edf,EEG P9,117.5,1.9583333333333333,491.25
data\raw\siena\PN06\PN06-3.edf,EEG P9,118.0,1.9666666666666666,498.375
data\raw\siena\PN06\PN06-3.edf,EEG P9,118.5,1.975,489.875
data\raw\siena\PN06\PN06-3.edf,EEG P9,119.0,1.9833333333333334,472.75
data\raw\siena\PN06\PN06-3.edf,EEG P9,119.5,1.9916666666666667,474.25
data\raw\siena\PN06\PN06-3.edf,EEG P9,120.0,2.0,480.87499999999994
data\raw\siena\PN06\PN06-3.edf,EEG P9,120.5,2.0083333333333333,481.87499999999994
data\raw\siena\PN06\PN06-3.edf,EEG P9,121.0,2.0166666666666666,483.375
data\raw\siena\PN06\PN06-3.edf,EEG P9,121.5,2.025,471.0
data\raw\siena\PN06\PN06-3.edf,EEG P9,122.0,2.033333333333333,480.99999999999994
data\raw\siena\PN06\PN06-3.edf,EEG P9,122.5,2.0416666666666665,488.5
data\raw\siena\PN06\PN06-3.edf,EEG P9,123.0,2.05,487.75
data\raw\siena\PN06\PN06-3.edf,EEG P9,123.5,2.058333333333333,469.25
data\raw\siena\PN06\PN06-3.edf,EEG P9,124.0,2.066666666666667,472.125
data\raw\siena\PN06\PN06-3.edf,EEG P9,124.5,2.075,489.75
data\raw\siena\PN06\PN06-3.edf,EEG P9,125.0,2.0833333333333335,487.5
data\raw\siena\PN06\PN06-3.edf,EEG P9,125.5,2.091666666666667,477.75
data\raw\siena\PN06\PN06-3.edf,EEG P9,126.0,2.1,490.7499999999999
data\raw\siena\PN06\PN06-3.edf,EEG P9,126.5,2.1083333333333334,494.12499999999994
data\raw\siena\PN06\PN06-3.edf,EEG P9,127.0,2.1166666666666667,485.875
data\raw\siena\PN06\PN06-3.edf,EEG P9,127.5,2.125,483.375
data\raw\siena\PN06\PN06-3.edf,EEG P9,128.0,2.1333333333333333,481.625
data\raw\siena\PN06\PN06-3.edf,EEG P9,128.5,2.1416666666666666,487.0
data\raw\siena\PN06\PN06-3.edf,EEG P9,129.0,2.15,485.5
data\raw\siena\PN06\PN06-3.edf,EEG P9,129.5,2.158333333333333,503.0
data\raw\siena\PN06\PN06-3.edf,EEG P9,130.0,2.1666666666666665,499.375
data\raw\siena\PN06\PN06-3.edf,EEG P9,130.5,2.175,487.25
data\raw\siena\PN06\PN06-3.edf,EEG P9,131.0,2.183333333333333,483.0
data\raw\siena\PN06\PN06-3.edf,EEG P9,131.5,2.191666666666667,482.5
data\raw\siena\PN06\PN06-3.edf,EEG P9,132.0,2.2,475.625
data\raw\siena\PN06\PN06-3.edf,EEG P9,132.5,2.2083333333333335,473.875
data\raw\siena\PN06\PN06-3.edf,EEG P9,133.0,2.216666666666667,486.625
data\raw\siena\PN06\PN06-3.edf,EEG P9,133.5,2.225,477.25
data\raw\siena\PN06\PN06-3.edf,EEG P9,134.0,2.2333333333333334,478.875
data\raw\siena\PN06\PN06-3.edf,EEG P9,134.5,2.2416666666666667,480.0
data\raw\siena\PN06\PN06-3.edf,EEG P9,135.0,2.25,488.125
data\raw\siena\PN06\PN06-3.edf,EEG P9,135.5,2.2583333333333333,505.625
data\raw\siena\PN06\PN06-3.edf,EEG P9,136.0,2.2666666666666666,491.62499999999994
data\raw\siena\PN06\PN06-3.edf,EEG P9,136.5,2.275,481.5
data\raw\siena\PN06\PN06-3.edf,EEG P9,137.0,2.283333333333333,490.125
data\raw\siena\PN06\PN06-3.edf,EEG P9,137.5,2.2916666666666665,491.625
data\raw\siena\PN06\PN06-3.edf,EEG P9,138.0,2.3,487.875
data\raw\siena\PN06\PN06-3.edf,EEG P9,138.5,2.308333333333333,490.87499999999994
data\raw\siena\PN06\PN06-3.edf,EEG P9,139.0,2.316666666666667,498.5
data\raw\siena\PN06\PN06-3.edf,EEG P9,139.5,2.325,483.125
data\raw\siena\PN06\PN06-3.edf,EEG P9,140.0,2.3333333333333335,470.12499999999994
data\raw\siena\PN06\PN06-3.edf,EEG P9,140.5,2.341666666666667,471.625
data\raw\siena\PN06\PN06-3.edf,EEG P9,141.0,2.35,471.625
data\raw\siena\PN06\PN06-3.edf,EEG P9,141.5,2.3583333333333334,467.375
data\raw\siena\PN06\PN06-3.edf,EEG P9,142.0,2.3666666666666667,478.875
data\raw\siena\PN06\PN06-3.edf,EEG P9,142.5,2.375,473.49999999999994
data\raw\siena\PN06\PN06-3.edf,EEG P9,143.0,2.3833333333333333,469.25
data\raw\siena\PN06\PN06-3.edf,EEG P9,143.5,2.3916666666666666,472.25
data\raw\siena\PN06\PN06-3.edf,EEG P9,144.0,2.4,480.875
data\raw\siena\PN06\PN06-3.edf,EEG P9,144.5,2.408333333333333,487.99999999999994
data\raw\siena\PN06\PN06-3.edf,EEG P9,145.0,2.4166666666666665,487.62499999999994
data\raw\siena\PN06\PN06-3.edf,EEG P9,145.5,2.425,479.625
data\raw\siena\PN06\PN06-3.edf,EEG P9,146.0,2.433333333333333,473.875
data\raw\siena\PN06\PN06-3.edf,EEG P9,146.5,2.441666666666667,485.49999999999994
data\raw\siena\PN06\PN06-3.edf,EEG P9,147.0,2.45,493.87499999999994
data\raw\siena\PN06\PN06-3.edf,EEG P9,147.5,2.4583333333333335,472.125
data\raw\siena\PN06\PN06-3.edf,EEG P9,148.0,2.466666666666667,483.125
data\raw\siena\PN06\PN06-3.edf,EEG P9,148.5,2.475,486.75
data\raw\siena\PN06\PN06-3.edf,EEG P9,149.0,2.4833333333333334,482.375
data\raw\siena\PN06\PN06-3.edf,EEG P9,149.5,2.4916666666666667,484.75
data\raw\siena\PN06\PN06-3.edf,EEG P9,150.0,2.5,498.625
data\raw\siena\PN06\PN06-3.edf,EEG P9,150.5,2.5083333333333333,485.875
data\raw\siena\PN06\PN06-3.edf,EEG P9,151.0,2.5166666666666666,490.125
data\raw\siena\PN06\PN06-3.edf,EEG P9,151.5,2.525,482.75
data\raw\siena\PN06\PN06-3.edf,EEG P9,152.0,2.533333333333333,478.99999999999994
data\raw\siena\PN06\PN06-3.edf,EEG P9,152.5,2.5416666666666665,467.37499999999994
data\raw\siena\PN06\PN06-3.edf,EEG P9,153.0,2.55,470.24999999999994
data\raw\siena\PN06\PN06-3.edf,EEG P9,153.5,2.558333333333333,469.875
data\raw\siena\PN06\PN06-3.edf,EEG P9,154.0,2.566666666666667,467.25
data\raw\siena\PN06\PN06-3.edf,EEG P9,154.5,2.575,482.75
data\raw\siena\PN06\PN06-3.edf,EEG P9,155.0,2.5833333333333335,472.24999999999994
data\raw\siena\PN06\PN06-3.edf,EEG P9,155.5,2.591666666666667,480.37499999999994
data\raw\siena\PN06\PN06-3.edf,EEG P9,156.0,2.6,483.375
data\raw\siena\PN06\PN06-3.edf,EEG P9,156.5,2.6083333333333334,491.74999999999994
data\raw\siena\PN06\PN06-3.edf,EEG P9,157.0,2.6166666666666667,478.62499999999994
data\raw\siena\PN06\PN06-3.edf,EEG P9,157.5,2.625,492.5
data\raw\siena\PN06\PN06-3.edf,EEG P9,158.0,2.6333333333333333,492.5
data\raw\siena\PN06\PN06-3.edf,EEG P9,158.5,2.6416666666666666,480.5
data\raw\siena\PN06\PN06-3.edf,EEG P9,159.0,2.65,485.125
data\raw\siena\PN06\PN06-3.edf,EEG P9,159.5,2.658333333333333,484.875
data\raw\siena\PN06\PN06-3.edf,EEG P9,160.0,2.6666666666666665,485.625
data\raw\siena\PN06\PN06-3.edf,EEG P9,160.5,2.675,492.75
data\raw\siena\PN06\PN06-3.edf,EEG P9,161.0,2.683333333333333,476.25
data\raw\siena\PN06\PN06-3.edf,EEG P9,161.5,2.691666666666667,466.75
data\raw\siena\PN06\PN06-3.edf,EEG P9,162.0,2.7,487.5
data\raw\siena\PN06\PN06-3.edf,EEG P9,162.5,2.7083333333333335,484.375
data\raw\siena\PN06\PN06-3.edf,EEG P9,163.0,2.716666666666667,478.125
data\raw\siena\PN06\PN06-3.edf,EEG P9,163.5,2.725,477.375
data\raw\siena\PN06\PN06-3.edf,EEG P9,164.0,2.7333333333333334,480.5
data\raw\siena\PN06\PN06-3.edf,EEG P9,164.5,2.7416666666666667,504.75
data\raw\siena\PN06\PN06-3.edf,EEG P9,165.0,2.75,504.75
data\raw\siena\PN06\PN06-3.edf,EEG P9,165.5,2.7583333333333333,481.75
data\raw\siena\PN06\PN06-3.edf,EEG P9,166.0,2.7666666666666666,493.75
data\raw\siena\PN06\PN06-3.edf,EEG P9,166.5,2.775,492.625
data\raw\siena\PN06\PN06-3.edf,EEG P9,167.0,2.783333333333333,486.25
data\raw\siena\PN06\PN06-3.edf,EEG P9,167.5,2.7916666666666665,503.625
data\raw\siena\PN06\PN06-3.edf,EEG P9,168.0,2.8,492.625
data\raw\siena\PN06\PN06-3.edf,EEG P9,168.5,2.808333333333333,490.875
data\raw\siena\PN06\PN06-3.edf,EEG P9,169.0,2.816666666666667,490.375
data\raw\siena\PN06\PN06-3.edf,EEG P9,169.5,2.825,478.25
data\raw\siena\PN06\PN06-3.edf,EEG P9,170.0,2.8333333333333335,467.375
data\raw\siena\PN06\PN06-3.edf,EEG P9,170.5,2.841666666666667,467.375
data\raw\siena\PN06\PN06-3.edf,EEG P9,171.0,2.85,486.625
data\raw\siena\PN06\PN06-3.edf,EEG P9,171.5,2.8583333333333334,490.0
data\raw\siena\PN06\PN06-3.edf,EEG P9,172.0,2.8666666666666667,473.625
data\raw\siena\PN06\PN06-3.edf,EEG P9,172.5,2.875,473.87499999999994
data\raw\siena\PN06\PN06-3.edf,EEG P9,173.0,2.8833333333333333,488.125
data\raw\siena\PN06\PN06-3.edf,EEG P9,173.5,2.8916666666666666,493.0
data\raw\siena\PN06\PN06-3.edf,EEG P9,174.0,2.9,481.75
data\raw\siena\PN06\PN06-3.edf,EEG P9,174.5,2.908333333333333,482.375
data\raw\siena\PN06\PN06-3.edf,EEG P9,175.0,2.9166666666666665,477.125
data\raw\siena\PN06\PN06-3.edf,EEG P9,175.5,2.925,479.125
data\raw\siena\PN06\PN06-3.edf,EEG P9,176.0,2.933333333333333,488.25
data\raw\siena\PN06\PN06-3.edf,EEG P9,176.5,2.941666666666667,488.25
data\raw\siena\PN06\PN06-3.edf,EEG P9,177.0,2.95,464.875
data\raw\siena\PN06\PN06-3.edf,EEG P9,177.5,2.9583333333333335,480.75
data\raw\siena\PN06\PN06-3.edf,EEG P9,178.0,2.966666666666667,499.75
data\raw\siena\PN06\PN06-3.edf,EEG P9,178.5,2.975,480.25
data\raw\siena\PN06\PN06-3.edf,EEG P9,179.0,2.9833333333333334,487.5
data\raw\siena\PN06\PN06-3.edf,EEG P9,179.5,2.9916666666666667,493.0
data\raw\siena\PN06\PN06-3.edf,EEG P9,180.0,3.0,482.375
data\raw\siena\PN06\PN06-3.edf,EEG P9,180.5,3.0083333333333333,473.75
data\raw\siena\PN06\PN06-3.edf,EEG P9,181.0,3.0166666666666666,473.75
data\raw\siena\PN06\PN06-3.edf,EEG P9,181.5,3.025,474.625
data\raw\siena\PN06\PN06-3.edf,EEG P9,182.0,3.033333333333333,492.75
data\raw\siena\PN06\PN06-3.edf,EEG P9,182.5,3.0416666666666665,489.5
data\raw\siena\PN06\PN06-3.edf,EEG P9,183.0,3.05,471.875
data\raw\siena\PN06\PN06-3.edf,EEG P9,183.5,3.058333333333333,490.25
data\raw\siena\PN06\PN06-3.edf,EEG P9,184.0,3.066666666666667,484.24999999999994
data\raw\siena\PN06\PN06-3.edf,EEG P9,184.5,3.075,482.99999999999994
data\raw\siena\PN06\PN06-3.edf,EEG P9,185.0,3.0833333333333335,486.25
data\raw\siena\PN06\PN06-3.edf,EEG P9,185.5,3.091666666666667,485.375
data\raw\siena\PN06\PN06-3.edf,EEG P9,186.0,3.1,476.0
data\raw\siena\PN06\PN06-3.edf,EEG P9,186.5,3.1083333333333334,481.125
data\raw\siena\PN06\PN06-3.edf,EEG P9,187.0,3.1166666666666667,481.125
data\raw\siena\PN06\PN06-3.edf,EEG P9,187.5,3.125,477.25
data\raw\siena\PN06\PN06-3.edf,EEG P9,188.0,3.1333333333333333,477.25
data\raw\siena\PN06\PN06-3.edf,EEG P9,188.5,3.1416666666666666,479.375
data\raw\siena\PN06\PN06-3.edf,EEG P9,189.0,3.15,479.375
data\raw\siena\PN06\PN06-3.edf,EEG P9,189.5,3.158333333333333,468.125
data\raw\siena\PN06\PN06-3.edf,EEG P9,190.0,3.1666666666666665,475.49999999999994
data\raw\siena\PN06\PN06-3.edf,EEG P9,190.5,3.175,480.0
data\raw\siena\PN06\PN06-3.edf,EEG P9,191.0,3.183333333333333,480.0
data\raw\siena\PN06\PN06-3.edf,EEG P9,191.5,3.191666666666667,491.125
data\raw\siena\PN06\PN06-3.edf,EEG P9,192.0,3.2,495.75
data\raw\siena\PN06\PN06-3.edf,EEG P9,192.5,3.2083333333333335,478.75
data\raw\siena\PN06\PN06-3.edf,EEG P9,193.0,3.216666666666667,478.75
data\raw\siena\PN06\PN06-3.edf,EEG P9,193.5,3.225,472.125
data\raw\siena\PN06\PN06-3.edf,EEG P9,194.0,3.2333333333333334,491.625
data\raw\siena\PN06\PN06-3.edf,EEG P9,194.5,3.2416666666666667,494.875
data\raw\siena\PN06\PN06-3.edf,EEG P9,195.0,3.25,498.375
data\raw\siena\PN06\PN06-3.edf,EEG P9,195.5,3.2583333333333333,473.375
data\raw\siena\PN06\PN06-3.edf,EEG P9,196.0,3.2666666666666666,483.875
data\raw\siena\PN06\PN06-3.edf,EEG P9,196.5,3.275,500.25
data\raw\siena\PN06\PN06-3.edf,EEG P9,197.0,3.283333333333333,486.375
data\raw\siena\PN06\PN06-3.edf,EEG P9,197.5,3.2916666666666665,469.875
data\raw\siena\PN06\PN06-3.edf,EEG P9,198.0,3.3,479.25
data\raw\siena\PN06\PN06-3.edf,EEG P9,198.5,3.308333333333333,479.75
data\raw\siena\PN06\PN06-3.edf,EEG P9,199.0,3.316666666666667,480.625
data\raw\siena\PN06\PN06-3.edf,EEG P9,199.5,3.325,474.5
data\raw\siena\PN06\PN06-3.edf,EEG P9,200.0,3.3333333333333335,470.125
data\raw\siena\PN06\PN06-3.edf,EEG P9,200.5,3.341666666666667,478.875
data\raw\siena\PN06\PN06-3.edf,EEG P9,201.0,3.35,497.5
data\raw\siena\PN06\PN06-3.edf,EEG P9,201.5,3.3583333333333334,497.5
data\raw\siena\PN06\PN06-3.edf,EEG P9,202.0,3.3666666666666667,474.12499999999994
data\raw\siena\PN06\PN06-3.edf,EEG P9,202.5,3.375,469.25
data\raw\siena\PN06\PN06-3.edf,EEG P9,203.0,3.3833333333333333,468.375
data\raw\siena\PN06\PN06-3.edf,EEG P9,203.5,3.3916666666666666,483.5
data\raw\siena\PN06\PN06-3.edf,EEG P9,204.0,3.4,472.49999999999994
data\raw\siena\PN06\PN06-3.edf,EEG P9,204.5,3.408333333333333,467.625
data\raw\siena\PN06\PN06-3.edf,EEG P9,205.0,3.4166666666666665,482.5
data\raw\siena\PN06\PN06-3.edf,EEG P9,205.5,3.425,481.125
data\raw\siena\PN06\PN06-3.edf,EEG P9,206.0,3.433333333333333,483.12499999999994
data\raw\siena\PN06\PN06-3.edf,EEG P9,206.5,3.441666666666667,489.0
data\raw\siena\PN06\PN06-3.edf,EEG P9,207.0,3.45,476.875
data\raw\siena\PN06\PN06-3.edf,EEG P9,207.5,3.4583333333333335,478.75
data\raw\siena\PN06\PN06-3.edf,EEG P9,208.0,3.466666666666667,501.5
data\raw\siena\PN06\PN06-3.edf,EEG P9,208.5,3.475,498.25
data\raw\siena\PN06\PN06-3.edf,EEG P9,209.0,3.4833333333333334,477.25
data\raw\siena\PN06\PN06-3.edf,EEG P9,209.5,3.4916666666666667,487.25
data\raw\siena\PN06\PN06-3.edf,EEG P9,210.0,3.5,473.0
data\raw\siena\PN06\PN06-3.edf,EEG P9,210.5,3.5083333333333333,477.5
data\raw\siena\PN06\PN06-3.edf,EEG P9,211.0,3.5166666666666666,485.0
data\raw\siena\PN06\PN06-3.edf,EEG P9,211.5,3.525,485.125
data\raw\siena\PN06\PN06-3.edf,EEG P9,212.0,3.533333333333333,491.375
data\raw\siena\PN06\PN06-3.edf,EEG P9,212.5,3.5416666666666665,482.875
data\raw\siena\PN06\PN06-3.edf,EEG P9,213.0,3.55,501.5
data\raw\siena\PN06\PN06-3.edf,EEG P9,213.5,3.558333333333333,491.25
data\raw\siena\PN06\PN06-3.edf,EEG P9,214.0,3.566666666666667,492.75
data\raw\siena\PN06\PN06-3.edf,EEG P9,214.5,3.575,492.75
data\raw\siena\PN06\PN06-3.edf,EEG P9,215.0,3.5833333333333335,479.625
data\raw\siena\PN06\PN06-3.edf,EEG P9,215.5,3.591666666666667,478.625
data\raw\siena\PN06\PN06-3.edf,EEG P9,216.0,3.6,474.87499999999994
data\raw\siena\PN06\PN06-3.edf,EEG P9,216.5,3.6083333333333334,484.37499999999994
data\raw\siena\PN06\PN06-3.edf,EEG P9,217.0,3.6166666666666667,484.37499999999994
data\raw\siena\PN06\PN06-3.edf,EEG P9,217.5,3.625,472.87499999999994
data\raw\siena\PN06\PN06-3.edf,EEG P9,218.0,3.6333333333333333,475.5
data\raw\siena\PN06\PN06-3.edf,EEG P9,218.5,3.6416666666666666,472.875
data\raw\siena\PN06\PN06-3.edf,EEG P9,219.0,3.65,484.375
data\raw\siena\PN06\PN06-3.edf,EEG P9,219.5,3.658333333333333,488.75
data\raw\siena\PN06\PN06-3.edf,EEG P9,220.0,3.6666666666666665,471.375
data\raw\siena\PN06\PN06-3.edf,EEG P9,220.5,3.675,479.25
data\raw\siena\PN06\PN06-3.edf,EEG P9,221.0,3.683333333333333,494.75
data\raw\siena\PN06\PN06-3.edf,EEG P9,221.5,3.691666666666667,486.0
data\raw\siena\PN06\PN06-3.edf,EEG P9,222.0,3.7,471.625
data\raw\siena\PN06\PN06-3.edf,EEG P9,222.5,3.7083333333333335,493.9999999999999
data\raw\siena\PN06\PN06-3.edf,EEG P9,223.0,3.716666666666667,494.6249999999999
data\raw\siena\PN06\PN06-3.edf,EEG P9,223.5,3.725,470.5
data\raw\siena\PN06\PN06-3.edf,EEG P9,224.0,3.7333333333333334,468.25
data\raw\siena\PN06\PN06-3.edf,EEG P9,224.5,3.7416666666666667,468.875
data\raw\siena\PN06\PN06-3.edf,EEG P9,225.0,3.75,480.125
data\raw\siena\PN06\PN06-3.edf,EEG P9,225.5,3.7583333333333333,492.0
data\raw\siena\PN06\PN06-3.edf,EEG P9,226.0,3.7666666666666666,471.625
data\raw\siena\PN06\PN06-3.edf,EEG P9,226.5,3.775,491.625
data\raw\siena\PN06\PN06-3.edf,EEG P9,227.0,3.783333333333333,491.625
data\raw\siena\PN06\PN06-3.edf,EEG P9,227.5,3.7916666666666665,480.375
data\raw\siena\PN06\PN06-3.edf,EEG P9,228.0,3.8,484.625
data\raw\siena\PN06\PN06-3.edf,EEG P9,228.5,3.808333333333333,478.25
data\raw\siena\PN06\PN06-3.edf,EEG P9,229.0,3.816666666666667,479.125
data\raw\siena\PN06\PN06-3.edf,EEG P9,229.5,3.825,481.375
data\raw\siena\PN06\PN06-3.edf,EEG P9,230.0,3.8333333333333335,475.5
data\raw\siena\PN06\PN06-3.edf,EEG P9,230.5,3.841666666666667,484.5
data\raw\siena\PN06\PN06-3.edf,EEG P9,231.0,3.85,494.25
data\raw\siena\PN06\PN06-3.edf,EEG P9,231.5,3.8583333333333334,489.75
data\raw\siena\PN06\PN06-3.edf,EEG P9,232.0,3.8666666666666667,481.25
data\raw\siena\PN06\PN06-3.edf,EEG P9,232.5,3.875,477.875
data\raw\siena\PN06\PN06-3.edf,EEG P9,233.0,3.8833333333333333,480.125
data\raw\siena\PN06\PN06-3.edf,EEG P9,233.5,3.8916666666666666,478.5
data\raw\siena\PN06\PN06-3.edf,EEG P9,234.0,3.9,482.125
data\raw\siena\PN06\PN06-3.edf,EEG P9,234.5,3.908333333333333,486.5
data\raw\siena\PN06\PN06-3.edf,EEG P9,235.0,3.9166666666666665,489.875
data\raw\siena\PN06\PN06-3.edf,EEG P9,235.5,3.925,501.25
data\raw\siena\PN06\PN06-3.edf,EEG P9,236.0,3.933333333333333,495.875
data\raw\siena\PN06\PN06-3.edf,EEG P9,236.5,3.941666666666667,502.5
data\raw\siena\PN06\PN06-3.edf,EEG P9,237.0,3.95,502.5
data\raw\siena\PN06\PN06-3.edf,EEG P9,237.5,3.9583333333333335,476.5
data\raw\siena\PN06\PN06-3.edf,EEG P9,238.0,3.966666666666667,487.125
data\raw\siena\PN06\PN06-3.edf,EEG P9,238.5,3.975,483.37499999999994
data\raw\siena\PN06\PN06-3.edf,EEG P9,239.0,3.9833333333333334,467.375
data\raw\siena\PN06\PN06-3.edf,EEG P9,239.5,3.9916666666666667,475.875
data\raw\siena\PN06\PN06-3.edf,EEG P9,240.0,4.0,473.75
data\raw\siena\PN06\PN06-3.edf,EEG P9,240.5,4.008333333333334,515.375
data\raw\siena\PN06\PN06-3.edf,EEG P9,241.0,4.016666666666667,546.0
data\raw\siena\PN06\PN06-3.edf,EEG P9,241.5,4.025,840.0
data\raw\siena\PN06\PN06-3.edf,EEG P9,242.0,4.033333333333333,913.75
data\raw\siena\PN06\PN06-3.edf,EEG P9,242.5,4.041666666666667,669.375
data\raw\siena\PN06\PN06-3.edf,EEG P9,243.0,4.05,626.75
data\raw\siena\PN06\PN06-3.edf,EEG P9,243.5,4.058333333333334,582.125
data\raw\siena\PN06\PN06-3.edf,EEG P9,244.0,4.066666666666666,612.25
data\raw\siena\PN06\PN06-3.edf,EEG P9,244.5,4.075,782.75
data\raw\siena\PN06\PN06-3.edf,EEG P9,245.0,4.083333333333333,924.375
data\raw\siena\PN06\PN06-3.edf,EEG P9,245.5,4.091666666666667,719.125
data\raw\siena\PN06\PN06-3.edf,EEG P9,246.0,4.1,715.5
data\raw\siena\PN06\PN06-3.edf,EEG P9,246.5,4.108333333333333,707.9999999999999
data\raw\siena\PN06\PN06-3.edf,EEG P9,247.0,4.116666666666666,602.625
data\raw\siena\PN06\PN06-3.edf,EEG P9,247.5,4.125,598.6249999999999
data\raw\siena\PN06\PN06-3.edf,EEG P9,248.0,4.133333333333334,531.25
data\raw\siena\PN06\PN06-3.edf,EEG P9,1079.0,17.983333333333334,449.37499999999994
data\raw\siena\PN06\PN06-3.edf,EEG P9,1079.5,17.991666666666667,461.74999999999994
data\raw\siena\PN06\PN06-3.edf,EEG P9,1080.0,18.0,461.74999999999994
data\raw\siena\PN06\PN06-3.edf,EEG P9,1080.5,18.008333333333333,462.375
data\raw\siena\PN06\PN06-3.edf,EEG P9,1081.0,18.016666666666666,464.75
data\raw\siena\PN06\PN06-3.edf,EEG P9,1081.5,18.025,456.5
data\raw\siena\PN06\PN06-3.edf,EEG P9,1082.0,18.033333333333335,466.25
data\raw\siena\PN06\PN06-3.edf,EEG P9,1082.5,18.041666666666668,450.75
data\raw\siena\PN06\PN06-3.edf,EEG P9,1083.0,18.05,472.5
data\raw\siena\PN06\PN06-3.edf,EEG P9,1083.5,18.058333333333334,459.75
data\raw\siena\PN06\PN06-3.edf,EEG P9,1084.0,18.066666666666666,448.875
data\raw\siena\PN06\PN06-3.edf,EEG P9,1084.5,18.075,455.25
data\raw\siena\PN06\PN06-3.edf,EEG P9,1085.0,18.083333333333332,457.25
data\raw\siena\PN06\PN06-3.edf,EEG P9,1085.5,18.091666666666665,458.625
data\raw\siena\PN06\PN06-3.edf,EEG P9,1086.0,18.1,457.375
data\raw\siena\PN06\PN06-3.edf,EEG P9,1086.5,18.108333333333334,456.875
data\raw\siena\PN06\PN06-3.edf,EEG P9,1087.0,18.116666666666667,455.875
data\raw\siena\PN06\PN06-3.edf,EEG P9,1087.5,18.125,458.5
data\raw\siena\PN06\PN06-3.edf,EEG P9,1088.0,18.133333333333333,454.625
data\raw\siena\PN06\PN06-3.edf,EEG P9,1088.5,18.141666666666666,456.0
data\raw\siena\PN06\PN06-3.edf,EEG P9,1089.0,18.15,460.125
data\raw\siena\PN06\PN06-3.edf,EEG P9,1089.5,18.158333333333335,475.625
data\raw\siena\PN06\PN06-3.edf,EEG P9,1090.0,18.166666666666668,483.0
data\raw\siena\PN06\PN06-3.edf,EEG P9,1090.5,18.175,475.875
data\raw\siena\PN06\PN06-3.edf,EEG P9,1091.0,18.183333333333334,471.375
data\raw\siena\PN06\PN06-3.edf,EEG P9,1091.5,18.191666666666666,457.25
data\raw\siena\PN06\PN06-3.edf,EEG P9,1092.0,18.2,466.125
data\raw\siena\PN06\PN06-3.edf,EEG P9,1092.5,18.208333333333332,466.125
data\raw\siena\PN06\PN06-3.edf,EEG P9,1093.0,18.216666666666665,457.25
data\raw\siena\PN06\PN06-3.edf,EEG P9,1093.5,18.225,466.25
data\raw\siena\PN06\PN06-3.edf,EEG P9,1094.0,18.233333333333334,480.99999999999994
data\raw\siena\PN06\PN06-3.edf,EEG P9,1094.5,18.241666666666667,459.5
data\raw\siena\PN06\PN06-3.edf,EEG P9,1095.0,18.25,458.5
data\raw\siena\PN06\PN06-3.edf,EEG P9,1095.5,18.258333333333333,472.99999999999994
data\raw\siena\PN06\PN06-3.edf,EEG P9,1096.0,18.266666666666666,472.99999999999994
data\raw\siena\PN06\PN06-3.edf,EEG P9,1096.5,18.275,471.62499999999994
data\raw\siena\PN06\PN06-3.edf,EEG P9,1097.0,18.283333333333335,471.62499999999994
data\raw\siena\PN06\PN06-3.edf,EEG P9,1097.5,18.291666666666668,458.75
data\raw\siena\PN06\PN06-3.edf,EEG P9,1098.0,18.3,460.125
data\raw\siena\PN06\PN06-3.edf,EEG P9,1098.5,18.308333333333334,471.875
data\raw\siena\PN06\PN06-3.edf,EEG P9,1099.0,18.316666666666666,464.99999999999994
data\raw\siena\PN06\PN06-3.edf,EEG P9,1099.5,18.325,453.25
data\raw\siena\PN06\PN06-3.edf,EEG P9,1100.0,18.333333333333332,458.5
data\raw\siena\PN06\PN06-3.edf,EEG P9,1100.5,18.341666666666665,471.375
data\raw\siena\PN06\PN06-3.edf,EEG P9,1101.0,18.35,487.125
data\raw\siena\PN06\PN06-3.edf,EEG P9,1101.5,18.358333333333334,461.12499999999994
data\raw\siena\PN06\PN06-3.edf,EEG P9,1102.0,18.366666666666667,459.0
data\raw\siena\PN06\PN06-3.edf,EEG P9,1102.5,18.375,461.625
data\raw\siena\PN06\PN06-3.edf,EEG P9,1103.0,18.383333333333333,462.75
data\raw\siena\PN06\PN06-3.edf,EEG P9,1103.5,18.391666666666666,465.75
data\raw\siena\PN06\PN06-3.edf,EEG P9,1104.0,18.4,477.0
data\raw\siena\PN06\PN06-3.edf,EEG P9,1104.5,18.408333333333335,477.0
data\raw\siena\PN06\PN06-3.edf,EEG P9,1105.0,18.416666666666668,454.125
data\raw\siena\PN06\PN06-3.edf,EEG P9,1105.5,18.425,465.0
data\raw\siena\PN06\PN06-3.edf,EEG P9,1106.0,18.433333333333334,454.5
data\raw\siena\PN06\PN06-3.edf,EEG P9,1106.5,18.441666666666666,464.0
data\raw\siena\PN06\PN06-3.edf,EEG P9,1107.0,18.45,460.5
data\raw\siena\PN06\PN06-3.edf,EEG P9,1107.5,18.458333333333332,459.5
data\raw\siena\PN06\PN06-3.edf,EEG P9,1108.0,18.466666666666665,462.125
data\raw\siena\PN06\PN06-3.edf,EEG P9,1108.5,18.475,462.125
data\raw\siena\PN06\PN06-3.edf,EEG P9,1109.0,18.483333333333334,455.0
data\raw\siena\PN06\PN06-3.edf,EEG P9,1109.5,18.491666666666667,465.75
data\raw\siena\PN06\PN06-3.edf,EEG P9,1110.0,18.5,466.75
data\raw\siena\PN06\PN06-3.edf,EEG P9,1110.5,18.508333333333333,473.375
data\raw\siena\PN06\PN06-3.edf,EEG P9,1111.0,18.516666666666666,474.375
data\raw\siena\PN06\PN06-3.edf,EEG P9,1111.5,18.525,456.74999999999994
data\raw\siena\PN06\PN06-3.edf,EEG P9,1112.0,18.533333333333335,456.74999999999994
data\raw\siena\PN06\PN06-3.edf,EEG P9,1112.5,18.541666666666668,454.125
data\raw\siena\PN06\PN06-3.edf,EEG P9,1113.0,18.55,455.5
data\raw\siena\PN06\PN06-3.edf,EEG P9,1113.5,18.558333333333334,453.0
data\raw\siena\PN06\PN06-3.edf,EEG P9,1114.0,18.566666666666666,462.12499999999994
data\raw\siena\PN06\PN06-3.edf,EEG P9,1114.5,18.575,463.625
data\raw\siena\PN06\PN06-3.edf,EEG P9,1115.0,18.583333333333332,466.25
data\raw\siena\PN06\PN06-3.edf,EEG P9,1115.5,18.591666666666665,461.25
data\raw\siena\PN06\PN06-3.edf,EEG P9,1116.0,18.6,457.125
data\raw\siena\PN06\PN06-3.edf,EEG P9,1116.5,18.608333333333334,460.75
data\raw\siena\PN06\PN06-3.edf,EEG P9,1117.0,18.616666666666667,453.375
data\raw\siena\PN06\PN06-3.edf,EEG P9,1117.5,18.625,467.5
data\raw\siena\PN06\PN06-3.edf,EEG P9,1118.0,18.633333333333333,457.625
data\raw\siena\PN06\PN06-3.edf,EEG P9,1118.5,18.641666666666666,460.75
data\raw\siena\PN06\PN06-3.edf,EEG P9,1119.0,18.65,481.0
data\raw\siena\PN06\PN06-3.edf,EEG P9,1119.5,18.658333333333335,478.875
data\raw\siena\PN06\PN06-3.edf,EEG P9,1120.0,18.666666666666668,481.24999999999994
data\raw\siena\PN06\PN06-3.edf,EEG P9,1120.5,18.675,479.375
data\raw\siena\PN06\PN06-3.edf,EEG P9,1121.0,18.683333333333334,471.5
data\raw\siena\PN06\PN06-3.edf,EEG P9,1121.5,18.691666666666666,456.75
data\raw\siena\PN06\PN06-3.edf,EEG P9,1122.0,18.7,453.25
data\raw\siena\PN06\PN06-3.edf,EEG P9,1122.5,18.708333333333332,463.125
data\raw\siena\PN06\PN06-3.edf,EEG P9,1123.0,18.716666666666665,451.5
data\raw\siena\PN06\PN06-3.edf,EEG P9,1123.5,18.725,454.375
data\raw\siena\PN06\PN06-3.edf,EEG P9,1124.0,18.733333333333334,454.87499999999994
data\raw\siena\PN06\PN06-3.edf,EEG P9,1124.5,18.741666666666667,460.0
data\raw\siena\PN06\PN06-3.edf,EEG P9,1125.0,18.75,467.37499999999994
data\raw\siena\PN06\PN06-3.edf,EEG P9,1125.5,18.758333333333333,472.87499999999994
data\raw\siena\PN06\PN06-3.edf,EEG P9,1126.0,18.766666666666666,467.25
data\raw\siena\PN06\PN06-3.edf,EEG P9,1126.5,18.775,469.25
data\raw\siena\PN06\PN06-3.edf,EEG P9,1127.0,18.783333333333335,466.375
data\raw\siena\PN06\PN06-3.edf,EEG P9,1127.5,18.791666666666668,460.875
data\raw\siena\PN06\PN06-3.edf,EEG P9,1128.0,18.8,458.625
data\raw\siena\PN06\PN06-3.edf,EEG P9,1128.5,18.808333333333334,458.625
data\raw\siena\PN06\PN06-3.edf,EEG P9,1129.0,18.816666666666666,477.375
data\raw\siena\PN06\PN06-3.edf,EEG P9,1129.5,18.825,467.25
data\raw\siena\PN06\PN06-3.edf,EEG P9,1130.0,18.833333333333332,463.875
data\raw\siena\PN06\PN06-3.edf,EEG P9,1130.5,18.841666666666665,470.5
data\raw\siena\PN06\PN06-3.edf,EEG P9,1131.0,18.85,462.0
data\raw\siena\PN06\PN06-3.edf,EEG P9,1131.5,18.858333333333334,456.375
data\raw\siena\PN06\PN06-3.edf,EEG P9,1132.0,18.866666666666667,461.625
data\raw\siena\PN06\PN06-3.edf,EEG P9,1132.5,18.875,461.625
data\raw\siena\PN06\PN06-3.edf,EEG P9,1133.0,18.883333333333333,467.875
data\raw\siena\PN06\PN06-3.edf,EEG P9,1133.5,18.891666666666666,466.75
data\raw\siena\PN06\PN06-3.edf,EEG P9,1134.0,18.9,462.625
data\raw\siena\PN06\PN06-3.edf,EEG P9,1134.5,18.908333333333335,462.5
data\raw\siena\PN06\PN06-3.edf,EEG P9,1135.0,18.916666666666668,448.625
data\raw\siena\PN06\PN06-3.edf,EEG P9,1135.5,18.925,466.49999999999994
data\raw\siena\PN06\PN06-3.edf,EEG P9,1136.0,18.933333333333334,464.87499999999994
data\raw\siena\PN06\PN06-3.edf,EEG P9,1136.5,18.941666666666666,456.74999999999994
data\raw\siena\PN06\PN06-3.edf,EEG P9,1137.0,18.95,447.125
data\raw\siena\PN06\PN06-3.edf,EEG P9,1137.5,18.958333333333332,454.75
data\raw\siena\PN06\PN06-3.edf,EEG P9,1138.0,18.966666666666665,454.75
data\raw\siena\PN06\PN06-3.edf,EEG P9,1138.5,18.975,465.25
data\raw\siena\PN06\PN06-3.edf,EEG P9,1139.0,18.983333333333334,465.25
data\raw\siena\PN06\PN06-3.edf,EEG P9,1139.5,18.991666666666667,462.875
data\raw\siena\PN06\PN06-3.edf,EEG P9,1140.0,19.0,459.375
data\raw\siena\PN06\PN06-3.edf,EEG P9,1140.5,19.008333333333333,469.375
data\raw\siena\PN06\PN06-3.edf,EEG P9,1141.0,19.016666666666666,457.0
data\raw\siena\PN06\PN06-3.edf,EEG P9,1141.5,19.025,453.625
data\raw\siena\PN06\PN06-3.edf,EEG P9,1142.0,19.033333333333335,453.875
data\raw\siena\PN06\PN06-3.edf,EEG P9,1142.5,19.041666666666668,466.25
data\raw\siena\PN06\PN06-3.edf,EEG P9,1143.0,19.05,461.25
data\raw\siena\PN06\PN06-3.edf,EEG P9,1143.5,19.058333333333334,461.625
data\raw\siena\PN06\PN06-3.edf,EEG P9,1144.0,19.066666666666666,468.12499999999994
data\raw\siena\PN06\PN06-3.edf,EEG P9,1144.5,19.075,491.625
data\raw\siena\PN06\PN06-3.edf,EEG P9,1145.0,19.083333333333332,485.125
data\raw\siena\PN06\PN06-3.edf,EEG P9,1145.5,19.091666666666665,459.375
data\raw\siena\PN06\PN06-3.edf,EEG P9,1146.0,19.1,468.75
data\raw\siena\PN06\PN06-3.edf,EEG P9,1146.5,19.108333333333334,470.25
data\raw\siena\PN06\PN06-3.edf,EEG P9,1147.0,19.116666666666667,470.25
data\raw\siena\PN06\PN06-3.edf,EEG P9,1147.5,19.125,450.125
data\raw\siena\PN06\PN06-3.edf,EEG P9,1148.0,19.133333333333333,460.375
data\raw\siena\PN06\PN06-3.edf,EEG P9,1148.5,19.141666666666666,466.37499999999994
data\raw\siena\PN06\PN06-3.edf,EEG P9,1149.0,19.15,481.75
data\raw\siena\PN06\PN06-3.edf,EEG P9,1149.5,19.158333333333335,481.75
data\raw\siena\PN06\PN06-3.edf,EEG P9,1150.0,19.166666666666668,456.75
data\raw\siena\PN06\PN06-3.edf,EEG P9,1150.5,19.175,475.75
data\raw\siena\PN06\PN06-3.edf,EEG P9,1151.0,19.183333333333334,470.625
data\raw\siena\PN06\PN06-3.edf,EEG P9,1151.5,19.191666666666666,465.5
data\raw\siena\PN06\PN06-3.edf,EEG P9,1152.0,19.2,465.875
data\raw\siena\PN06\PN06-3.edf,EEG P9,1152.5,19.208333333333332,465.25
data\raw\siena\PN06\PN06-3.edf,EEG P9,1153.0,19.216666666666665,471.87499999999994
data\raw\siena\PN06\PN06-3.edf,EEG P9,1153.5,19.225,457.74999999999994
data\raw\siena\PN06\PN06-3.edf,EEG P9,1154.0,19.233333333333334,463.375
data\raw\siena\PN06\PN06-3.edf,EEG P9,1154.5,19.241666666666667,469.125
data\raw\siena\PN06\PN06-3.edf,EEG P9,1155.0,19.25,488.25
data\raw\siena\PN06\PN06-3.edf,EEG P9,1155.5,19.258333333333333,472.875
data\raw\siena\PN06\PN06-3.edf,EEG P9,1156.0,19.266666666666666,463.375
data\raw\siena\PN06\PN06-3.edf,EEG P9,1156.5,19.275,458.625
data\raw\siena\PN06\PN06-3.edf,EEG P9,1157.0,19.283333333333335,469.5
data\raw\siena\PN06\PN06-3.edf,EEG P9,1157.5,19.291666666666668,466.37499999999994
data\raw\siena\PN06\PN06-3.edf,EEG P9,1158.0,19.3,477.375
data\raw\siena\PN06\PN06-3.edf,EEG P9,1158.5,19.308333333333334,468.625
data\raw\siena\PN06\PN06-3.edf,EEG P9,1159.0,19.316666666666666,479.875
data\raw\siena\PN06\PN06-3.edf,EEG P9,1159.5,19.325,462.25
data\raw\siena\PN06\PN06-3.edf,EEG P9,1160.0,19.333333333333332,463.75
data\raw\siena\PN06\PN06-3.edf,EEG P9,1160.5,19.341666666666665,463.0
data\raw\siena\PN06\PN06-3.edf,EEG P9,1161.0,19.35,462.375
data\raw\siena\PN06\PN06-3.edf,EEG P9,1161.5,19.358333333333334,462.375
data\raw\siena\PN06\PN06-3.edf,EEG P9,1162.0,19.366666666666667,463.87499999999994
data\raw\siena\PN06\PN06-3.edf,EEG P9,1162.5,19.375,462.375
data\raw\siena\PN06\PN06-3.edf,EEG P9,1163.0,19.383333333333333,462.625
data\raw\siena\PN06\PN06-3.edf,EEG P9,1163.5,19.391666666666666,468.99999999999994
data\raw\siena\PN06\PN06-3.edf,EEG P9,1164.0,19.4,465.74999999999994
data\raw\siena\PN06\PN06-3.edf,EEG P9,1164.5,19.408333333333335,467.37499999999994
data\raw\siena\PN06\PN06-3.edf,EEG P9,1165.0,19.416666666666668,472.24999999999994
data\raw\siena\PN06\PN06-3.edf,EEG P9,1165.5,19.425,462.5
data\raw\siena\PN06\PN06-3.edf,EEG P9,1166.0,19.433333333333334,482.0
data\raw\siena\PN06\PN06-3.edf,EEG P9,1166.5,19.441666666666666,476.625
data\raw\siena\PN06\PN06-3.edf,EEG P9,1167.0,19.45,474.75
data\raw\siena\PN06\PN06-3.edf,EEG P9,1167.5,19.458333333333332,489.74999999999994
data\raw\siena\PN06\PN06-3.edf,EEG P9,1168.0,19.466666666666665,459.99999999999994
data\raw\siena\PN06\PN06-3.edf,EEG P9,1168.5,19.475,452.625
data\raw\siena\PN06\PN06-3.edf,EEG P9,1169.0,19.483333333333334,449.875
data\raw\siena\PN06\PN06-3.edf,EEG P9,1169.5,19.491666666666667,452.125
data\raw\siena\PN06\PN06-3.edf,EEG P9,1170.0,19.5,466.37499999999994
data\raw\siena\PN06\PN06-3.edf,EEG P9,1170.5,19.508333333333333,461.375
data\raw\siena\PN06\PN06-3.edf,EEG P9,1171.0,19.516666666666666,457.75
data\raw\siena\PN06\PN06-3.edf,EEG P9,1171.5,19.525,453.125
data\raw\siena\PN06\PN06-3.edf,EEG P9,1172.0,19.533333333333335,470.25
data\raw\siena\PN06\PN06-3.edf,EEG P9,1172.5,19.541666666666668,471.0
data\raw\siena\PN06\PN06-3.edf,EEG P9,1173.0,19.55,471.75
data\raw\siena\PN06\PN06-3.edf,EEG P9,1173.5,19.558333333333334,467.375
data\raw\siena\PN06\PN06-3.edf,EEG P9,1174.0,19.566666666666666,461.0
data\raw\siena\PN06\PN06-3.edf,EEG P9,1174.5,19.575,459.0
data\raw\siena\PN06\PN06-3.edf,EEG P9,1175.0,19.583333333333332,453.25
data\raw\siena\PN06\PN06-3.edf,EEG P9,1175.5,19.591666666666665,464.5
data\raw\siena\PN06\PN06-3.edf,EEG P9,1176.0,19.6,464.5
data\raw\siena\PN06\PN06-3.edf,EEG P9,1176.5,19.608333333333334,463.25
data\raw\siena\PN06\PN06-3.edf,EEG P9,1177.0,19.616666666666667,474.75
data\raw\siena\PN06\PN06-3.edf,EEG P9,1177.5,19.625,467.875
data\raw\siena\PN06\PN06-3.edf,EEG P9,1178.0,19.633333333333333,455.5
data\raw\siena\PN06\PN06-3.edf,EEG P9,1178.5,19.641666666666666,465.12499999999994
data\raw\siena\PN06\PN06-3.edf,EEG P9,1179.0,19.65,476.5
data\raw\siena\PN06\PN06-3.edf,EEG P9,1179.5,19.658333333333335,460.5
data\raw\siena\PN06\PN06-3.edf,EEG P9,1180.0,19.666666666666668,461.5
data\raw\siena\PN06\PN06-3.edf,EEG P9,1180.5,19.675,449.0
data\raw\siena\PN06\PN06-3.edf,EEG P9,1181.0,19.683333333333334,452.5
data\raw\siena\PN06\PN06-3.edf,EEG P9,1181.5,19.691666666666666,447.62499999999994
data\raw\siena\PN06\PN06-3.edf,EEG P9,1182.0,19.7,463.375
data\raw\siena\PN06\PN06-3.edf,EEG P9,1182.5,19.708333333333332,463.375
data\raw\siena\PN06\PN06-3.edf,EEG P9,1183.0,19.716666666666665,467.37499999999994
data\raw\siena\PN06\PN06-3.edf,EEG P9,1183.5,19.725,452.0
data\raw\siena\PN06\PN06-3.edf,EEG P9,1184.0,19.733333333333334,453.5
data\raw\siena\PN06\PN06-3.edf,EEG P9,1184.5,19.741666666666667,462.5
data\raw\siena\PN06\PN06-3.edf,EEG P9,1185.0,19.75,465.49999999999994
data\raw\siena\PN06\PN06-3.edf,EEG P9,1185.5,19.758333333333333,450.62499999999994
data\raw\siena\PN06\PN06-3.edf,EEG P9,1186.0,19.766666666666666,448.99999999999994
data\raw\siena\PN06\PN06-3.edf,EEG P9,1186.5,19.775,458.62499999999994
data\raw\siena\PN06\PN06-3.edf,EEG P9,1187.0,19.783333333333335,463.875
data\raw\siena\PN06\PN06-3.edf,EEG P9,1187.5,19.791666666666668,468.5
data\raw\siena\PN06\PN06-3.edf,EEG P9,1188.0,19.8,468.5
data\raw\siena\PN06\PN06-3.edf,EEG P9,1188.5,19.808333333333334,458.5
data\raw\siena\PN06\PN06-3.edf,EEG P9,1189.0,19.816666666666666,459.875
data\raw\siena\PN06\PN06-3.edf,EEG P9,1189.5,19.825,468.37499999999994
data\raw\siena\PN06\PN06-3.edf,EEG P9,1190.0,19.833333333333332,461.25
data\raw\siena\PN06\PN06-3.edf,EEG P9,1190.5,19.841666666666665,454.75
data\raw\siena\PN06\PN06-3.edf,EEG P9,1191.0,19.85,462.5
data\raw\siena\PN06\PN06-3.edf,EEG P9,1191.5,19.858333333333334,482.875
data\raw\siena\PN06\PN06-3.edf,EEG P9,1192.0,19.866666666666667,480.5
data\raw\siena\PN06\PN06-3.edf,EEG P9,1192.5,19.875,476.125
data\raw\siena\PN06\PN06-3.edf,EEG P9,1193.0,19.883333333333333,489.125
data\raw\siena\PN06\PN06-3.edf,EEG P9,1193.5,19.891666666666666,474.875
data\raw\siena\PN06\PN06-3.edf,EEG P9,1194.0,19.9,452.62499999999994
data\raw\siena\PN06\PN06-3.edf,EEG P9,1194.5,19.908333333333335,475.375
data\raw\siena\PN06\PN06-3.edf,EEG P9,1195.0,19.916666666666668,475.375
data\raw\siena\PN06\PN06-3.edf,EEG P9,1195.5,19.925,456.25
data\raw\siena\PN06\PN06-3.edf,EEG P9,1196.0,19.933333333333334,474.375
data\raw\siena\PN06\PN06-3.edf,EEG P9,1196.5,19.941666666666666,472.5
data\raw\siena\PN06\PN06-3.edf,EEG P9,1197.0,19.95,484.875
data\raw\siena\PN06\PN06-3.edf,EEG P9,1197.5,19.958333333333332,453.375
data\raw\siena\PN06\PN06-3.edf,EEG P9,1198.0,19.966666666666665,451.25
data\raw\siena\PN06\PN06-3.edf,EEG P9,1198.5,19.975,454.625
data\raw\siena\PN06\PN06-3.edf,EEG P9,1199.0,19.983333333333334,444.125
data\raw\siena\PN06\PN06-3.edf,EEG P9,1199.5,19.991666666666667,461.74999999999994
data\raw\siena\PN06\PN06-3.edf,EEG P9,1200.0,20.0,475.5
data\raw\siena\PN06\PN06-3.edf,EEG P9,1200.5,20.008333333333333,488.625
data\raw\siena\PN06\PN06-3.edf,EEG P9,1201.0,20.016666666666666,518.625
data\raw\siena\PN06\PN06-3.edf,EEG P9,1201.5,20.025,529.125
data\raw\siena\PN06\PN06-3.edf,EEG P9,1202.0,20.033333333333335,775.625
data\raw\siena\PN06\PN06-3.edf,EEG P9,1202.5,20.041666666666668,683.75
data\raw\siena\PN06\PN06-3.edf,EEG P9,1203.0,20.05,627.25
data\raw\siena\PN06\PN06-3.edf,EEG P9,1203.5,20.058333333333334,1003.1249999999999
data\raw\siena\PN06\PN06-3.edf,EEG P9,1204.0,20.066666666666666,930.1249999999999
data\raw\siena\PN06\PN06-3.edf,EEG P9,1204.5,20.075,902.375
data\raw\siena\PN06\PN06-3.edf,EEG P9,1205.0,20.083333333333332,627.3749999999999
data\raw\siena\PN06\PN06-3.edf,EEG P9,1205.5,20.091666666666665,542.625
data\raw\siena\PN06\PN06-3.edf,EEG P9,1206.0,20.1,536.0
data\raw\siena\PN06\PN06-3.edf,EEG P9,1206.5,20.108333333333334,514.25
data\raw\siena\PN06\PN06-3.edf,EEG P9,1207.0,20.116666666666667,495.125
data\raw\siena\PN06\PN06-3.edf,EEG P9,1207.5,20.125,489.75
data\raw\siena\PN06\PN06-3.edf,EEG P9,1208.0,20.133333333333333,470.5
data\raw\siena\PN06\PN06-3.edf,EEG P9,1208.5,20.141666666666666,460.25
data\raw\siena\PN06\PN06-3.edf,EEG P9,1209.0,20.15,503.24999999999994
data\raw\siena\PN06\PN06-3.edf,EEG P9,1209.5,20.158333333333335,491.62499999999994
data\raw\siena\PN06\PN06-3.edf,EEG P9,1210.0,20.166666666666668,468.625
data\raw\siena\PN06\PN06-3.edf,EEG P9,1210.5,20.175,466.625
data\raw\siena\PN06\PN06-3.edf,EEG P9,1211.0,20.183333333333334,475.12499999999994
data\raw\siena\PN06\PN06-3.edf,EEG P9,1211.5,20.191666666666666,462.87499999999994
data\raw\siena\PN06\PN06-3.edf,EEG P9,1212.0,20.2,462.25
data\raw\siena\PN06\PN06-3.edf,EEG P9,1212.5,20.208333333333332,465.5
data\raw\siena\PN06\PN06-3.edf,EEG P9,1213.0,20.216666666666665,489.375
data\raw\siena\PN06\PN06-3.edf,EEG P9,1213.5,20.225,477.625
data\raw\siena\PN06\PN06-3.edf,EEG P9,1214.0,20.233333333333334,475.75
data\raw\siena\PN06\PN06-3.edf,EEG P9,1214.5,20.241666666666667,472.75
data\raw\siena\PN06\PN06-3.edf,EEG P9,1215.0,20.25,463.75
data\raw\siena\PN06\PN06-3.edf,EEG P9,1215.5,20.258333333333333,471.25
data\raw\siena\PN06\PN06-3.edf,EEG P9,1216.0,20.266666666666666,468.75
data\raw\siena\PN06\PN06-3.edf,EEG P9,1216.5,20.275,451.875
data\raw\siena\PN06\PN06-3.edf,EEG P9,1217.0,20.283333333333335,456.625
data\raw\siena\PN06\PN06-3.edf,EEG P9,1217.5,20.291666666666668,455.625
data\raw\siena\PN06\PN06-3.edf,EEG P9,1218.0,20.3,455.625
data\raw\siena\PN06\PN06-3.edf,EEG P9,1218.5,20.308333333333334,460.5
data\raw\siena\PN06\PN06-3.edf,EEG P9,1219.0,20.316666666666666,453.62499999999994
data\raw\siena\PN06\PN06-3.edf,EEG P9,1219.5,20.325,449.74999999999994
data\raw\siena\PN06\PN06-3.edf,EEG P9,1220.0,20.333333333333332,462.625
data\raw\siena\PN06\PN06-3.edf,EEG P9,1220.5,20.341666666666665,465.0
data\raw\siena\PN06\PN06-3.edf,EEG P9,1221.0,20.35,459.375
data\raw\siena\PN06\PN06-3.edf,EEG P9,1221.5,20.358333333333334,448.25
data\raw\siena\PN06\PN06-3.edf,EEG P9,1222.0,20.366666666666667,457.375
data\raw\siena\PN06\PN06-3.edf,EEG P9,1222.5,20.375,454.0
data\raw\siena\PN06\PN06-3.edf,EEG P9,1223.0,20.383333333333333,457.125
data\raw\siena\PN06\PN06-3.edf,EEG P9,1223.5,20.391666666666666,458.5
data\raw\siena\PN06\PN06-3.edf,EEG P9,1224.0,20.4,476.75
data\raw\siena\PN06\PN06-3.edf,EEG P9,1224.5,20.408333333333335,481.625
data\raw\siena\PN06\PN06-3.edf,EEG P9,1225.0,20.416666666666668,454.25
data\raw\siena\PN06\PN06-3.edf,EEG P9,1225.5,20.425,453.5
data\raw\siena\PN06\PN06-3.edf,EEG P9,1226.0,20.433333333333334,469.5
data\raw\siena\PN06\PN06-3.edf,EEG P9,1226.5,20.441666666666666,479.125
data\raw\siena\PN06\PN06-3.edf,EEG P9,1227.0,20.45,460.25
data\raw\siena\PN06\PN06-3.edf,EEG P9,1227.5,20.458333333333332,461.5
data\raw\siena\PN06\PN06-3.edf,EEG P9,1228.0,20.466666666666665,458.875
data\raw\siena\PN06\PN06-3.edf,EEG P9,1228.5,20.475,454.74999999999994
data\raw\siena\PN06\PN06-3.edf,EEG P9,1229.0,20.483333333333334,451.75
data\raw\siena\PN06\PN06-3.edf,EEG P9,1229.5,20.491666666666667,447.125
data\raw\siena\PN06\PN06-3.edf,EEG P9,1230.0,20.5,468.0
data\raw\siena\PN06\PN06-3.edf,EEG P9,1230.5,20.508333333333333,468.0
data\raw\siena\PN06\PN06-3.edf,EEG P9,1231.0,20.516666666666666,456.25
data\raw\siena\PN06\PN06-3.edf,EEG P9,1231.5,20.525,479.12499999999994
data\raw\siena\PN06\PN06-3.edf,EEG P9,1232.0,20.533333333333335,479.12499999999994
data\raw\siena\PN06\PN06-3.edf,EEG P9,1232.5,20.541666666666668,451.375
data\raw\siena\PN06\PN06-3.edf,EEG P9,1233.0,20.55,481.24999999999994
data\raw\siena\PN06\PN06-3.edf,EEG P9,1233.5,20.558333333333334,458.62499999999994
data\raw\siena\PN06\PN06-3.edf,EEG P9,1234.0,20.566666666666666,461.25
data\raw\siena\PN06\PN06-3.edf,EEG P9,1234.5,20.575,468.875
data\raw\siena\PN06\PN06-3.edf,EEG P9,1235.0,20.583333333333332,467.25
data\raw\siena\PN06\PN06-3.edf,EEG P9,1235.5,20.591666666666665,456.49999999999994
data\raw\siena\PN06\PN06-3.edf,EEG P9,1236.0,20.6,448.37499999999994
data\raw\siena\PN06\PN06-3.edf,EEG P9,1236.5,20.608333333333334,460.375
data\raw\siena\PN06\PN06-3.edf,EEG P9,1237.0,20.616666666666667,466.5
data\raw\siena\PN06\PN06-3.edf,EEG P9,1237.5,20.625,472.0
data\raw\siena\PN06\PN06-3.edf,EEG P9,1238.0,20.633333333333333,462.0
data\raw\siena\PN06\PN06-3.edf,EEG P9,1238.5,20.641666666666666,487.5
data\raw\siena\PN06\PN06-3.edf,EEG P9,1239.0,20.65,525.0
data\raw\siena\PN06\PN06-3.edf,EEG P9,1239.5,20.658333333333335,459.62499999999994
data\raw\siena\PN06\PN06-3.edf,EEG P9,1240.0,20.666666666666668,460.875
data\raw\siena\PN06\PN06-3.edf,EEG P9,1240.5,20.675,454.625
data\raw\siena\PN06\PN06-3.edf,EEG P9,1241.0,20.683333333333334,483.125
data\raw\siena\PN06\PN06-3.edf,EEG P9,1241.5,20.691666666666666,473.75
data\raw\siena\PN06\PN06-3.edf,EEG P9,1242.0,20.7,471.875
data\raw\siena\PN06\PN06-3.edf,EEG P9,1242.5,20.708333333333332,460.125
data\raw\siena\PN06\PN06-3.edf,EEG P9,1243.0,20.716666666666665,460.125
data\raw\siena\PN06\PN06-3.edf,EEG P9,1243.5,20.725,457.875
data\raw\siena\PN06\PN06-3.edf,EEG P9,1244.0,20.733333333333334,458.875
data\raw\siena\PN06\PN06-3.edf,EEG P9,1244.5,20.741666666666667,459.99999999999994
data\raw\siena\PN06\PN06-3.edf,EEG P9,1245.0,20.75,462.24999999999994
data\raw\siena\PN06\PN06-3.edf,EEG P9,1245.5,20.758333333333333,458.625
data\raw\siena\PN06\PN06-3.edf,EEG P9,1246.0,20.766666666666666,458.625
data\raw\siena\PN06\PN06-3.edf,EEG P9,1246.5,20.775,459.875
data\raw\siena\PN06\PN06-3.edf,EEG P9,1247.0,20.783333333333335,448.0
data\raw\siena\PN06\PN06-3.edf,EEG P9,1247.5,20.791666666666668,479.25
data\raw\siena\PN06\PN06-3.edf,EEG P9,1248.0,20.8,462.0
data\raw\siena\PN06\PN06-3.edf,EEG P9,1248.5,20.808333333333334,463.625
data\raw\siena\PN06\PN06-3.edf,EEG P9,1249.0,20.816666666666666,474.25
data\raw\siena\PN06\PN06-3.edf,EEG P9,1249.5,20.825,448.5
data\raw\siena\PN06\PN06-3.edf,EEG P9,1250.0,20.833333333333332,473.0
data\raw\siena\PN06\PN06-3.edf,EEG P9,1250.5,20.841666666666665,459.99999999999994
data\raw\siena\PN06\PN06-3.edf,EEG P9,1251.0,20.85,459.99999999999994
data\raw\siena\PN06\PN06-3.edf,EEG P9,1251.5,20.858333333333334,449.5
data\raw\siena\PN06\PN06-3.edf,EEG P9,1252.0,20.866666666666667,454.75
data\raw\siena\PN06\PN06-3.edf,EEG P9,1252.5,20.875,468.375
data\raw\siena\PN06\PN06-3.edf,EEG P9,1253.0,20.883333333333333,468.375
data\raw\siena\PN06\PN06-3.edf,EEG P9,1253.5,20.891666666666666,447.875
data\raw\siena\PN06\PN06-3.edf,EEG P9,1254.0,20.9,458.0
data\raw\siena\PN06\PN06-3.edf,EEG P9,1254.5,20.908333333333335,453.125
data\raw\siena\PN06\PN06-3.edf,EEG P9,1255.0,20.916666666666668,463.125
data\raw\siena\PN06\PN06-3.edf,EEG P9,1255.5,20.925,467.0
data\raw\siena\PN06\PN06-3.edf,EEG P9,1256.0,20.933333333333334,459.25
data\raw\siena\PN06\PN06-3.edf,EEG P9,1256.5,20.941666666666666,454.25
data\raw\siena\PN06\PN06-3.edf,EEG P9,1257.0,20.95,454.25
data\raw\siena\PN06\PN06-3.edf,EEG P9,1257.5,20.958333333333332,452.125
data\raw\siena\PN06\PN06-3.edf,EEG P9,1258.0,20.966666666666665,450.62499999999994
data\raw\siena\PN06\PN06-3.edf,EEG P9,1258.5,20.975,451.24999999999994
data\raw\siena\PN06\PN06-3.edf,EEG P9,1259.0,20.983333333333334,441.0
data\raw\siena\PN06\PN06-3.edf,EEG P9,2047.0,34.11666666666667,687.0
data\raw\siena\PN06\PN06-3.edf,EEG P9,2047.5,34.125,702.75
data\raw\siena\PN06\PN06-3.edf,EEG P9,2048.0,34.13333333333333,764.25
data\raw\siena\PN06\PN06-3.edf,EEG P9,2048.5,34.141666666666666,774.125
data\raw\siena\PN06\PN06-3.edf,EEG P9,2049.0,34.15,777.625
data\raw\siena\PN06\PN06-3.edf,EEG P9,2049.5,34.15833333333333,760.875
data\raw\siena\PN06\PN06-3.edf,EEG P9,2050.0,34.166666666666664,694.375
data\raw\siena\PN06\PN06-3.edf,EEG P9,2050.5,34.175,680.125
data\raw\siena\PN06\PN06-3.edf,EEG P9,2051.0,34.18333333333333,671.5
data\raw\siena\PN06\PN06-3.edf,EEG P9,2051.5,34.19166666666667,669.25
data\raw\siena\PN06\PN06-3.edf,EEG P9,2052.0,34.2,672.5
data\raw\siena\PN06\PN06-3.edf,EEG P9,2052.5,34.208333333333336,663.125
data\raw\siena\PN06\PN06-3.edf,EEG P9,2053.0,34.21666666666667,661.25
data\raw\siena\PN06\PN06-3.edf,EEG P9,2053.5,34.225,669.875
data\raw\siena\PN06\PN06-3.edf,EEG P9,2054.0,34.233333333333334,663.625
data\raw\siena\PN06\PN06-3.edf,EEG P9,2054.5,34.24166666666667,662.0
data\raw\siena\PN06\PN06-3.edf,EEG P9,2055.0,34.25,668.375
data\raw\siena\PN06\PN06-3.edf,EEG P9,2055.5,34.25833333333333,686.625
data\raw\siena\PN06\PN06-3.edf,EEG P9,2056.0,34.266666666666666,680.625
data\raw\siena\PN06\PN06-3.edf,EEG P9,2056.5,34.275,674.125
data\raw\siena\PN06\PN06-3.edf,EEG P9,2057.0,34.28333333333333,676.375
data\raw\siena\PN06\PN06-3.edf,EEG P9,2057.5,34.291666666666664,682.125
data\raw\siena\PN06\PN06-3.edf,EEG P9,2058.0,34.3,676.5
data\raw\siena\PN06\PN06-3.edf,EEG P9,2058.5,34.30833333333333,684.5
data\raw\siena\PN06\PN06-3.edf,EEG P9,2059.0,34.31666666666667,678.0
data\raw\siena\PN06\PN06-3.edf,EEG P9,2059.5,34.325,670.375
data\raw\siena\PN06\PN06-3.edf,EEG P9,2060.0,34.333333333333336,661.125
data\raw\siena\PN06\PN06-3.edf,EEG P9,2060.5,34.34166666666667,666.25
data\raw\siena\PN06\PN06-3.edf,EEG P9,2061.0,34.35,680.5
data\raw\siena\PN06\PN06-3.edf,EEG P9,2061.5,34.358333333333334,685.875
data\raw\siena\PN06\PN06-3.edf,EEG P9,2062.0,34.36666666666667,674.5
data\raw\siena\PN06\PN06-3.edf,EEG P9,2062.5,34.375,667.125
data\raw\siena\PN06\PN06-3.edf,EEG P9,2063.0,34.38333333333333,667.5
data\raw\siena\PN06\PN06-3.edf,EEG P9,2063.5,34.391666666666666,687.5
data\raw\siena\PN06\PN06-3.edf,EEG P9,2064.0,34.4,678.125
data\raw\siena\PN06\PN06-3.edf,EEG P9,2064.5,34.40833333333333,684.625
data\raw\siena\PN06\PN06-3.edf,EEG P9,2065.0,34.416666666666664,685.2499999999999
data\raw\siena\PN06\PN06-3.edf,EEG P9,2065.5,34.425,687.875
data\raw\siena\PN06\PN06-3.edf,EEG P9,2066.0,34.43333333333333,661.875
data\raw\siena\PN06\PN06-3.edf,EEG P9,2066.5,34.44166666666667,680.875
data\raw\siena\PN06\PN06-3.edf,EEG P9,2067.0,34.45,680.875
data\raw\siena\PN06\PN06-3.edf,EEG P9,2067.5,34.458333333333336,669.625
data\raw\siena\PN06\PN06-3.edf,EEG P9,2068.0,34.46666666666667,679.0
data\raw\siena\PN06\PN06-3.edf,EEG P9,2068.5,34.475,679.0
data\raw\siena\PN06\PN06-3.edf,EEG P9,2069.0,34.483333333333334,668.625
data\raw\siena\PN06\PN06-3.edf,EEG P9,2069.5,34.49166666666667,663.0
data\raw\siena\PN06\PN06-3.edf,EEG P9,2070.0,34.5,685.875
data\raw\siena\PN06\PN06-3.edf,EEG P9,2070.5,34.50833333333333,685.875
data\raw\siena\PN06\PN06-3.edf,EEG P9,2071.0,34.516666666666666,661.125
data\raw\siena\PN06\PN06-3.edf,EEG P9,2071.5,34.525,685.5
data\raw\siena\PN06\PN06-3.edf,EEG P9,2072.0,34.53333333333333,685.5
data\raw\siena\PN06\PN06-3.edf,EEG P9,2072.5,34.541666666666664,680.5
data\raw\siena\PN06\PN06-3.edf,EEG P9,2073.0,34.55,677.75
data\raw\siena\PN06\PN06-3.edf,EEG P9,2073.5,34.55833333333333,674.625
data\raw\siena\PN06\PN06-3.edf,EEG P9,2074.0,34.56666666666667,670.875
data\raw\siena\PN06\PN06-3.edf,EEG P9,2074.5,34.575,676.625
data\raw\siena\PN06\PN06-3.edf,EEG P9,2075.0,34.583333333333336,683.25
data\raw\siena\PN06\PN06-3.edf,EEG P9,2075.5,34.59166666666667,669.875
data\raw\siena\PN06\PN06-3.edf,EEG P9,2076.0,34.6,661.5
data\raw\siena\PN06\PN06-3.edf,EEG P9,2076.5,34.608333333333334,658.375
data\raw\siena\PN06\PN06-3.edf,EEG P9,2077.0,34.61666666666667,663.25
data\raw\siena\PN06\PN06-3.edf,EEG P9,2077.5,34.625,671.0
data\raw\siena\PN06\PN06-3.edf,EEG P9,2078.0,34.63333333333333,680.375
data\raw\siena\PN06\PN06-3.edf,EEG P9,2078.5,34.641666666666666,671.75
data\raw\siena\PN06\PN06-3.edf,EEG P9,2079.0,34.65,679.375
data\raw\siena\PN06\PN06-3.edf,EEG P9,2079.5,34.65833333333333,675.625
data\raw\siena\PN06\PN06-3.edf,EEG P9,2080.0,34.666666666666664,686.375
data\raw\siena\PN06\PN06-3.edf,EEG P9,2080.5,34.675,679.875
data\raw\siena\PN06\PN06-3.edf,EEG P9,2081.0,34.68333333333333,686.625
data\raw\siena\PN06\PN06-3.edf,EEG P9,2081.5,34.69166666666667,685.0
data\raw\siena\PN06\PN06-3.edf,EEG P9,2082.0,34.7,666.375
data\raw\siena\PN06\PN06-3.edf,EEG P9,2082.5,34.708333333333336,668.75
data\raw\siena\PN06\PN06-3.edf,EEG P9,2083.0,34.71666666666667,671.625
data\raw\siena\PN06\PN06-3.edf,EEG P9,2083.5,34.725,697.75
data\raw\siena\PN06\PN06-3.edf,EEG P9,2084.0,34.733333333333334,691.5
data\raw\siena\PN06\PN06-3.edf,EEG P9,2084.5,34.74166666666667,692.875
data\raw\siena\PN06\PN06-3.edf,EEG P9,2085.0,34.75,696.2499999999999
data\raw\siena\PN06\PN06-3.edf,EEG P9,2085.5,34.75833333333333,699.375
data\raw\siena\PN06\PN06-3.edf,EEG P9,2086.0,34.766666666666666,683.125
data\raw\siena\PN06\PN06-3.edf,EEG P9,2086.5,34.775,688.375
data\raw\siena\PN06\PN06-3.edf,EEG P9,2087.0,34.78333333333333,676.375
data\raw\siena\PN06\PN06-3.edf,EEG P9,2087.5,34.791666666666664,671.625
data\raw\siena\PN06\PN06-3.edf,EEG P9,2088.0,34.8,677.625
data\raw\siena\PN06\PN06-3.edf,EEG P9,2088.5,34.80833333333333,667.25
data\raw\siena\PN06\PN06-3.edf,EEG P9,2089.0,34.81666666666667,660.125
data\raw\siena\PN06\PN06-3.edf,EEG P9,2089.5,34.825,687.625
data\raw\siena\PN06\PN06-3.edf,EEG P9,2090.0,34.833333333333336,687.625
data\raw\siena\PN06\PN06-3.edf,EEG P9,2090.5,34.84166666666667,666.875
data\raw\siena\PN06\PN06-3.edf,EEG P9,2091.0,34.85,687.375
data\raw\siena\PN06\PN06-3.edf,EEG P9,2091.5,34.858333333333334,685.125
data\raw\siena\PN06\PN06-3.edf,EEG P9,2092.0,34.86666666666667,684.375
data\raw\siena\PN06\PN06-3.edf,EEG P9,2092.5,34.875,674.625
data\raw\siena\PN06\PN06-3.edf,EEG P9,2093.0,34.88333333333333,669.5
data\raw\siena\PN06\PN06-3.edf,EEG P9,2093.5,34.891666666666666,678.125
data\raw\siena\PN06\PN06-3.edf,EEG P9,2094.0,34.9,678.125
data\raw\siena\PN06\PN06-3.edf,EEG P9,2094.5,34.90833333333333,676.0
data\raw\siena\PN06\PN06-3.edf,EEG P9,2095.0,34.916666666666664,683.625
data\raw\siena\PN06\PN06-3.edf,EEG P9,2095.5,34.925,700.0
data\raw\siena\PN06\PN06-3.edf,EEG P9,2096.0,34.93333333333333,720.5
data\raw\siena\PN06\PN06-3.edf,EEG P9,2096.5,34.94166666666667,683.5
data\raw\siena\PN06\PN06-3.edf,EEG P9,2097.0,34.95,677.0
data\raw\siena\PN06\PN06-3.edf,EEG P9,2097.5,34.958333333333336,659.75
data\raw\siena\PN06\PN06-3.edf,EEG P9,2098.0,34.96666666666667,662.5
data\raw\siena\PN06\PN06-3.edf,EEG P9,2098.5,34.975,682.125
data\raw\siena\PN06\PN06-3.edf,EEG P9,2099.0,34.983333333333334,690.25
data\raw\siena\PN06\PN06-3.edf,EEG P9,2099.5,34.99166666666667,690.25
data\raw\siena\PN06\PN06-3.edf,EEG P9,2100.0,35.0,681.75
data\raw\siena\PN06\PN06-3.edf,EEG P9,2100.5,35.00833333333333,658.375
data\raw\siena\PN06\PN06-3.edf,EEG P9,2101.0,35.016666666666666,667.5
data\raw\siena\PN06\PN06-3.edf,EEG P9,2101.5,35.025,666.625
data\raw\siena\PN06\PN06-3.edf,EEG P9,2102.0,35.03333333333333,668.5
data\raw\siena\PN06\PN06-3.edf,EEG P9,2102.5,35.041666666666664,673.25
data\raw\siena\PN06\PN06-3.edf,EEG P9,2103.0,35.05,667.125
data\raw\siena\PN06\PN06-3.edf,EEG P9,2103.5,35.05833333333333,672.1249999999999
data\raw\siena\PN06\PN06-3.edf,EEG P9,2104.0,35.06666666666667,694.6249999999999
data\raw\siena\PN06\PN06-3.edf,EEG P9,2104.5,35.075,706.0
data\raw\siena\PN06\PN06-3.edf,EEG P9,2105.0,35.083333333333336,706.0
data\raw\siena\PN06\PN06-3.edf,EEG P9,2105.5,35.09166666666667,694.875
data\raw\siena\PN06\PN06-3.edf,EEG P9,2106.0,35.1,704.75
data\raw\siena\PN06\PN06-3.edf,EEG P9,2106.5,35.108333333333334,688.875
data\raw\siena\PN06\PN06-3.edf,EEG P9,2107.0,35.11666666666667,751.25
data\raw\siena\PN06\PN06-3.edf,EEG P9,2107.5,35.125,752.0
data\raw\siena\PN06\PN06-3.edf,EEG P9,2108.0,35.13333333333333,734.875
data\raw\siena\PN06\PN06-3.edf,EEG P9,2108.5,35.141666666666666,701.6249999999999
data\raw\siena\PN06\PN06-3.edf,EEG P9,2109.0,35.15,734.0
data\raw\siena\PN06\PN06-3.edf,EEG P9,2109.5,35.15833333333333,709.25
data\raw\siena\PN06\PN06-3.edf,EEG P9,2110.0,35.166666666666664,710.75
data\raw\siena\PN06\PN06-3.edf,EEG P9,2110.5,35.175,705.875
data\raw\siena\PN06\PN06-3.edf,EEG P9,2111.0,35.18333333333333,720.375
data\raw\siena\PN06\PN06-3.edf,EEG P9,2111.5,35.19166666666667,740.7499999999999
data\raw\siena\PN06\PN06-3.edf,EEG P9,2112.0,35.2,735.875
data\raw\siena\PN06\PN06-3.edf,EEG P9,2112.5,35.208333333333336,719.625
data\raw\siena\PN06\PN06-3.edf,EEG P9,2113.0,35.21666666666667,685.25
data\raw\siena\PN06\PN06-3.edf,EEG P9,2113.5,35.225,683.9999999999999
data\raw\siena\PN06\PN06-3.edf,EEG P9,2114.0,35.233333333333334,704.625
data\raw\siena\PN06\PN06-3.edf,EEG P9,2114.5,35.24166666666667,693.5
data\raw\siena\PN06\PN06-3.edf,EEG P9,2115.0,35.25,684.625
data\raw\siena\PN06\PN06-3.edf,EEG P9,2115.5,35.25833333333333,677.4999999999999
data\raw\siena\PN06\PN06-3.edf,EEG P9,2116.0,35.266666666666666,683.125
data\raw\siena\PN06\PN06-3.edf,EEG P9,2116.5,35.275,694.625
data\raw\siena\PN06\PN06-3.edf,EEG P9,2117.0,35.28333333333333,689.0
data\raw\siena\PN06\PN06-3.edf,EEG P9,2117.5,35.291666666666664,680.125
data\raw\siena\PN06\PN06-3.edf,EEG P9,2118.0,35.3,676.125
data\raw\siena\PN06\PN06-3.edf,EEG P9,2118.5,35.30833333333333,668.8749999999999
data\raw\siena\PN06\PN06-3.edf,EEG P9,2119.0,35.31666666666667,683.25
data\raw\siena\PN06\PN06-3.edf,EEG P9,2119.5,35.325,698.75
data\raw\siena\PN06\PN06-3.edf,EEG P9,2120.0,35.333333333333336,696.875
data\raw\siena\PN06\PN06-3.edf,EEG P9,2120.5,35.34166666666667,686.5
data\raw\siena\PN06\PN06-3.edf,EEG P9,2121.0,35.35,659.875
data\raw\siena\PN06\PN06-3.edf,EEG P9,2121.5,35.358333333333334,673.0
data\raw\siena\PN06\PN06-3.edf,EEG P9,2122.0,35.36666666666667,673.75
data\raw\siena\PN06\PN06-3.edf,EEG P9,2122.5,35.375,671.375
data\raw\siena\PN06\PN06-3.edf,EEG P9,2123.0,35.38333333333333,687.75
data\raw\siena\PN06\PN06-3.edf,EEG P9,2123.5,35.391666666666666,679.5
data\raw\siena\PN06\PN06-3.edf,EEG P9,2124.0,35.4,669.5
data\raw\siena\PN06\PN06-3.edf,EEG P9,2124.5,35.40833333333333,668.125
data\raw\siena\PN06\PN06-3.edf,EEG P9,2125.0,35.416666666666664,672.125
data\raw\siena\PN06\PN06-3.edf,EEG P9,2125.5,35.425,674.25
data\raw\siena\PN06\PN06-3.edf,EEG P9,2126.0,35.43333333333333,681.625
data\raw\siena\PN06\PN06-3.edf,EEG P9,2126.5,35.44166666666667,690.5
data\raw\siena\PN06\PN06-3.edf,EEG P9,2127.0,35.45,692.0
data\raw\siena\PN06\PN06-3.edf,EEG P9,2127.5,35.458333333333336,692.0
data\raw\siena\PN06\PN06-3.edf,EEG P9,2128.0,35.46666666666667,672.875
data\raw\siena\PN06\PN06-3.edf,EEG P9,2128.5,35.475,685.5
data\raw\siena\PN06\PN06-3.edf,EEG P9,2129.0,35.483333333333334,697.0
data\raw\siena\PN06\PN06-3.edf,EEG P9,2129.5,35.49166666666667,700.125
data\raw\siena\PN06\PN06-3.edf,EEG P9,2130.0,35.5,674.375
data\raw\siena\PN06\PN06-3.edf,EEG P9,2130.5,35.50833333333333,665.125
data\raw\siena\PN06\PN06-3.edf,EEG P9,2131.0,35.516666666666666,666.375
data\raw\siena\PN06\PN06-3.edf,EEG P9,2131.5,35.525,667.25
data\raw\siena\PN06\PN06-3.edf,EEG P9,2132.0,35.53333333333333,677.5
data\raw\siena\PN06\PN06-3.edf,EEG P9,2132.5,35.541666666666664,693.25
data\raw\siena\PN06\PN06-3.edf,EEG P9,2133.0,35.55,693.25
data\raw\siena\PN06\PN06-3.edf,EEG P9,2133.5,35.55833333333333,693.25
data\raw\siena\PN06\PN06-3.edf,EEG P9,2134.0,35.56666666666667,693.25
data\raw\siena\PN06\PN06-3.edf,EEG P9,2134.5,35.575,680.125
data\raw\siena\PN06\PN06-3.edf,EEG P9,2135.0,35.583333333333336,686.625
data\raw\siena\PN06\PN06-3.edf,EEG P9,2135.5,35.59166666666667,685.625
data\raw\siena\PN06\PN06-3.edf,EEG P9,2136.0,35.6,687.25
data\raw\siena\PN06\PN06-3.edf,EEG P9,2136.5,35.608333333333334,671.25
data\raw\siena\PN06\PN06-3.edf,EEG P9,2137.0,35.61666666666667,679.0
data\raw\siena\PN06\PN06-3.edf,EEG P9,2137.5,35.625,675.625
data\raw\siena\PN06\PN06-3.edf,EEG P9,2138.0,35.63333333333333,677.25
data\raw\siena\PN06\PN06-3.edf,EEG P9,2138.5,35.641666666666666,677.25
data\raw\siena\PN06\PN06-3.edf,EEG P9,2139.0,35.65,663.75
data\raw\siena\PN06\PN06-3.edf,EEG P9,2139.5,35.65833333333333,680.875
data\raw\siena\PN06\PN06-3.edf,EEG P9,2140.0,35.666666666666664,689.5
data\raw\siena\PN06\PN06-3.edf,EEG P9,2140.5,35.675,673.0
data\raw\siena\PN06\PN06-3.edf,EEG P9,2141.0,35.68333333333333,667.125
data\raw\siena\PN06\PN06-3.edf,EEG P9,2141.5,35.69166666666667,665.125
data\raw\siena\PN06\PN06-3.edf,EEG P9,2142.0,35.7,688.0
data\raw\siena\PN06\PN06-3.edf,EEG P9,2142.5,35.708333333333336,694.125
data\raw\siena\PN06\PN06-3.edf,EEG P9,2143.0,35.71666666666667,677.125
data\raw\siena\PN06\PN06-3.edf,EEG P9,2143.5,35.725,664.0
data\raw\siena\PN06\PN06-3.edf,EEG P9,2144.0,35.733333333333334,667.0
data\raw\siena\PN06\PN06-3.edf,EEG P9,2144.5,35.74166666666667,673.0
data\raw\siena\PN06\PN06-3.edf,EEG P9,2145.0,35.75,695.875
data\raw\siena\PN06\PN06-3.edf,EEG P9,2145.5,35.75833333333333,698.625
data\raw\siena\PN06\PN06-3.edf,EEG P9,2146.0,35.766666666666666,683.0
data\raw\siena\PN06\PN06-3.edf,EEG P9,2146.5,35.775,682.375
data\raw\siena\PN06\PN06-3.edf,EEG P9,2147.0,35.78333333333333,686.125
data\raw\siena\PN06\PN06-3.edf,EEG P9,2147.5,35.791666666666664,684.5
data\raw\siena\PN06\PN06-3.edf,EEG P9,2148.0,35.8,685.875
data\raw\siena\PN06\PN06-3.edf,EEG P9,2148.5,35.80833333333333,680.75
data\raw\siena\PN06\PN06-3.edf,EEG P9,2149.0,35.81666666666667,688.625
data\raw\siena\PN06\PN06-3.edf,EEG P9,2149.5,35.825,665.875
data\raw\siena\PN06\PN06-3.edf,EEG P9,2150.0,35.833333333333336,665.25
data\raw\siena\PN06\PN06-3.edf,EEG P9,2150.5,35.84166666666667,681.125
data\raw\siena\PN06\PN06-3.edf,EEG P9,2151.0,35.85,681.125
data\raw\siena\PN06\PN06-3.edf,EEG P9,2151.5,35.858333333333334,672.25
data\raw\siena\PN06\PN06-3.edf,EEG P9,2152.0,35.86666666666667,672.25
data\raw\siena\PN06\PN06-3.edf,EEG P9,2152.5,35.875,668.375
data\raw\siena\PN06\PN06-3.edf,EEG P9,2153.0,35.88333333333333,665.875
data\raw\siena\PN06\PN06-3.edf,EEG P9,2153.5,35.891666666666666,664.625
data\raw\siena\PN06\PN06-3.edf,EEG P9,2154.0,35.9,672.125
data\raw\siena\PN06\PN06-3.edf,EEG P9,2154.5,35.90833333333333,675.625
data\raw\siena\PN06\PN06-3.edf,EEG P9,2155.0,35.916666666666664,689.5
data\raw\siena\PN06\PN06-3.edf,EEG P9,2155.5,35.925,693.375
data\raw\siena\PN06\PN06-3.edf,EEG P9,2156.0,35.93333333333333,695.5
data\raw\siena\PN06\PN06-3.edf,EEG P9,2156.5,35.94166666666667,688.0
data\raw\siena\PN06\PN06-3.edf,EEG P9,2157.0,35.95,666.25
data\raw\siena\PN06\PN06-3.edf,EEG P9,2157.5,35.958333333333336,686.625
data\raw\siena\PN06\PN06-3.edf,EEG P9,2158.0,35.96666666666667,692.875
data\raw\siena\PN06\PN06-3.edf,EEG P9,2158.5,35.975,688.375
data\raw\siena\PN06\PN06-3.edf,EEG P9,2159.0,35.983333333333334,692.625
data\raw\siena\PN06\PN06-3.edf,EEG P9,2159.5,35.99166666666667,692.25
data\raw\siena\PN06\PN06-3.edf,EEG P9,2160.0,36.0,712.875
data\raw\siena\PN06\PN06-3.edf,EEG P9,2160.5,36.00833333333333,710.75
data\raw\siena\PN06\PN06-3.edf,EEG P9,2161.0,36.016666666666666,684.5
data\raw\siena\PN06\PN06-3.edf,EEG P9,2161.5,36.025,723.75
data\raw\siena\PN06\PN06-3.edf,EEG P9,2162.0,36.03333333333333,754.625
data\raw\siena\PN06\PN06-3.edf,EEG P9,2162.5,36.041666666666664,760.0
data\raw\siena\PN06\PN06-3.edf,EEG P9,2163.0,36.05,710.875
data\raw\siena\PN06\PN06-3.edf,EEG P9,2163.5,36.05833333333333,704.3749999999999
data\raw\siena\PN06\PN06-3.edf,EEG P9,2164.0,36.06666666666667,675.0
data\raw\siena\PN06\PN06-3.edf,EEG P9,2164.5,36.075,687.875
data\raw\siena\PN06\PN06-3.edf,EEG P9,2165.0,36.083333333333336,687.875
data\raw\siena\PN06\PN06-3.edf,EEG P9,2165.5,36.09166666666667,671.75
data\raw\siena\PN06\PN06-3.edf,EEG P9,2166.0,36.1,676.75
data\raw\siena\PN06\PN06-3.edf,EEG P9,2166.5,36.108333333333334,666.875
data\raw\siena\PN06\PN06-3.edf,EEG P9,2167.0,36.11666666666667,673.75
data\raw\siena\PN06\PN06-3.edf,EEG P9,2167.5,36.125,679.75
data\raw\siena\PN06\PN06-3.edf,EEG P9,2168.0,36.13333333333333,675.7499999999999
data\raw\siena\PN06\PN06-3.edf,EEG P9,2168.5,36.141666666666666,680.125
data\raw\siena\PN06\PN06-3.edf,EEG P9,2169.0,36.15,684.875
data\raw\siena\PN06\PN06-3.edf,EEG P9,2169.5,36.15833333333333,699.25
data\raw\siena\PN06\PN06-3.edf,EEG P9,2170.0,36.166666666666664,692.375
data\raw\siena\PN06\PN06-3.edf,EEG P9,2170.5,36.175,686.375
data\raw\siena\PN06\PN06-3.edf,EEG P9,2171.0,36.18333333333333,685.6249999999999
data\raw\siena\PN06\PN06-3.edf,EEG P9,2171.5,36.19166666666667,681.75
data\raw\siena\PN06\PN06-3.edf,EEG P9,2172.0,36.2,744.5
data\raw\siena\PN06\PN06-3.edf,EEG P9,2172.5,36.208333333333336,744.5
data\raw\siena\PN06\PN06-3.edf,EEG P9,2173.0,36.21666666666667,688.5
data\raw\siena\PN06\PN06-3.edf,EEG P9,2173.5,36.225,685.0
data\raw\siena\PN06\PN06-3.edf,EEG P9,2174.0,36.233333333333334,675.75
data\raw\siena\PN06\PN06-3.edf,EEG P9,2174.5,36.24166666666667,676.75
data\raw\siena\PN06\PN06-3.edf,EEG P9,2175.0,36.25,676.875
data\raw\siena\PN06\PN06-3.edf,EEG P9,2175.5,36.25833333333333,672.375
data\raw\siena\PN06\PN06-3.edf,EEG P9,2176.0,36.266666666666666,683.25
data\raw\siena\PN06\PN06-3.edf,EEG P9,2176.5,36.275,683.25
data\raw\siena\PN06\PN06-3.edf,EEG P9,2177.0,36.28333333333333,683.375
data\raw\siena\PN06\PN06-3.edf,EEG P9,2177.5,36.291666666666664,683.375
data\raw\siena\PN06\PN06-3.edf,EEG P9,2178.0,36.3,677.8749999999999
data\raw\siena\PN06\PN06-3.edf,EEG P9,2178.5,36.30833333333333,684.125
data\raw\siena\PN06\PN06-3.edf,EEG P9,2179.0,36.31666666666667,689.5
data\raw\siena\PN06\PN06-3.edf,EEG P9,2179.5,36.325,684.375
data\raw\siena\PN06\PN06-3.edf,EEG P9,2180.0,36.333333333333336,685.75
data\raw\siena\PN06\PN06-3.edf,EEG P9,2180.5,36.34166666666667,693.875
data\raw\siena\PN06\PN06-3.edf,EEG P9,2181.0,36.35,682.625
data\raw\siena\PN06\PN06-3.edf,EEG P9,2181.5,36.358333333333334,680.0
data\raw\siena\PN06\PN06-3.edf,EEG P9,2182.0,36.36666666666667,680.0
data\raw\siena\PN06\PN06-3.edf,EEG P9,2182.5,36.375,678.0
data\raw\siena\PN06\PN06-3.edf,EEG P9,2183.0,36.38333333333333,694.875
data\raw\siena\PN06\PN06-3.edf,EEG P9,2183.5,36.391666666666666,678.75
data\raw\siena\PN06\PN06-3.edf,EEG P9,2184.0,36.4,664.625
data\raw\siena\PN06\PN06-3.edf,EEG P9,2184.5,36.40833333333333,687.125
data\raw\siena\PN06\PN06-3.edf,EEG P9,2185.0,36.416666666666664,709.125
data\raw\siena\PN06\PN06-3.edf,EEG P9,2185.5,36.425,679.5
data\raw\siena\PN06\PN06-3.edf,EEG P9,2186.0,36.43333333333333,721.875
data\raw\siena\PN06\PN06-3.edf,EEG P9,2186.5,36.44166666666667,731.5
data\raw\siena\PN06\PN06-3.edf,EEG P9,2187.0,36.45,706.25
data\raw\siena\PN06\PN06-3.edf,EEG P9,2187.5,36.458333333333336,673.125
data\raw\siena\PN06\PN06-3.edf,EEG P9,2188.0,36.46666666666667,669.0
data\raw\siena\PN06\PN06-3.edf,EEG P9,2188.5,36.475,685.375
data\raw\siena\PN06\PN06-3.edf,EEG P9,2189.0,36.483333333333334,685.375
data\raw\siena\PN06\PN06-3.edf,EEG P9,2189.5,36.49166666666667,694.375
data\raw\siena\PN06\PN06-3.edf,EEG P9,2190.0,36.5,697.0
data\raw\siena\PN06\PN06-3.edf,EEG P9,2190.5,36.50833333333333,731.625
data\raw\siena\PN06\PN06-3.edf,EEG P9,2191.0,36.516666666666666,707.0
data\raw\siena\PN06\PN06-3.edf,EEG P9,2191.5,36.525,688.5
data\raw\siena\PN06\PN06-3.edf,EEG P9,2192.0,36.53333333333333,675.875
data\raw\siena\PN06\PN06-3.edf,EEG P9,2192.5,36.541666666666664,676.875
data\raw\siena\PN06\PN06-3.edf,EEG P9,2193.0,36.55,674.375
data\raw\siena\PN06\PN06-3.edf,EEG P9,2193.5,36.55833333333333,670.375
data\raw\siena\PN06\PN06-3.edf,EEG P9,2194.0,36.56666666666667,673.875
data\raw\siena\PN06\PN06-3.edf,EEG P9,2194.5,36.575,678.25
data\raw\siena\PN06\PN06-3.edf,EEG P9,2195.0,36.583333333333336,672.375
data\raw\siena\PN06\PN06-3.edf,EEG P9,2195.5,36.59166666666667,671.875
data\raw\siena\PN06\PN06-3.edf,EEG P9,2196.0,36.6,670.125
data\raw\siena\PN06\PN06-3.edf,EEG P9,2196.5,36.608333333333334,675.125
data\raw\siena\PN06\PN06-3.edf,EEG P9,2197.0,36.61666666666667,670.125
data\raw\siena\PN06\PN06-3.edf,EEG P9,2197.5,36.625,674.75
data\raw\siena\PN06\PN06-3.edf,EEG P9,2198.0,36.63333333333333,662.0
data\raw\siena\PN06\PN06-3.edf,EEG P9,2198.5,36.641666666666666,669.125
data\raw\siena\PN06\PN06-3.edf,EEG P9,2199.0,36.65,679.125
data\raw\siena\PN06\PN06-3.edf,EEG P9,2199.5,36.65833333333333,675.0
data\raw\siena\PN06\PN06-3.edf,EEG P9,2200.0,36.666666666666664,681.625
data\raw\siena\PN06\PN06-3.edf,EEG P9,2200.5,36.675,674.25
data\raw\siena\PN06\PN06-3.edf,EEG P9,2201.0,36.68333333333333,670.25
data\raw\siena\PN06\PN06-3.edf,EEG P9,2201.5,36.69166666666667,683.5
data\raw\siena\PN06\PN06-3.edf,EEG P9,2202.0,36.7,682.75
data\raw\siena\PN06\PN06-3.edf,EEG P9,2202.5,36.708333333333336,691.125
data\raw\siena\PN06\PN06-3.edf,EEG P9,2203.0,36.71666666666667,685.625
data\raw\siena\PN06\PN06-3.edf,EEG P9,2203.5,36.725,676.5
data\raw\siena\PN06\PN06-3.edf,EEG P9,2204.0,36.733333333333334,674.875
data\raw\siena\PN06\PN06-3.edf,EEG P9,2204.5,36.74166666666667,700.5
data\raw\siena\PN06\PN06-3.edf,EEG P9,2205.0,36.75,700.5
data\raw\siena\PN06\PN06-3.edf,EEG P9,2205.5,36.75833333333333,675.125
data\raw\siena\PN06\PN06-3.edf,EEG P9,2206.0,36.766666666666666,698.75
data\raw\siena\PN06\PN06-3.edf,EEG P9,2206.5,36.775,692.0
data\raw\siena\PN06\PN06-3.edf,EEG P9,2207.0,36.78333333333333,698.125
data\raw\siena\PN06\PN06-3.edf,EEG P9,2207.5,36.791666666666664,712.25
data\raw\siena\PN06\PN06-3.edf,EEG P9,2208.0,36.8,703.625
data\raw\siena\PN06\PN06-3.edf,EEG P9,2208.5,36.80833333333333,703.25
data\raw\siena\PN06\PN06-3.edf,EEG P9,2209.0,36.81666666666667,681.625
data\raw\siena\PN06\PN06-3.edf,EEG P9,2209.5,36.825,681.625
data\raw\siena\PN06\PN06-3.edf,EEG P9,2210.0,36.833333333333336,687.6249999999999
data\raw\siena\PN06\PN06-3.edf,EEG P9,2210.5,36.84166666666667,687.6249999999999
data\raw\siena\PN06\PN06-3.edf,EEG P9,2211.0,36.85,671.875
data\raw\siena\PN06\PN06-3.edf,EEG P9,2211.5,36.858333333333334,685.5
data\raw\siena\PN06\PN06-3.edf,EEG P9,2212.0,36.86666666666667,674.6249999999999
data\raw\siena\PN06\PN06-3.edf,EEG P9,2212.5,36.875,679.25
data\raw\siena\PN06\PN06-3.edf,EEG P9,2213.0,36.88333333333333,695.625
data\raw\siena\PN06\PN06-3.edf,EEG P9,2213.5,36.891666666666666,685.25
data\raw\siena\PN06\PN06-3.edf,EEG P9,2214.0,36.9,672.125
data\raw\siena\PN06\PN06-3.edf,EEG P9,2214.5,36.90833333333333,670.875
data\raw\siena\PN06\PN06-3.edf,EEG P9,2215.0,36.916666666666664,689.625
data\raw\siena\PN06\PN06-3.edf,EEG P9,2215.5,36.925,716.75
data\raw\siena\PN06\PN06-3.edf,EEG P9,2216.0,36.93333333333333,688.125
data\raw\siena\PN06\PN06-3.edf,EEG P9,2216.5,36.94166666666667,688.25
data\raw\siena\PN06\PN06-3.edf,EEG P9,2217.0,36.95,670.875
data\raw\siena\PN06\PN06-3.edf,EEG P9,2217.5,36.958333333333336,670.25
data\raw\siena\PN06\PN06-3.edf,EEG P9,2218.0,36.96666666666667,669.75
data\raw\siena\PN06\PN06-3.edf,EEG P9,2218.5,36.975,672.375
data\raw\siena\PN06\PN06-3.edf,EEG P9,2219.0,36.983333333333334,684.875
data\raw\siena\PN06\PN06-3.edf,EEG P9,2219.5,36.99166666666667,680.25
data\raw\siena\PN06\PN06-3.edf,EEG P9,2220.0,37.0,685.5
data\raw\siena\PN06\PN06-3.edf,EEG P9,2220.5,37.00833333333333,693.25
data\raw\siena\PN06\PN06-3.edf,EEG P9,2221.0,37.016666666666666,693.25
data\raw\siena\PN06\PN06-3.edf,EEG P9,2221.5,37.025,673.125
data\raw\siena\PN06\PN06-3.edf,EEG P9,2222.0,37.03333333333333,673.125
data\raw\siena\PN06\PN06-3.edf,EEG P9,2222.5,37.041666666666664,664.3749999999999
data\raw\siena\PN06\PN06-3.edf,EEG P9,2223.0,37.05,733.125
data\raw\siena\PN06\PN06-3.edf,EEG P9,2223.5,37.05833333333333,735.25
data\raw\siena\PN06\PN06-3.edf,EEG P9,2224.0,37.06666666666667,717.125
data\raw\siena\PN06\PN06-3.edf,EEG P9,2224.5,37.075,694.5
data\raw\siena\PN06\PN06-3.edf,EEG P9,2225.0,37.083333333333336,694.5
data\raw\siena\PN06\PN06-3.edf,EEG P9,2225.5,37.09166666666667,670.75
data\raw\siena\PN06\PN06-3.edf,EEG P9,2226.0,37.1,665.0
data\raw\siena\PN06\PN06-3.edf,EEG P9,2226.5,37.108333333333334,674.875
data\raw\siena\PN06\PN06-3.edf,EEG P9,2227.0,37.11666666666667,693.125
data\raw\siena\PN06\PN06-3.edf,EEG P9,2227.5,37.125,737.25
data\raw\siena\PN06\PN06-3.edf,EEG P9,2228.0,37.13333333333333,741.0
data\raw\siena\PN06\PN06-3.edf,EEG P9,2228.5,37.141666666666666,699.25
data\raw\siena\PN06\PN06-3.edf,EEG P9,2229.0,37.15,678.7499999999999
data\raw\siena\PN06\PN06-3.edf,EEG P9,2229.5,37.15833333333333,689.3749999999999
data\raw\siena\PN06\PN06-3.edf,EEG P9,2230.0,37.166666666666664,710.25
data\raw\siena\PN06\PN06-3.edf,EEG P9,2230.5,37.175,693.375
data\raw\siena\PN06\PN06-3.edf,EEG P9,2231.0,37.18333333333333,694.2499999999999
data\raw\siena\PN06\PN06-3.edf,EEG P9,2231.5,37.19166666666667,694.2499999999999
data\raw\siena\PN06\PN06-3.edf,EEG P9,2232.0,37.2,685.125
data\raw\siena\PN06\PN06-3.edf,EEG P9,2232.5,37.208333333333336,682.625
data\raw\siena\PN06\PN06-3.edf,EEG P9,2233.0,37.21666666666667,686.0
data\raw\siena\PN06\PN06-3.edf,EEG P9,2233.5,37.225,679.625
data\raw\siena\PN06\PN06-3.edf,EEG P9,2234.0,37.233333333333334,679.25
data\raw\siena\PN06\PN06-3.edf,EEG P9,2234.5,37.24166666666667,681.9999999999999
data\raw\siena\PN06\PN06-3.edf,EEG P9,2235.0,37.25,682.5
data\raw\siena\PN06\PN06-3.edf,EEG P9,2235.5,37.25833333333333,672.5
data\raw\siena\PN06\PN06-3.edf,EEG P9,2236.0,37.266666666666666,686.625
data\raw\siena\PN06\PN06-3.edf,EEG P9,2236.5,37.275,688.625
data\raw\siena\PN06\PN06-3.edf,EEG P9,2237.0,37.28333333333333,692.75
data\raw\siena\PN06\PN06-3.edf,EEG P9,2237.5,37.291666666666664,694.0
data\raw\siena\PN06\PN06-3.edf,EEG P9,2238.0,37.3,694.75
data\raw\siena\PN06\PN06-3.edf,EEG P9,2238.5,37.30833333333333,698.125
data\raw\siena\PN06\PN06-3.edf,EEG P9,2239.0,37.31666666666667,697.875
data\raw\siena\PN06\PN06-3.edf,EEG P9,2239.5,37.325,689.375
data\raw\siena\PN06\PN06-3.edf,EEG P9,2240.0,37.333333333333336,703.875
data\raw\siena\PN06\PN06-3.edf,EEG P9,2240.5,37.34166666666667,684.25
data\raw\siena\PN06\PN06-3.edf,EEG P9,2241.0,37.35,673.375
data\raw\siena\PN06\PN06-3.edf,EEG P9,2241.5,37.358333333333334,678.75
data\raw\siena\PN06\PN06-3.edf,EEG P9,2242.0,37.36666666666667,670.5
data\raw\siena\PN06\PN06-3.edf,EEG P9,2242.5,37.375,691.0
data\raw\siena\PN06\PN06-3.edf,EEG P9,2243.0,37.38333333333333,695.5
data\raw\siena\PN06\PN06-3.edf,EEG P9,2243.5,37.391666666666666,675.75
data\raw\siena\PN06\PN06-3.edf,EEG P9,2244.0,37.4,676.25
data\raw\siena\PN06\PN06-3.edf,EEG P9,2244.5,37.40833333333333,672.875
data\raw\siena\PN06\PN06-3.edf,EEG P9,2245.0,37.416666666666664,679.625
data\raw\siena\PN06\PN06-3.edf,EEG P9,2245.5,37.425,685.375
data\raw\siena\PN06\PN06-3.edf,EEG P9,2246.0,37.43333333333333,685.375
data\raw\siena\PN06\PN06-3.edf,EEG P9,2246.5,37.44166666666667,671.3749999999999
data\raw\siena\PN06\PN06-3.edf,EEG P9,2247.0,37.45,663.25
data\raw\siena\PN06\PN06-3.edf,EEG P9,2247.5,37.458333333333336,677.375
data\raw\siena\PN06\PN06-3.edf,EEG P9,2248.0,37.46666666666667,677.375
data\raw\siena\PN06\PN06-3.edf,EEG P9,2248.5,37.475,671.625
data\raw\siena\PN06\PN06-3.edf,EEG P9,2249.0,37.483333333333334,671.75
data\raw\siena\PN06\PN06-3.edf,EEG P9,2249.5,37.49166666666667,680.2499999999999
data\raw\siena\PN06\PN06-3.edf,EEG P9,2250.0,37.5,685.875
data\raw\siena\PN06\PN06-3.edf,EEG P9,2250.5,37.50833333333333,679.375
data\raw\siena\PN06\PN06-3.edf,EEG P9,2251.0,37.516666666666666,684.125
data\raw\siena\PN06\PN06-3.edf,EEG P9,2251.5,37.525,702.625
data\raw\siena\PN06\PN06-3.edf,EEG P9,2252.0,37.53333333333333,702.625
data\raw\siena\PN06\PN06-3.edf,EEG P9,2252.5,37.541666666666664,694.375
data\raw\siena\PN06\PN06-3.edf,EEG P9,2253.0,37.55,722.125
data\raw\siena\PN06\PN06-3.edf,EEG P9,2253.5,37.55833333333333,796.625
data\raw\siena\PN06\PN06-3.edf,EEG P9,2254.0,37.56666666666667,794.375
data\raw\siena\PN06\PN06-3.edf,EEG P9,2254.5,37.575,758.375
data\raw\siena\PN06\PN06-3.edf,EEG P9,2255.0,37.583333333333336,736.625
data\raw\siena\PN06\PN06-3.edf,EEG P9,2255.5,37.59166666666667,701.375
data\raw\siena\PN06\PN06-3.edf,EEG P9,2256.0,37.6,675.375
data\raw\siena\PN06\PN06-3.edf,EEG P9,2256.5,37.608333333333334,670.5
data\raw\siena\PN06\PN06-3.edf,EEG P9,2257.0,37.61666666666667,675.25
data\raw\siena\PN06\PN06-3.edf,EEG P9,2257.5,37.625,692.5
data\raw\siena\PN06\PN06-3.edf,EEG P9,2258.0,37.63333333333333,703.5
data\raw\siena\PN06\PN06-3.edf,EEG P9,2258.5,37.641666666666666,691.125
data\raw\siena\PN06\PN06-3.edf,EEG P9,2259.0,37.65,680.5
data\raw\siena\PN06\PN06-3.edf,EEG P9,2259.5,37.65833333333333,674.125
data\raw\siena\PN06\PN06-3.edf,EEG P9,2260.0,37.666666666666664,690.125
data\raw\siena\PN06\PN06-3.edf,EEG P9,2260.5,37.675,690.125
data\raw\siena\PN06\PN06-3.edf,EEG P9,2261.0,37.68333333333333,671.75
data\raw\siena\PN06\PN06-3.edf,EEG P9,2261.5,37.69166666666667,665.375
data\raw\siena\PN06\PN06-3.edf,EEG P9,2262.0,37.7,668.1249999999999
data\raw\siena\PN06\PN06-3.edf,EEG P9,2262.5,37.708333333333336,686.4999999999999
data\raw\siena\PN06\PN06-3.edf,EEG P9,2263.0,37.71666666666667,690.625
data\raw\siena\PN06\PN06-3.edf,EEG P9,2263.5,37.725,681.0
data\raw\siena\PN06\PN06-3.edf,EEG P9,2264.0,37.733333333333334,692.0
data\raw\siena\PN06\PN06-3.edf,EEG P9,2264.5,37.74166666666667,692.0
data\raw\siena\PN06\PN06-3.edf,EEG P9,2265.0,37.75,685.125
data\raw\siena\PN06\PN06-3.edf,EEG P9,2265.5,37.75833333333333,680.625
data\raw\siena\PN06\PN06-3.edf,EEG P9,2266.0,37.766666666666666,685.0
data\raw\siena\PN06\PN06-3.edf,EEG P9,2266.5,37.775,674.75
data\raw\siena\PN06\PN06-3.edf,EEG P9,2267.0,37.78333333333333,680.25
data\raw\siena\PN06\PN06-3.edf,EEG P9,2267.5,37.791666666666664,676.75
data\raw\siena\PN06\PN06-3.edf,EEG P9,2268.0,37.8,672.375
data\raw\siena\PN06\PN06-3.edf,EEG P9,2268.5,37.80833333333333,679.1249999999999
data\raw\siena\PN06\PN06-3.edf,EEG P9,2269.0,37.81666666666667,680.25
data\raw\siena\PN06\PN06-3.edf,EEG P9,2269.5,37.825,674.125
data\raw\siena\PN06\PN06-3.edf,EEG P9,2270.0,37.833333333333336,687.125
data\raw\siena\PN06\PN06-3.edf,EEG P9,2270.5,37.84166666666667,675.125
data\raw\siena\PN06\PN06-3.edf,EEG P9,2271.0,37.85,675.875
data\raw\siena\PN06\PN06-3.edf,EEG P9,2271.5,37.858333333333334,663.875
data\raw\siena\PN06\PN06-3.edf,EEG P9,2272.0,37.86666666666667,661.875
data\raw\siena\PN06\PN06-3.edf,EEG P9,2272.5,37.875,693.0
data\raw\siena\PN06\PN06-3.edf,EEG P9,2273.0,37.88333333333333,693.0
data\raw\siena\PN06\PN06-3.edf,EEG P9,2273.5,37.891666666666666,682.25
data\raw\siena\PN06\PN06-3.edf,EEG P9,2274.0,37.9,666.125
data\raw\siena\PN06\PN06-3.edf,EEG P9,2274.5,37.90833333333333,664.875
data\raw\siena\PN06\PN06-3.edf,EEG P9,2275.0,37.916666666666664,714.875
data\raw\siena\PN06\PN06-3.edf,EEG P9,2275.5,37.925,718.0
data\raw\siena\PN06\PN06-3.edf,EEG P9,2276.0,37.93333333333333,715.375
data\raw\siena\PN06\PN06-3.edf,EEG P9,2276.5,37.94166666666667,724.875
data\raw\siena\PN06\PN06-3.edf,EEG P9,2277.0,37.95,736.875
data\raw\siena\PN06\PN06-3.edf,EEG P9,2277.5,37.958333333333336,689.25
data\raw\siena\PN06\PN06-3.edf,EEG P9,2278.0,37.96666666666667,663.5
data\raw\siena\PN06\PN06-3.edf,EEG P9,2278.5,37.975,667.625
data\raw\siena\PN06\PN06-3.edf,EEG P9,2279.0,37.983333333333334,672.625
data\raw\siena\PN06\PN06-3.edf,EEG P9,2279.5,37.99166666666667,665.125
data\raw\siena\PN06\PN06-3.edf,EEG P9,2280.0,38.0,670.25
data\raw\siena\PN06\PN06-3.edf,EEG P9,2280.5,38.00833333333333,689.75
data\raw\siena\PN06\PN06-3.edf,EEG P9,2281.0,38.016666666666666,689.75
data\raw\siena\PN06\PN06-3.edf,EEG P9,2281.5,38.025,669.125
data\raw\siena\PN06\PN06-3.edf,EEG P9,2282.0,38.03333333333333,672.25
data\raw\siena\PN06\PN06-3.edf,EEG P9,2282.5,38.041666666666664,677.375
data\raw\siena\PN06\PN06-3.edf,EEG P9,2283.0,38.05,685.75
data\raw\siena\PN06\PN06-3.edf,EEG P9,2283.5,38.05833333333333,672.625
data\raw\siena\PN06\PN06-3.edf,EEG P9,2284.0,38.06666666666667,685.25
data\raw\siena\PN06\PN06-3.edf,EEG P9,2284.5,38.075,681.75
data\raw\siena\PN06\PN06-3.edf,EEG P9,2285.0,38.083333333333336,675.75
data\raw\siena\PN06\PN06-3.edf,EEG P9,2285.5,38.09166666666667,672.125
data\raw\siena\PN06\PN06-3.edf,EEG P9,2286.0,38.1,659.125
data\raw\siena\PN06\PN06-3.edf,EEG P9,2286.5,38.108333333333334,675.125
data\raw\siena\PN06\PN06-3.edf,EEG P9,2287.0,38.11666666666667,685.5
data\raw\siena\PN06\PN06-3.edf,EEG P9,2287.5,38.125,669.375
data\raw\siena\PN06\PN06-3.edf,EEG P9,2288.0,38.13333333333333,681.25
data\raw\siena\PN06\PN06-3.edf,EEG P9,2288.5,38.141666666666666,664.75
data\raw\siena\PN06\PN06-3.edf,EEG P9,2289.0,38.15,675.375
data\raw\siena\PN06\PN06-3.edf,EEG P9,2289.5,38.15833333333333,675.5
data\raw\siena\PN06\PN06-3.edf,EEG P9,2290.0,38.166666666666664,688.875
data\raw\siena\PN06\PN06-3.edf,EEG P9,2290.5,38.175,690.375
data\raw\siena\PN06\PN06-3.edf,EEG P9,2291.0,38.18333333333333,670.375
data\raw\siena\PN06\PN06-3.edf,EEG P9,2291.5,38.19166666666667,694.375
data\raw\siena\PN06\PN06-3.edf,EEG P9,2292.0,38.2,706.125
data\raw\siena\PN06\PN06-3.edf,EEG P9,2292.5,38.208333333333336,684.125
data\raw\siena\PN06\PN06-3.edf,EEG P9,2293.0,38.21666666666667,700.25
data\raw\siena\PN06\PN06-3.edf,EEG P9,2293.5,38.225,705.75
data\raw\siena\PN06\PN06-3.edf,EEG P9,2294.0,38.233333333333334,702.25
data\raw\siena\PN06\PN06-3.edf,EEG P9,2294.5,38.24166666666667,678.625
data\raw\siena\PN06\PN06-3.edf,EEG P9,2295.0,38.25,675.5
data\raw\siena\PN06\PN06-3.edf,EEG P9,2295.5,38.25833333333333,680.125
data\raw\siena\PN06\PN06-3.edf,EEG P9,2296.0,38.266666666666666,678.75
data\raw\siena\PN06\PN06-3.edf,EEG P9,2296.5,38.275,676.875
data\raw\siena\PN06\PN06-3.edf,EEG P9,2297.0,38.28333333333333,666.625
data\raw\siena\PN06\PN06-3.edf,EEG P9,3071.0,51.18333333333333,680.375
data\raw\siena\PN06\PN06-3.edf,EEG P9,3071.5,51.19166666666667,696.25
data\raw\siena\PN06\PN06-3.edf,EEG P9,3072.0,51.2,686.0
data\raw\siena\PN06\PN06-3.edf,EEG P9,3072.5,51.208333333333336,729.5
data\raw\siena\PN06\PN06-3.edf,EEG P9,3073.0,51.21666666666667,716.875
data\raw\siena\PN06\PN06-3.edf,EEG P9,3073.5,51.225,693.0
data\raw\siena\PN06\PN06-3.edf,EEG P9,3074.0,51.233333333333334,692.125
data\raw\siena\PN06\PN06-3.edf,EEG P9,3074.5,51.24166666666667,721.875
data\raw\siena\PN06\PN06-3.edf,EEG P9,3075.0,51.25,722.375
data\raw\siena\PN06\PN06-3.edf,EEG P9,3075.5,51.25833333333333,725.25
data\raw\siena\PN06\PN06-3.edf,EEG P9,3076.0,51.266666666666666,718.75
data\raw\siena\PN06\PN06-3.edf,EEG P9,3076.5,51.275,690.8749999999999
data\raw\siena\PN06\PN06-3.edf,EEG P9,3077.0,51.28333333333333,687.875
data\raw\siena\PN06\PN06-3.edf,EEG P9,3077.5,51.291666666666664,676.5
data\raw\siena\PN06\PN06-3.edf,EEG P9,3078.0,51.3,686.8749999999999
data\raw\siena\PN06\PN06-3.edf,EEG P9,3078.5,51.30833333333333,690.25
data\raw\siena\PN06\PN06-3.edf,EEG P9,3079.0,51.31666666666667,686.75
data\raw\siena\PN06\PN06-3.edf,EEG P9,3079.5,51.325,687.375
data\raw\siena\PN06\PN06-3.edf,EEG P9,3080.0,51.333333333333336,712.875
data\raw\siena\PN06\PN06-3.edf,EEG P9,3080.5,51.34166666666667,703.125
data\raw\siena\PN06\PN06-3.edf,EEG P9,3081.0,51.35,684.5
data\raw\siena\PN06\PN06-3.edf,EEG P9,3081.5,51.358333333333334,698.2499999999999
data\raw\siena\PN06\PN06-3.edf,EEG P9,3082.0,51.36666666666667,720.25
data\raw\siena\PN06\PN06-3.edf,EEG P9,3082.5,51.375,700.25
data\raw\siena\PN06\PN06-3.edf,EEG P9,3083.0,51.38333333333333,686.25
data\raw\siena\PN06\PN06-3.edf,EEG P9,3083.5,51.391666666666666,685.5
data\raw\siena\PN06\PN06-3.edf,EEG P9,3084.0,51.4,691.0
data\raw\siena\PN06\PN06-3.edf,EEG P9,3084.5,51.40833333333333,705.0
data\raw\siena\PN06\PN06-3.edf,EEG P9,3085.0,51.416666666666664,690.4999999999999
data\raw\siena\PN06\PN06-3.edf,EEG P9,3085.5,51.425,686.25
data\raw\siena\PN06\PN06-3.edf,EEG P9,3086.0,51.43333333333333,694.25
data\raw\siena\PN06\PN06-3.edf,EEG P9,3086.5,51.44166666666667,687.0
data\raw\siena\PN06\PN06-3.edf,EEG P9,3087.0,51.45,704.75
data\raw\siena\PN06\PN06-3.edf,EEG P9,3087.5,51.458333333333336,709.0
data\raw\siena\PN06\PN06-3.edf,EEG P9,3088.0,51.46666666666667,700.125
data\raw\siena\PN06\PN06-3.edf,EEG P9,3088.5,51.475,694.125
data\raw\siena\PN06\PN06-3.edf,EEG P9,3089.0,51.483333333333334,686.75
data\raw\siena\PN06\PN06-3.edf,EEG P9,3089.5,51.49166666666667,688.375
data\raw\siena\PN06\PN06-3.edf,EEG P9,3090.0,51.5,694.875
data\raw\siena\PN06\PN06-3.edf,EEG P9,3090.5,51.50833333333333,692.0
data\raw\siena\PN06\PN06-3.edf,EEG P9,3091.0,51.516666666666666,697.125
data\raw\siena\PN06\PN06-3.edf,EEG P9,3091.5,51.525,687.125
data\raw\siena\PN06\PN06-3.edf,EEG P9,3092.0,51.53333333333333,701.25
data\raw\siena\PN06\PN06-3.edf,EEG P9,3092.5,51.541666666666664,696.5
data\raw\siena\PN06\PN06-3.edf,EEG P9,3093.0,51.55,694.25
data\raw\siena\PN06\PN06-3.edf,EEG P9,3093.5,51.55833333333333,687.125
data\raw\siena\PN06\PN06-3.edf,EEG P9,3094.0,51.56666666666667,685.125
data\raw\siena\PN06\PN06-3.edf,EEG P9,3094.5,51.575,694.125
data\raw\siena\PN06\PN06-3.edf,EEG P9,3095.0,51.583333333333336,720.125
data\raw\siena\PN06\PN06-3.edf,EEG P9,3095.5,51.59166666666667,720.125
data\raw\siena\PN06\PN06-3.edf,EEG P9,3096.0,51.6,696.875
data\raw\siena\PN06\PN06-3.edf,EEG P9,3096.5,51.608333333333334,702.125
data\raw\siena\PN06\PN06-3.edf,EEG P9,3097.0,51.61666666666667,710.875
data\raw\siena\PN06\PN06-3.edf,EEG P9,3097.5,51.625,697.25
data\raw\siena\PN06\PN06-3.edf,EEG P9,3098.0,51.63333333333333,719.875
data\raw\siena\PN06\PN06-3.edf,EEG P9,3098.5,51.641666666666666,712.25
data\raw\siena\PN06\PN06-3.edf,EEG P9,3099.0,51.65,717.875
data\raw\siena\PN06\PN06-3.edf,EEG P9,3099.5,51.65833333333333,708.0
data\raw\siena\PN06\PN06-3.edf,EEG P9,3100.0,51.666666666666664,704.375
data\raw\siena\PN06\PN06-3.edf,EEG P9,3100.5,51.675,688.0
data\raw\siena\PN06\PN06-3.edf,EEG P9,3101.0,51.68333333333333,720.125
data\raw\siena\PN06\PN06-3.edf,EEG P9,3101.5,51.69166666666667,720.125
data\raw\siena\PN06\PN06-3.edf,EEG P9,3102.0,51.7,699.125
data\raw\siena\PN06\PN06-3.edf,EEG P9,3102.5,51.708333333333336,704.0
data\raw\siena\PN06\PN06-3.edf,EEG P9,3103.0,51.71666666666667,708.75
data\raw\siena\PN06\PN06-3.edf,EEG P9,3103.5,51.725,689.875
data\raw\siena\PN06\PN06-3.edf,EEG P9,3104.0,51.733333333333334,700.125
data\raw\siena\PN06\PN06-3.edf,EEG P9,3104.5,51.74166666666667,712.5
data\raw\siena\PN06\PN06-3.edf,EEG P9,3105.0,51.75,699.0
data\raw\siena\PN06\PN06-3.edf,EEG P9,3105.5,51.75833333333333,693.5
data\raw\siena\PN06\PN06-3.edf,EEG P9,3106.0,51.766666666666666,693.5
data\raw\siena\PN06\PN06-3.edf,EEG P9,3106.5,51.775,682.5
data\raw\siena\PN06\PN06-3.edf,EEG P9,3107.0,51.78333333333333,696.25
data\raw\siena\PN06\PN06-3.edf,EEG P9,3107.5,51.791666666666664,691.875
data\raw\siena\PN06\PN06-3.edf,EEG P9,3108.0,51.8,689.125
data\raw\siena\PN06\PN06-3.edf,EEG P9,3108.5,51.80833333333333,688.375
data\raw\siena\PN06\PN06-3.edf,EEG P9,3109.0,51.81666666666667,683.625
data\raw\siena\PN06\PN06-3.edf,EEG P9,3109.5,51.825,680.375
data\raw\siena\PN06\PN06-3.edf,EEG P9,3110.0,51.833333333333336,685.625
data\raw\siena\PN06\PN06-3.edf,EEG P9,3110.5,51.84166666666667,690.25
data\raw\siena\PN06\PN06-3.edf,EEG P9,3111.0,51.85,693.75
data\raw\siena\PN06\PN06-3.edf,EEG P9,3111.5,51.858333333333334,685.0
data\raw\siena\PN06\PN06-3.edf,EEG P9,3112.0,51.86666666666667,683.5
data\raw\siena\PN06\PN06-3.edf,EEG P9,3112.5,51.875,703.625
data\raw\siena\PN06\PN06-3.edf,EEG P9,3113.0,51.88333333333333,703.625
data\raw\siena\PN06\PN06-3.edf,EEG P9,3113.5,51.891666666666666,680.0
data\raw\siena\PN06\PN06-3.edf,EEG P9,3114.0,51.9,701.4999999999999
data\raw\siena\PN06\PN06-3.edf,EEG P9,3114.5,51.90833333333333,695.625
data\raw\siena\PN06\PN06-3.edf,EEG P9,3115.0,51.916666666666664,686.375
data\raw\siena\PN06\PN06-3.edf,EEG P9,3115.5,51.925,687.875
data\raw\siena\PN06\PN06-3.edf,EEG P9,3116.0,51.93333333333333,672.75
data\raw\siena\PN06\PN06-3.edf,EEG P9,3116.5,51.94166666666667,680.5
data\raw\siena\PN06\PN06-3.edf,EEG P9,3117.0,51.95,682.125
data\raw\siena\PN06\PN06-3.edf,EEG P9,3117.5,51.958333333333336,692.1249999999999
data\raw\siena\PN06\PN06-3.edf,EEG P9,3118.0,51.96666666666667,697.75
data\raw\siena\PN06\PN06-3.edf,EEG P9,3118.5,51.975,695.25
data\raw\siena\PN06\PN06-3.edf,EEG P9,3119.0,51.983333333333334,693.3749999999999
data\raw\siena\PN06\PN06-3.edf,EEG P9,3119.5,51.99166666666667,688.625
data\raw\siena\PN06\PN06-3.edf,EEG P9,3120.0,52.0,703.75
data\raw\siena\PN06\PN06-3.edf,EEG P9,3120.5,52.00833333333333,706.75
data\raw\siena\PN06\PN06-3.edf,EEG P9,3121.0,52.016666666666666,697.125
data\raw\siena\PN06\PN06-3.edf,EEG P9,3121.5,52.025,700.625
data\raw\siena\PN06\PN06-3.edf,EEG P9,3122.0,52.03333333333333,680.3749999999999
data\raw\siena\PN06\PN06-3.edf,EEG P9,3122.5,52.041666666666664,677.25
data\raw\siena\PN06\PN06-3.edf,EEG P9,3123.0,52.05,682.125
data\raw\siena\PN06\PN06-3.edf,EEG P9,3123.5,52.05833333333333,683.5
data\raw\siena\PN06\PN06-3.edf,EEG P9,3124.0,52.06666666666667,693.0
data\raw\siena\PN06\PN06-3.edf,EEG P9,3124.5,52.075,686.375
data\raw\siena\PN06\PN06-3.edf,EEG P9,3125.0,52.083333333333336,685.125
data\raw\siena\PN06\PN06-3.edf,EEG P9,3125.5,52.09166666666667,702.75
data\raw\siena\PN06\PN06-3.edf,EEG P9,3126.0,52.1,702.75
data\raw\siena\PN06\PN06-3.edf,EEG P9,3126.5,52.108333333333334,692.375
data\raw\siena\PN06\PN06-3.edf,EEG P9,3127.0,52.11666666666667,675.25
data\raw\siena\PN06\PN06-3.edf,EEG P9,3127.5,52.125,686.625
data\raw\siena\PN06\PN06-3.edf,EEG P9,3128.0,52.13333333333333,686.625
data\raw\siena\PN06\PN06-3.edf,EEG P9,3128.5,52.141666666666666,677.25
data\raw\siena\PN06\PN06-3.edf,EEG P9,3129.0,52.15,690.125
data\raw\siena\PN06\PN06-3.edf,EEG P9,3129.5,52.15833333333333,716.0
data\raw\siena\PN06\PN06-3.edf,EEG P9,3130.0,52.166666666666664,716.0
data\raw\siena\PN06\PN06-3.edf,EEG P9,3130.5,52.175,693.75
data\raw\siena\PN06\PN06-3.edf,EEG P9,3131.0,52.18333333333333,708.625
data\raw\siena\PN06\PN06-3.edf,EEG P9,3131.5,52.19166666666667,723.5
data\raw\siena\PN06\PN06-3.edf,EEG P9,3132.0,52.2,710.5
data\raw\siena\PN06\PN06-3.edf,EEG P9,3132.5,52.208333333333336,690.875
data\raw\siena\PN06\PN06-3.edf,EEG P9,3133.0,52.21666666666667,678.25
data\raw\siena\PN06\PN06-3.edf,EEG P9,3133.5,52.225,695.0
data\raw\siena\PN06\PN06-3.edf,EEG P9,3134.0,52.233333333333334,695.0
data\raw\siena\PN06\PN06-3.edf,EEG P9,3134.5,52.24166666666667,681.5
data\raw\siena\PN06\PN06-3.edf,EEG P9,3135.0,52.25,736.875
data\raw\siena\PN06\PN06-3.edf,EEG P9,3135.5,52.25833333333333,740.5
data\raw\siena\PN06\PN06-3.edf,EEG P9,3136.0,52.266666666666666,721.625
data\raw\siena\PN06\PN06-3.edf,EEG P9,3136.5,52.275,710.75
data\raw\siena\PN06\PN06-3.edf,EEG P9,3137.0,52.28333333333333,701.125
data\raw\siena\PN06\PN06-3.edf,EEG P9,3137.5,52.291666666666664,700.375
data\raw\siena\PN06\PN06-3.edf,EEG P9,3138.0,52.3,688.1249999999999
data\raw\siena\PN06\PN06-3.edf,EEG P9,3138.5,52.30833333333333,688.1249999999999
data\raw\siena\PN06\PN06-3.edf,EEG P9,3139.0,52.31666666666667,692.125
data\raw\siena\PN06\PN06-3.edf,EEG P9,3139.5,52.325,688.625
data\raw\siena\PN06\PN06-3.edf,EEG P9,3140.0,52.333333333333336,689.5
data\raw\siena\PN06\PN06-3.edf,EEG P9,3140.5,52.34166666666667,689.375
data\raw\siena\PN06\PN06-3.edf,EEG P9,3141.0,52.35,703.375
data\raw\siena\PN06\PN06-3.edf,EEG P9,3141.5,52.358333333333334,693.0
data\raw\siena\PN06\PN06-3.edf,EEG P9,3142.0,52.36666666666667,684.125
data\raw\siena\PN06\PN06-3.edf,EEG P9,3142.5,52.375,690.625
data\raw\siena\PN06\PN06-3.edf,EEG P9,3143.0,52.38333333333333,710.375
data\raw\siena\PN06\PN06-3.edf,EEG P9,3143.5,52.391666666666666,697.0
data\raw\siena\PN06\PN06-3.edf,EEG P9,3144.0,52.4,691.125
data\raw\siena\PN06\PN06-3.edf,EEG P9,3144.5,52.40833333333333,719.9999999999999
data\raw\siena\PN06\PN06-3.edf,EEG P9,3145.0,52.416666666666664,693.5
data\raw\siena\PN06\PN06-3.edf,EEG P9,3145.5,52.425,699.9999999999999
data\raw\siena\PN06\PN06-3.edf,EEG P9,3146.0,52.43333333333333,687.25
data\raw\siena\PN06\PN06-3.edf,EEG P9,3146.5,52.44166666666667,687.25
data\raw\siena\PN06\PN06-3.edf,EEG P9,3147.0,52.45,699.875
data\raw\siena\PN06\PN06-3.edf,EEG P9,3147.5,52.458333333333336,713.3749999999999
data\raw\siena\PN06\PN06-3.edf,EEG P9,3148.0,52.46666666666667,699.875
data\raw\siena\PN06\PN06-3.edf,EEG P9,3148.5,52.475,715.25
data\raw\siena\PN06\PN06-3.edf,EEG P9,3149.0,52.483333333333334,705.375
data\raw\siena\PN06\PN06-3.edf,EEG P9,3149.5,52.49166666666667,711.625
data\raw\siena\PN06\PN06-3.edf,EEG P9,3150.0,52.5,708.8749999999999
data\raw\siena\PN06\PN06-3.edf,EEG P9,3150.5,52.50833333333333,698.375
data\raw\siena\PN06\PN06-3.edf,EEG P9,3151.0,52.516666666666666,712.25
data\raw\siena\PN06\PN06-3.edf,EEG P9,3151.5,52.525,698.625
data\raw\siena\PN06\PN06-3.edf,EEG P9,3152.0,52.53333333333333,684.75
data\raw\siena\PN06\PN06-3.edf,EEG P9,3152.5,52.541666666666664,680.5
data\raw\siena\PN06\PN06-3.edf,EEG P9,3153.0,52.55,704.75
data\raw\siena\PN06\PN06-3.edf,EEG P9,3153.5,52.55833333333333,711.7499999999999
data\raw\siena\PN06\PN06-3.edf,EEG P9,3154.0,52.56666666666667,726.125
data\raw\siena\PN06\PN06-3.edf,EEG P9,3154.5,52.575,716.75
data\raw\siena\PN06\PN06-3.edf,EEG P9,3155.0,52.583333333333336,711.3749999999999
data\raw\siena\PN06\PN06-3.edf,EEG P9,3155.5,52.59166666666667,732.5
data\raw\siena\PN06\PN06-3.edf,EEG P9,3156.0,52.6,727.75
data\raw\siena\PN06\PN06-3.edf,EEG P9,3156.5,52.608333333333334,698.75
data\raw\siena\PN06\PN06-3.edf,EEG P9,3157.0,52.61666666666667,691.375
data\raw\siena\PN06\PN06-3.edf,EEG P9,3157.5,52.625,695.625
data\raw\siena\PN06\PN06-3.edf,EEG P9,3158.0,52.63333333333333,685.125
data\raw\siena\PN06\PN06-3.edf,EEG P9,3158.5,52.641666666666666,699.125
data\raw\siena\PN06\PN06-3.edf,EEG P9,3159.0,52.65,697.125
data\raw\siena\PN06\PN06-3.edf,EEG P9,3159.5,52.65833333333333,685.75
data\raw\siena\PN06\PN06-3.edf,EEG P9,3160.0,52.666666666666664,694.6249999999999
data\raw\siena\PN06\PN06-3.edf,EEG P9,3160.5,52.675,698.25
data\raw\siena\PN06\PN06-3.edf,EEG P9,3161.0,52.68333333333333,698.5
data\raw\siena\PN06\PN06-3.edf,EEG P9,3161.5,52.69166666666667,703.375
data\raw\siena\PN06\PN06-3.edf,EEG P9,3162.0,52.7,699.25
data\raw\siena\PN06\PN06-3.edf,EEG P9,3162.5,52.708333333333336,712.5
data\raw\siena\PN06\PN06-3.edf,EEG P9,3163.0,52.71666666666667,715.8749999999999
data\raw\siena\PN06\PN06-3.edf,EEG P9,3163.5,52.725,702.3749999999999
data\raw\siena\PN06\PN06-3.edf,EEG P9,3164.0,52.733333333333334,689.375
data\raw\siena\PN06\PN06-3.edf,EEG P9,3164.5,52.74166666666667,692.0
data\raw\siena\PN06\PN06-3.edf,EEG P9,3165.0,52.75,706.0
data\raw\siena\PN06\PN06-3.edf,EEG P9,3165.5,52.75833333333333,708.25
data\raw\siena\PN06\PN06-3.edf,EEG P9,3166.0,52.766666666666666,685.625
data\raw\siena\PN06\PN06-3.edf,EEG P9,3166.5,52.775,686.125
data\raw\siena\PN06\PN06-3.edf,EEG P9,3167.0,52.78333333333333,678.125
data\raw\siena\PN06\PN06-3.edf,EEG P9,3167.5,52.791666666666664,682.75
data\raw\siena\PN06\PN06-3.edf,EEG P9,3168.0,52.8,697.25
data\raw\siena\PN06\PN06-3.edf,EEG P9,3168.5,52.80833333333333,697.25
data\raw\siena\PN06\PN06-3.edf,EEG P9,3169.0,52.81666666666667,695.0
data\raw\siena\PN06\PN06-3.edf,EEG P9,3169.5,52.825,701.0
data\raw\siena\PN06\PN06-3.edf,EEG P9,3170.0,52.833333333333336,707.0
data\raw\siena\PN06\PN06-3.edf,EEG P9,3170.5,52.84166666666667,701.5
data\raw\siena\PN06\PN06-3.edf,EEG P9,3171.0,52.85,706.75
data\raw\siena\PN06\PN06-3.edf,EEG P9,3171.5,52.858333333333334,712.125
data\raw\siena\PN06\PN06-3.edf,EEG P9,3172.0,52.86666666666667,718.125
data\raw\siena\PN06\PN06-3.edf,EEG P9,3172.5,52.875,713.5
data\raw\siena\PN06\PN06-3.edf,EEG P9,3173.0,52.88333333333333,694.0
data\raw\siena\PN06\PN06-3.edf,EEG P9,3173.5,52.891666666666666,701.125
data\raw\siena\PN06\PN06-3.edf,EEG P9,3174.0,52.9,704.75
data\raw\siena\PN06\PN06-3.edf,EEG P9,3174.5,52.90833333333333,700.625
data\raw\siena\PN06\PN06-3.edf,EEG P9,3175.0,52.916666666666664,686.75
data\raw\siena\PN06\PN06-3.edf,EEG P9,3175.5,52.925,695.375
data\raw\siena\PN06\PN06-3.edf,EEG P9,3176.0,52.93333333333333,744.625
data\raw\siena\PN06\PN06-3.edf,EEG P9,3176.5,52.94166666666667,744.625
data\raw\siena\PN06\PN06-3.edf,EEG P9,3177.0,52.95,689.5
data\raw\siena\PN06\PN06-3.edf,EEG P9,3177.5,52.958333333333336,695.8749999999999
data\raw\siena\PN06\PN06-3.edf,EEG P9,3178.0,52.96666666666667,701.875
data\raw\siena\PN06\PN06-3.edf,EEG P9,3178.5,52.975,718.0
data\raw\siena\PN06\PN06-3.edf,EEG P9,3179.0,52.983333333333334,695.0
data\raw\siena\PN06\PN06-3.edf,EEG P9,3179.5,52.99166666666667,699.375
data\raw\siena\PN06\PN06-3.edf,EEG P9,3180.0,53.0,702.0
data\raw\siena\PN06\PN06-3.edf,EEG P9,3180.5,53.00833333333333,695.875
data\raw\siena\PN06\PN06-3.edf,EEG P9,3181.0,53.016666666666666,703.5
data\raw\siena\PN06\PN06-3.edf,EEG P9,3181.5,53.025,703.75
data\raw\siena\PN06\PN06-3.edf,EEG P9,3182.0,53.03333333333333,691.625
data\raw\siena\PN06\PN06-3.edf,EEG P9,3182.5,53.041666666666664,705.0
data\raw\siena\PN06\PN06-3.edf,EEG P9,3183.0,53.05,710.125
data\raw\siena\PN06\PN06-3.edf,EEG P9,3183.5,53.05833333333333,717.625
data\raw\siena\PN06\PN06-3.edf,EEG P9,3184.0,53.06666666666667,717.625
data\raw\siena\PN06\PN06-3.edf,EEG P9,3184.5,53.075,716.2499999999999
data\raw\siena\PN06\PN06-3.edf,EEG P9,3185.0,53.083333333333336,703.0
data\raw\siena\PN06\PN06-3.edf,EEG P9,3185.5,53.09166666666667,689.125
data\raw\siena\PN06\PN06-3.edf,EEG P9,3186.0,53.1,689.75
data\raw\siena\PN06\PN06-3.edf,EEG P9,3186.5,53.108333333333334,694.5
data\raw\siena\PN06\PN06-3.edf,EEG P9,3187.0,53.11666666666667,687.625
data\raw\siena\PN06\PN06-3.edf,EEG P9,3187.5,53.125,683.75
data\raw\siena\PN06\PN06-3.edf,EEG P9,3188.0,53.13333333333333,688.75
data\raw\siena\PN06\PN06-3.edf,EEG P9,3188.5,53.141666666666666,708.625
data\raw\siena\PN06\PN06-3.edf,EEG P9,3189.0,53.15,686.25
data\raw\siena\PN06\PN06-3.edf,EEG P9,3189.5,53.15833333333333,702.875
data\raw\siena\PN06\PN06-3.edf,EEG P9,3190.0,53.166666666666664,710.875
data\raw\siena\PN06\PN06-3.edf,EEG P9,3190.5,53.175,700.125
data\raw\siena\PN06\PN06-3.edf,EEG P9,3191.0,53.18333333333333,676.625
data\raw\siena\PN06\PN06-3.edf,EEG P9,3191.5,53.19166666666667,700.0
data\raw\siena\PN06\PN06-3.edf,EEG P9,3192.0,53.2,717.625
data\raw\siena\PN06\PN06-3.edf,EEG P9,3192.5,53.208333333333336,708.75
data\raw\siena\PN06\PN06-3.edf,EEG P9,3193.0,53.21666666666667,732.5
data\raw\siena\PN06\PN06-3.edf,EEG P9,3193.5,53.225,723.5
data\raw\siena\PN06\PN06-3.edf,EEG P9,3194.0,53.233333333333334,709.5
data\raw\siena\PN06\PN06-3.edf,EEG P9,3194.5,53.24166666666667,694.875
data\raw\siena\PN06\PN06-3.edf,EEG P9,3195.0,53.25,674.125
data\raw\siena\PN06\PN06-3.edf,EEG P9,3195.5,53.25833333333333,683.875
data\raw\siena\PN06\PN06-3.edf,EEG P9,3196.0,53.266666666666666,686.125
data\raw\siena\PN06\PN06-3.edf,EEG P9,3196.5,53.275,701.375
data\raw\siena\PN06\PN06-3.edf,EEG P9,3197.0,53.28333333333333,701.375
data\raw\siena\PN06\PN06-3.edf,EEG P9,3197.5,53.291666666666664,691.375
data\raw\siena\PN06\PN06-3.edf,EEG P9,3198.0,53.3,702.125
data\raw\siena\PN06\PN06-3.edf,EEG P9,3198.5,53.30833333333333,699.125
data\raw\siena\PN06\PN06-3.edf,EEG P9,3199.0,53.31666666666667,699.125
data\raw\siena\PN06\PN06-3.edf,EEG P9,3199.5,53.325,695.375
data\raw\siena\PN06\PN06-3.edf,EEG P9,3200.0,53.333333333333336,714.875
data\raw\siena\PN06\PN06-3.edf,EEG P9,3200.5,53.34166666666667,711.875
data\raw\siena\PN06\PN06-3.edf,EEG P9,3201.0,53.35,712.375
data\raw\siena\PN06\PN06-3.edf,EEG P9,3201.5,53.358333333333334,705.625
data\raw\siena\PN06\PN06-3.edf,EEG P9,3202.0,53.36666666666667,688.125
data\raw\siena\PN06\PN06-3.edf,EEG P9,3202.5,53.375,694.375
data\raw\siena\PN06\PN06-3.edf,EEG P9,3203.0,53.38333333333333,695.0
data\raw\siena\PN06\PN06-3.edf,EEG P9,3203.5,53.391666666666666,705.625
data\raw\siena\PN06\PN06-3.edf,EEG P9,3204.0,53.4,694.75
data\raw\siena\PN06\PN06-3.edf,EEG P9,3204.5,53.40833333333333,707.375
data\raw\siena\PN06\PN06-3.edf,EEG P9,3205.0,53.416666666666664,704.0
data\raw\siena\PN06\PN06-3.edf,EEG P9,3205.5,53.425,731.375
data\raw\siena\PN06\PN06-3.edf,EEG P9,3206.0,53.43333333333333,731.375
data\raw\siena\PN06\PN06-3.edf,EEG P9,3206.5,53.44166666666667,697.375
data\raw\siena\PN06\PN06-3.edf,EEG P9,3207.0,53.45,695.0
data\raw\siena\PN06\PN06-3.edf,EEG P9,3207.5,53.458333333333336,702.75
data\raw\siena\PN06\PN06-3.edf,EEG P9,3208.0,53.46666666666667,710.5
data\raw\siena\PN06\PN06-3.edf,EEG P9,3208.5,53.475,700.625
data\raw\siena\PN06\PN06-3.edf,EEG P9,3209.0,53.483333333333334,694.375
data\raw\siena\PN06\PN06-3.edf,EEG P9,3209.5,53.49166666666667,706.375
data\raw\siena\PN06\PN06-3.edf,EEG P9,3210.0,53.5,699.5
data\raw\siena\PN06\PN06-3.edf,EEG P9,3210.5,53.50833333333333,693.3749999999999
data\raw\siena\PN06\PN06-3.edf,EEG P9,3211.0,53.516666666666666,686.625
data\raw\siena\PN06\PN06-3.edf,EEG P9,3211.5,53.525,726.25
data\raw\siena\PN06\PN06-3.edf,EEG P9,3212.0,53.53333333333333,700.5
data\raw\siena\PN06\PN06-3.edf,EEG P9,3212.5,53.541666666666664,709.0
data\raw\siena\PN06\PN06-3.edf,EEG P9,3213.0,53.55,690.9999999999999
data\raw\siena\PN06\PN06-3.edf,EEG P9,3213.5,53.55833333333333,715.4999999999999
data\raw\siena\PN06\PN06-3.edf,EEG P9,3214.0,53.56666666666667,722.3749999999999
data\raw\siena\PN06\PN06-3.edf,EEG P9,3214.5,53.575,728.375
data\raw\siena\PN06\PN06-3.edf,EEG P9,3215.0,53.583333333333336,728.375
data\raw\siena\PN06\PN06-3.edf,EEG P9,3215.5,53.59166666666667,705.2499999999999
data\raw\siena\PN06\PN06-3.edf,EEG P9,3216.0,53.6,705.2499999999999
data\raw\siena\PN06\PN06-3.edf,EEG P9,3216.5,53.608333333333334,699.375
data\raw\siena\PN06\PN06-3.edf,EEG P9,3217.0,53.61666666666667,714.375
data\raw\siena\PN06\PN06-3.edf,EEG P9,3217.5,53.625,710.75
data\raw\siena\PN06\PN06-3.edf,EEG P9,3218.0,53.63333333333333,708.625
data\raw\siena\PN06\PN06-3.edf,EEG P9,3218.5,53.641666666666666,713.0
data\raw\siena\PN06\PN06-3.edf,EEG P9,3219.0,53.65,721.0
data\raw\siena\PN06\PN06-3.edf,EEG P9,3219.5,53.65833333333333,709.0
data\raw\siena\PN06\PN06-3.edf,EEG P9,3220.0,53.666666666666664,693.25
data\raw\siena\PN06\PN06-3.edf,EEG P9,3220.5,53.675,687.0
data\raw\siena\PN06\PN06-3.edf,EEG P9,3221.0,53.68333333333333,695.5
data\raw\siena\PN06\PN06-3.edf,EEG P9,3221.5,53.69166666666667,695.5
data\raw\siena\PN06\PN06-3.edf,EEG P9,3222.0,53.7,707.5
data\raw\siena\PN06\PN06-3.edf,EEG P9,3222.5,53.708333333333336,688.8749999999999
data\raw\siena\PN06\PN06-3.edf,EEG P9,3223.0,53.71666666666667,697.25
data\raw\siena\PN06\PN06-3.edf,EEG P9,3223.5,53.725,718.5
data\raw\siena\PN06\PN06-3.edf,EEG P9,3224.0,53.733333333333334,720.5
data\raw\siena\PN06\PN06-3.edf,EEG P9,3224.5,53.74166666666667,703.0
data\raw\siena\PN06\PN06-3.edf,EEG P9,3225.0,53.75,705.75
data\raw\siena\PN06\PN06-3.edf,EEG P9,3225.5,53.75833333333333,709.75
data\raw\siena\PN06\PN06-3.edf,EEG P9,3226.0,53.766666666666666,749.5
data\raw\siena\PN06\PN06-3.edf,EEG P9,3226.5,53.775,749.5
data\raw\siena\PN06\PN06-3.edf,EEG P9,3227.0,53.78333333333333,729.375
data\raw\siena\PN06\PN06-3.edf,EEG P9,3227.5,53.791666666666664,722.0
data\raw\siena\PN06\PN06-3.edf,EEG P9,3228.0,53.8,700.75
data\raw\siena\PN06\PN06-3.edf,EEG P9,3228.5,53.80833333333333,706.5
data\raw\siena\PN06\PN06-3.edf,EEG P9,3229.0,53.81666666666667,695.75
data\raw\siena\PN06\PN06-3.edf,EEG P9,3229.5,53.825,716.375
data\raw\siena\PN06\PN06-3.edf,EEG P9,3230.0,53.833333333333336,716.375
data\raw\siena\PN06\PN06-3.edf,EEG P9,3230.5,53.84166666666667,711.875
data\raw\siena\PN06\PN06-3.edf,EEG P9,3231.0,53.85,710.0
data\raw\siena\PN06\PN06-3.edf,EEG P9,3231.5,53.858333333333334,719.625
data\raw\siena\PN06\PN06-3.edf,EEG P9,3232.0,53.86666666666667,693.75
data\raw\siena\PN06\PN06-3.edf,EEG P9,3232.5,53.875,747.25
data\raw\siena\PN06\PN06-3.edf,EEG P9,3233.0,53.88333333333333,757.25
data\raw\siena\PN06\PN06-3.edf,EEG P9,3233.5,53.891666666666666,738.875
data\raw\siena\PN06\PN06-3.edf,EEG P9,3234.0,53.9,693.125
data\raw\siena\PN06\PN06-3.edf,EEG P9,3234.5,53.90833333333333,716.0
data\raw\siena\PN06\PN06-3.edf,EEG P9,3235.0,53.916666666666664,714.0
data\raw\siena\PN06\PN06-3.edf,EEG P9,3235.5,53.925,709.125
data\raw\siena\PN06\PN06-3.edf,EEG P9,3236.0,53.93333333333333,686.0
data\raw\siena\PN06\PN06-3.edf,EEG P9,3236.5,53.94166666666667,697.875
data\raw\siena\PN06\PN06-3.edf,EEG P9,3237.0,53.95,714.0
data\raw\siena\PN06\PN06-3.edf,EEG P9,3237.5,53.958333333333336,696.7499999999999
data\raw\siena\PN06\PN06-3.edf,EEG P9,3238.0,53.96666666666667,679.5
data\raw\siena\PN06\PN06-3.edf,EEG P9,3238.5,53.975,692.625
data\raw\siena\PN06\PN06-3.edf,EEG P9,3239.0,53.983333333333334,714.0
data\raw\siena\PN06\PN06-3.edf,EEG P9,3239.5,53.99166666666667,698.875
data\raw\siena\PN06\PN06-3.edf,EEG P9,3240.0,54.0,692.6249999999999
data\raw\siena\PN06\PN06-3.edf,EEG P9,3240.5,54.00833333333333,681.25
data\raw\siena\PN06\PN06-3.edf,EEG P9,3241.0,54.016666666666666,686.375
data\raw\siena\PN06\PN06-3.edf,EEG P9,3241.5,54.025,700.0
data\raw\siena\PN06\PN06-3.edf,EEG P9,3242.0,54.03333333333333,688.125
data\raw\siena\PN06\PN06-3.edf,EEG P9,3242.5,54.041666666666664,715.625
data\raw\siena\PN06\PN06-3.edf,EEG P9,3243.0,54.05,702.0
data\raw\siena\PN06\PN06-3.edf,EEG P9,3243.5,54.05833333333333,698.375
data\raw\siena\PN06\PN06-3.edf,EEG P9,3244.0,54.06666666666667,693.25
data\raw\siena\PN06\PN06-3.edf,EEG P9,3244.5,54.075,698.75
data\raw\siena\PN06\PN06-3.edf,EEG P9,3245.0,54.083333333333336,707.5
data\raw\siena\PN06\PN06-3.edf,EEG P9,3245.5,54.09166666666667,705.25
data\raw\siena\PN06\PN06-3.edf,EEG P9,3246.0,54.1,695.75
data\raw\siena\PN06\PN06-3.edf,EEG P9,3246.5,54.108333333333334,680.3749999999999
data\raw\siena\PN06\PN06-3.edf,EEG P9,3247.0,54.11666666666667,699.9999999999999
data\raw\siena\PN06\PN06-3.edf,EEG P9,3247.5,54.125,703.75
data\raw\siena\PN06\PN06-3.edf,EEG P9,3248.0,54.13333333333333,711.7499999999999
data\raw\siena\PN06\PN06-3.edf,EEG P9,3248.5,54.141666666666666,710.375
data\raw\siena\PN06\PN06-3.edf,EEG P9,3249.0,54.15,699.625
data\raw\siena\PN06\PN06-3.edf,EEG P9,3249.5,54.15833333333333,696.625
data\raw\siena\PN06\PN06-3.edf,EEG P9,3250.0,54.166666666666664,708.375
data\raw\siena\PN06\PN06-3.edf,EEG P9,3250.5,54.175,726.25
data\raw\siena\PN06\PN06-3.edf,EEG P9,3251.0,54.18333333333333,714.5
data\raw\siena\PN06\PN06-3.edf,EEG P9,3251.5,54.19166666666667,689.375
data\raw\siena\PN06\PN06-3.edf,EEG P9,3252.0,54.2,685.5
data\raw\siena\PN06\PN06-3.edf,EEG P9,3252.5,54.208333333333336,700.875
data\raw\siena\PN06\PN06-3.edf,EEG P9,3253.0,54.21666666666667,710.75
data\raw\siena\PN06\PN06-3.edf,EEG P9,3253.5,54.225,706.25
data\raw\siena\PN06\PN06-3.edf,EEG P9,3254.0,54.233333333333334,703.0
data\raw\siena\PN06\PN06-3.edf,EEG P9,3254.5,54.24166666666667,691.625
data\raw\siena\PN06\PN06-3.edf,EEG P9,3255.0,54.25,691.625
data\raw\siena\PN06\PN06-3.edf,EEG P9,3255.5,54.25833333333333,684.125
data\raw\siena\PN06\PN06-3.edf,EEG P9,3256.0,54.266666666666666,680.0
data\raw\siena\PN06\PN06-3.edf,EEG P9,3256.5,54.275,695.75
data\raw\siena\PN06\PN06-3.edf,EEG P9,3257.0,54.28333333333333,688.625
data\raw\siena\PN06\PN06-3.edf,EEG P9,3257.5,54.291666666666664,688.625
data\raw\siena\PN06\PN06-3.edf,EEG P9,3258.0,54.3,707.375
data\raw\siena\PN06\PN06-3.edf,EEG P9,3258.5,54.30833333333333,710.25
data\raw\siena\PN06\PN06-3.edf,EEG P9,3259.0,54.31666666666667,700.25
data\raw\siena\PN06\PN06-3.edf,EEG P9,3259.5,54.325,702.875
data\raw\siena\PN06\PN06-3.edf,EEG P9,3260.0,54.333333333333336,701.9999999999999
data\raw\siena\PN06\PN06-3.edf,EEG P9,3260.5,54.34166666666667,702.3749999999999
data\raw\siena\PN06\PN06-3.edf,EEG P9,3261.0,54.35,702.3749999999999
data\raw\siena\PN06\PN06-3.edf,EEG P9,3261.5,54.358333333333334,697.5
data\raw\siena\PN06\PN06-3.edf,EEG P9,3262.0,54.36666666666667,689.5
data\raw\siena\PN06\PN06-3.edf,EEG P9,3262.5,54.375,697.75
data\raw\siena\PN06\PN06-3.edf,EEG P9,3263.0,54.38333333333333,686.75
data\raw\siena\PN06\PN06-3.edf,EEG P9,3263.5,54.391666666666666,682.125
data\raw\siena\PN06\PN06-3.edf,EEG P9,3264.0,54.4,711.625
data\raw\siena\PN06\PN06-3.edf,EEG P9,3264.5,54.40833333333333,722.0
data\raw\siena\PN06\PN06-3.edf,EEG P9,3265.0,54.416666666666664,691.375
data\raw\siena\PN06\PN06-3.edf,EEG P9,3265.5,54.425,724.0
data\raw\siena\PN06\PN06-3.edf,EEG P9,3266.0,54.43333333333333,721.0
data\raw\siena\PN06\PN06-3.edf,EEG P9,3266.5,54.44166666666667,716.875
data\raw\siena\PN06\PN06-3.edf,EEG P9,3267.0,54.45,727.0
data\raw\siena\PN06\PN06-3.edf,EEG P9,3267.5,54.458333333333336,726.75
data\raw\siena\PN06\PN06-3.edf,EEG P9,3268.0,54.46666666666667,698.5
data\raw\siena\PN06\PN06-3.edf,EEG P9,3268.5,54.475,744.0
data\raw\siena\PN06\PN06-3.edf,EEG P9,3269.0,54.483333333333334,744.0
data\raw\siena\PN06\PN06-3.edf,EEG P9,3269.5,54.49166666666667,718.375
data\raw\siena\PN06\PN06-3.edf,EEG P9,3270.0,54.5,703.25
data\raw\siena\PN06\PN06-3.edf,EEG P9,3270.5,54.50833333333333,701.0
data\raw\siena\PN06\PN06-3.edf,EEG P9,3271.0,54.516666666666666,712.625
data\raw\siena\PN06\PN06-3.edf,EEG P9,3271.5,54.525,712.625
data\raw\siena\PN06\PN06-3.edf,EEG P9,3272.0,54.53333333333333,692.625
data\raw\siena\PN06\PN06-3.edf,EEG P9,3272.5,54.541666666666664,685.25
data\raw\siena\PN06\PN06-3.edf,EEG P9,3273.0,54.55,695.875
data\raw\siena\PN06\PN06-3.edf,EEG P9,3273.5,54.55833333333333,686.125
data\raw\siena\PN06\PN06-3.edf,EEG P9,3274.0,54.56666666666667,693.5
data\raw\siena\PN06\PN06-3.edf,EEG P9,3274.5,54.575,693.5
data\raw\siena\PN06\PN06-3.edf,EEG P9,3275.0,54.583333333333336,692.75
data\raw\siena\PN06\PN06-3.edf,EEG P9,3275.5,54.59166666666667,699.25
data\raw\siena\PN06\PN06-3.edf,EEG P9,3276.0,54.6,693.375
data\raw\siena\PN06\PN06-3.edf,EEG P9,3276.5,54.608333333333334,707.375
data\raw\siena\PN06\PN06-3.edf,EEG P9,3277.0,54.61666666666667,704.25
data\raw\siena\PN06\PN06-3.edf,EEG P9,3277.5,54.625,718.625
data\raw\siena\PN06\PN06-3.edf,EEG P9,3278.0,54.63333333333333,705.75
data\raw\siena\PN06\PN06-3.edf,EEG P9,3278.5,54.641666666666666,705.75
data\raw\siena\PN06\PN06-3.edf,EEG P9,3279.0,54.65,705.2499999999999
data\raw\siena\PN06\PN06-3.edf,EEG P9,3279.5,54.65833333333333,716.375
data\raw\siena\PN06\PN06-3.edf,EEG P9,3280.0,54.666666666666664,701.125
data\raw\siena\PN06\PN06-3.edf,EEG P9,3280.5,54.675,703.75
data\raw\siena\PN06\PN06-3.edf,EEG P9,3281.0,54.68333333333333,713.75
data\raw\siena\PN06\PN06-3.edf,EEG P9,3281.5,54.69166666666667,732.875
data\raw\siena\PN06\PN06-3.edf,EEG P9,3282.0,54.7,732.875
data\raw\siena\PN06\PN06-3.edf,EEG P9,3282.5,54.708333333333336,695.5
data\raw\siena\PN06\PN06-3.edf,EEG P9,3283.0,54.71666666666667,729.875
data\raw\siena\PN06\PN06-3.edf,EEG P9,3283.5,54.725,714.375
data\raw\siena\PN06\PN06-3.edf,EEG P9,3284.0,54.733333333333334,690.5
data\raw\siena\PN06\PN06-3.edf,EEG P9,3284.5,54.74166666666667,690.625
data\raw\siena\PN06\PN06-3.edf,EEG P9,3285.0,54.75,721.75
data\raw\siena\PN06\PN06-3.edf,EEG P9,3285.5,54.75833333333333,736.375
data\raw\siena\PN06\PN06-3.edf,EEG P9,3286.0,54.766666666666666,755.625
data\raw\siena\PN06\PN06-3.edf,EEG P9,3286.5,54.775,758.75
data\raw\siena\PN06\PN06-3.edf,EEG P9,3287.0,54.78333333333333,767.625
data\raw\siena\PN06\PN06-3.edf,EEG P9,3287.5,54.791666666666664,741.0
data\raw\siena\PN06\PN06-3.edf,EEG P9,3288.0,54.8,721.1249999999999
data\raw\siena\PN06\PN06-3.edf,EEG P9,3288.5,54.80833333333333,715.25
data\raw\siena\PN06\PN06-3.edf,EEG P9,3289.0,54.81666666666667,733.0
data\raw\siena\PN06\PN06-3.edf,EEG P9,3289.5,54.825,733.0
data\raw\siena\PN06\PN06-3.edf,EEG P9,3290.0,54.833333333333336,708.9999999999999
data\raw\siena\PN06\PN06-3.edf,EEG P9,3290.5,54.84166666666667,713.75
data\raw\siena\PN06\PN06-3.edf,EEG P9,3291.0,54.85,737.75
data\raw\siena\PN06\PN06-3.edf,EEG P9,3291.5,54.858333333333334,783.75
data\raw\siena\PN06\PN06-3.edf,EEG P9,3292.0,54.86666666666667,771.625
data\raw\siena\PN06\PN06-3.edf,EEG P9,3292.5,54.875,731.8749999999999
data\raw\siena\PN06\PN06-3.edf,EEG P9,3293.0,54.88333333333333,729.5
data\raw\siena\PN06\PN06-3.edf,EEG P9,3293.5,54.891666666666666,718.125
data\raw\siena\PN06\PN06-3.edf,EEG P9,3294.0,54.9,798.0
data\raw\siena\PN06\PN06-3.edf,EEG P9,3294.5,54.90833333333333,892.875
data\raw\siena\PN06\PN06-3.edf,EEG P9,3295.0,54.916666666666664,778.1249999999999
data\raw\siena\PN06\PN06-3.edf,EEG P9,3295.5,54.925,888.4999999999999
data\raw\siena\PN06\PN06-3.edf,EEG P9,3296.0,54.93333333333333,751.75
data\raw\siena\PN06\PN06-3.edf,EEG P9,3296.5,54.94166666666667,684.375
data\raw\siena\PN06\PN06-3.edf,EEG P9,3297.0,54.95,720.75
data\raw\siena\PN06\PN06-3.edf,EEG P9,3297.5,54.958333333333336,717.75
data\raw\siena\PN06\PN06-3.edf,EEG P9,3298.0,54.96666666666667,720.75
data\raw\siena\PN06\PN06-3.edf,EEG P9,3298.5,54.975,761.375
data\raw\siena\PN06\PN06-3.edf,EEG P9,3299.0,54.983333333333334,718.625
data\raw\siena\PN06\PN06-3.edf,EEG P9,3299.5,54.99166666666667,691.625
data\raw\siena\PN06\PN06-3.edf,EEG P9,3300.0,55.0,726.25
data\raw\siena\PN06\PN06-3.edf,EEG P9,3300.5,55.00833333333333,747.375
data\raw\siena\PN06\PN06-3.edf,EEG P9,3301.0,55.016666666666666,714.75
data\raw\siena\PN06\PN06-3.edf,EEG P9,3301.5,55.025,696.375
data\raw\siena\PN06\PN06-3.edf,EEG P9,3302.0,55.03333333333333,682.125
data\raw\siena\PN06\PN06-3.edf,EEG P9,3302.5,55.041666666666664,698.25
data\raw\siena\PN06\PN06-3.edf,EEG P9,3303.0,55.05,698.25
data\raw\siena\PN06\PN06-3.edf,EEG P9,3303.5,55.05833333333333,692.5
data\raw\siena\PN06\PN06-3.edf,EEG P9,3304.0,55.06666666666667,684.375
data\raw\siena\PN06\PN06-3.edf,EEG P9,3304.5,55.075,700.75
data\raw\siena\PN06\PN06-3.edf,EEG P9,3305.0,55.083333333333336,694.125
data\raw\siena\PN06\PN06-3.edf,EEG P9,3305.5,55.09166666666667,684.625
data\raw\siena\PN06\PN06-3.edf,EEG P9,3306.0,55.1,694.0
data\raw\siena\PN06\PN06-3.edf,EEG P9,3306.5,55.108333333333334,702.5
data\raw\siena\PN06\PN06-3.edf,EEG P9,3307.0,55.11666666666667,705.625
data\raw\siena\PN06\PN06-3.edf,EEG P9,3307.5,55.125,717.625
data\raw\siena\PN06\PN06-3.edf,EEG P9,3308.0,55.13333333333333,720.5
data\raw\siena\PN06\PN06-3.edf,EEG P9,3308.5,55.141666666666666,706.125
data\raw\siena\PN06\PN06-3.edf,EEG P9,3309.0,55.15,690.0
data\raw\siena\PN06\PN06-3.edf,EEG P9,3309.5,55.15833333333333,703.125
data\raw\siena\PN06\PN06-3.edf,EEG P9,3310.0,55.166666666666664,720.5
data\raw\siena\PN06\PN06-3.edf,EEG P9,3310.5,55.175,720.625
data\raw\siena\PN06\PN06-3.edf,EEG P9,3311.0,55.18333333333333,691.25
data\raw\siena\PN06\PN06-3.edf,EEG P9,3311.5,55.19166666666667,700.125
data\raw\siena\PN06\PN06-3.edf,EEG P9,3312.0,55.2,700.125
data\raw\siena\PN06\PN06-3.edf,EEG P9,3312.5,55.208333333333336,686.875
data\raw\siena\PN06\PN06-3.edf,EEG P9,3313.0,55.21666666666667,689.375
data\raw\siena\PN06\PN06-3.edf,EEG P9,3313.5,55.225,716.625
data\raw\siena\PN06\PN06-3.edf,EEG P9,3314.0,55.233333333333334,721.2499999999999
data\raw\siena\PN06\PN06-3.edf,EEG P9,3314.5,55.24166666666667,707.375
data\raw\siena\PN06\PN06-3.edf,EEG P9,3315.0,55.25,700.75
data\raw\siena\PN06\PN06-3.edf,EEG P9,3315.5,55.25833333333333,683.875
data\raw\siena\PN06\PN06-3.edf,EEG P9,3316.0,55.266666666666666,693.375
data\raw\siena\PN06\PN06-3.edf,EEG P9,3316.5,55.275,694.0
data\raw\siena\PN06\PN06-3.edf,EEG P9,3317.0,55.28333333333333,677.875
data\raw\siena\PN06\PN06-3.edf,EEG P9,3317.5,55.291666666666664,694.375
data\raw\siena\PN06\PN06-3.edf,EEG P9,3318.0,55.3,732.75
data\raw\siena\PN06\PN06-3.edf,EEG P9,3318.5,55.30833333333333,737.4999999999999
data\raw\siena\PN06\PN06-3.edf,EEG P9,3319.0,55.31666666666667,712.125
data\raw\siena\PN06\PN06-3.edf,EEG P9,3319.5,55.325,721.375
data\raw\siena\PN06\PN06-3.edf,EEG P9,3320.0,55.333333333333336,721.375
data\raw\siena\PN06\PN06-3.edf,EEG P9,4649.0,77.48333333333333,407.0
data\raw\siena\PN06\PN06-3.edf,EEG P9,4649.5,77.49166666666666,425.375
data\raw\siena\PN06\PN06-3.edf,EEG P9,4650.0,77.5,421.62499999999994
data\raw\siena\PN06\PN06-3.edf,EEG P9,4650.5,77.50833333333334,431.0
data\raw\siena\PN06\PN06-3.edf,EEG P9,4651.0,77.51666666666667,431.0
data\raw\siena\PN06\PN06-3.edf,EEG P9,4651.5,77.525,431.625
data\raw\siena\PN06\PN06-3.edf,EEG P9,4652.0,77.53333333333333,451.0
data\raw\siena\PN06\PN06-3.edf,EEG P9,4652.5,77.54166666666667,449.0
data\raw\siena\PN06\PN06-3.edf,EEG P9,4653.0,77.55,435.625
data\raw\siena\PN06\PN06-3.edf,EEG P9,4653.5,77.55833333333334,426.0
data\raw\siena\PN06\PN06-3.edf,EEG P9,4654.0,77.56666666666666,413.625
data\raw\siena\PN06\PN06-3.edf,EEG P9,4654.5,77.575,416.75
data\raw\siena\PN06\PN06-3.edf,EEG P9,4655.0,77.58333333333333,417.75
data\raw\siena\PN06\PN06-3.edf,EEG P9,4655.5,77.59166666666667,436.875
data\raw\siena\PN06\PN06-3.edf,EEG P9,4656.0,77.6,437.25
data\raw\siena\PN06\PN06-3.edf,EEG P9,4656.5,77.60833333333333,427.12499999999994
data\raw\siena\PN06\PN06-3.edf,EEG P9,4657.0,77.61666666666666,424.375
data\raw\siena\PN06\PN06-3.edf,EEG P9,4657.5,77.625,421.875
data\raw\siena\PN06\PN06-3.edf,EEG P9,4658.0,77.63333333333334,432.5
data\raw\siena\PN06\PN06-3.edf,EEG P9,4658.5,77.64166666666667,434.5
data\raw\siena\PN06\PN06-3.edf,EEG P9,4659.0,77.65,425.125
data\raw\siena\PN06\PN06-3.edf,EEG P9,4659.5,77.65833333333333,461.875
data\raw\siena\PN06\PN06-3.edf,EEG P9,4660.0,77.66666666666667,469.375
data\raw\siena\PN06\PN06-3.edf,EEG P9,4660.5,77.675,444.875
data\raw\siena\PN06\PN06-3.edf,EEG P9,4661.0,77.68333333333334,425.625
data\raw\siena\PN06\PN06-3.edf,EEG P9,4661.5,77.69166666666666,432.24999999999994
data\raw\siena\PN06\PN06-3.edf,EEG P9,4662.0,77.7,447.125
data\raw\siena\PN06\PN06-3.edf,EEG P9,4662.5,77.70833333333333,428.5
data\raw\siena\PN06\PN06-3.edf,EEG P9,4663.0,77.71666666666667,425.375
data\raw\siena\PN06\PN06-3.edf,EEG P9,4663.5,77.725,437.5
data\raw\siena\PN06\PN06-3.edf,EEG P9,4664.0,77.73333333333333,426.625
data\raw\siena\PN06\PN06-3.edf,EEG P9,4664.5,77.74166666666666,440.5
data\raw\siena\PN06\PN06-3.edf,EEG P9,4665.0,77.75,443.625
data\raw\siena\PN06\PN06-3.edf,EEG P9,4665.5,77.75833333333334,439.125
data\raw\siena\PN06\PN06-3.edf,EEG P9,4666.0,77.76666666666667,457.375
data\raw\siena\PN06\PN06-3.edf,EEG P9,4666.5,77.775,458.125
data\raw\siena\PN06\PN06-3.edf,EEG P9,4667.0,77.78333333333333,467.0
data\raw\siena\PN06\PN06-3.edf,EEG P9,4667.5,77.79166666666667,464.0
data\raw\siena\PN06\PN06-3.edf,EEG P9,4668.0,77.8,464.75
data\raw\siena\PN06\PN06-3.edf,EEG P9,4668.5,77.80833333333334,439.125
data\raw\siena\PN06\PN06-3.edf,EEG P9,4669.0,77.81666666666666,436.75
data\raw\siena\PN06\PN06-3.edf,EEG P9,4669.5,77.825,508.87499999999994
data\raw\siena\PN06\PN06-3.edf,EEG P9,4670.0,77.83333333333333,530.3749999999999
data\raw\siena\PN06\PN06-3.edf,EEG P9,4670.5,77.84166666666667,526.375
data\raw\siena\PN06\PN06-3.edf,EEG P9,4671.0,77.85,436.625
data\raw\siena\PN06\PN06-3.edf,EEG P9,4671.5,77.85833333333333,457.625
data\raw\siena\PN06\PN06-3.edf,EEG P9,4672.0,77.86666666666666,465.625
data\raw\siena\PN06\PN06-3.edf,EEG P9,4672.5,77.875,482.125
data\raw\siena\PN06\PN06-3.edf,EEG P9,4673.0,77.88333333333334,480.875
data\raw\siena\PN06\PN06-3.edf,EEG P9,4673.5,77.89166666666667,516.0
data\raw\siena\PN06\PN06-3.edf,EEG P9,4674.0,77.9,463.625
data\raw\siena\PN06\PN06-3.edf,EEG P9,4674.5,77.90833333333333,434.49999999999994
data\raw\siena\PN06\PN06-3.edf,EEG P9,4675.0,77.91666666666667,436.0
data\raw\siena\PN06\PN06-3.edf,EEG P9,4675.5,77.925,424.0
data\raw\siena\PN06\PN06-3.edf,EEG P9,4676.0,77.93333333333334,448.125
data\raw\siena\PN06\PN06-3.edf,EEG P9,4676.5,77.94166666666666,462.75
data\raw\siena\PN06\PN06-3.edf,EEG P9,4677.0,77.95,438.75
data\raw\siena\PN06\PN06-3.edf,EEG P9,4677.5,77.95833333333333,437.875
data\raw\siena\PN06\PN06-3.edf,EEG P9,4678.0,77.96666666666667,428.125
data\raw\siena\PN06\PN06-3.edf,EEG P9,4678.5,77.975,421.125
data\raw\siena\PN06\PN06-3.edf,EEG P9,4679.0,77.98333333333333,431.375
data\raw\siena\PN06\PN06-3.edf,EEG P9,4679.5,77.99166666666666,451.25
data\raw\siena\PN06\PN06-3.edf,EEG P9,4680.0,78.0,447.0
data\raw\siena\PN06\PN06-3.edf,EEG P9,4680.5,78.00833333333334,431.5
data\raw\siena\PN06\PN06-3.edf,EEG P9,4681.0,78.01666666666667,441.5
data\raw\siena\PN06\PN06-3.edf,EEG P9,4681.5,78.025,478.5
data\raw\siena\PN06\PN06-3.edf,EEG P9,4682.0,78.03333333333333,469.8749999999999
data\raw\siena\PN06\PN06-3.edf,EEG P9,4682.5,78.04166666666667,462.75
data\raw\siena\PN06\PN06-3.edf,EEG P9,4683.0,78.05,446.625
data\raw\siena\PN06\PN06-3.edf,EEG P9,4683.5,78.05833333333334,453.25
data\raw\siena\PN06\PN06-3.edf,EEG P9,4684.0,78.06666666666666,469.25
data\raw\siena\PN06\PN06-3.edf,EEG P9,4684.5,78.075,471.0
data\raw\siena\PN06\PN06-3.edf,EEG P9,4685.0,78.08333333333333,446.125
data\raw\siena\PN06\PN06-3.edf,EEG P9,4685.5,78.09166666666667,458.0
data\raw\siena\PN06\PN06-3.edf,EEG P9,4686.0,78.1,454.625
data\raw\siena\PN06\PN06-3.edf,EEG P9,4686.5,78.10833333333333,439.625
data\raw\siena\PN06\PN06-3.edf,EEG P9,4687.0,78.11666666666666,449.25
data\raw\siena\PN06\PN06-3.edf,EEG P9,4687.5,78.125,439.25
data\raw\siena\PN06\PN06-3.edf,EEG P9,4688.0,78.13333333333334,441.875
data\raw\siena\PN06\PN06-3.edf,EEG P9,4688.5,78.14166666666667,468.0
data\raw\siena\PN06\PN06-3.edf,EEG P9,4689.0,78.15,468.0
data\raw\siena\PN06\PN06-3.edf,EEG P9,4689.5,78.15833333333333,452.5
data\raw\siena\PN06\PN06-3.edf,EEG P9,4690.0,78.16666666666667,443.0
data\raw\siena\PN06\PN06-3.edf,EEG P9,4690.5,78.175,434.24999999999994
data\raw\siena\PN06\PN06-3.edf,EEG P9,4691.0,78.18333333333334,438.5
data\raw\siena\PN06\PN06-3.edf,EEG P9,4691.5,78.19166666666666,458.5
data\raw\siena\PN06\PN06-3.edf,EEG P9,4692.0,78.2,458.5
data\raw\siena\PN06\PN06-3.edf,EEG P9,4692.5,78.20833333333333,438.125
data\raw\siena\PN06\PN06-3.edf,EEG P9,4693.0,78.21666666666667,440.875
data\raw\siena\PN06\PN06-3.edf,EEG P9,4693.5,78.225,437.74999999999994
data\raw\siena\PN06\PN06-3.edf,EEG P9,4694.0,78.23333333333333,434.87499999999994
data\raw\siena\PN06\PN06-3.edf,EEG P9,4694.5,78.24166666666666,438.875
data\raw\siena\PN06\PN06-3.edf,EEG P9,4695.0,78.25,441.0
data\raw\siena\PN06\PN06-3.edf,EEG P9,4695.5,78.25833333333334,450.0
data\raw\siena\PN06\PN06-3.edf,EEG P9,4696.0,78.26666666666667,452.5
data\raw\siena\PN06\PN06-3.edf,EEG P9,4696.5,78.275,449.625
data\raw\siena\PN06\PN06-3.edf,EEG P9,4697.0,78.28333333333333,446.0
data\raw\siena\PN06\PN06-3.edf,EEG P9,4697.5,78.29166666666667,436.875
data\raw\siena\PN06\PN06-3.edf,EEG P9,4698.0,78.3,425.5
data\raw\siena\PN06\PN06-3.edf,EEG P9,4698.5,78.30833333333334,439.75
data\raw\siena\PN06\PN06-3.edf,EEG P9,4699.0,78.31666666666666,440.0
data\raw\siena\PN06\PN06-3.edf,EEG P9,4699.5,78.325,446.5
data\raw\siena\PN06\PN06-3.edf,EEG P9,4700.0,78.33333333333333,446.5
data\raw\siena\PN06\PN06-3.edf,EEG P9,4700.5,78.34166666666667,449.875
data\raw\siena\PN06\PN06-3.edf,EEG P9,4701.0,78.35,449.875
data\raw\siena\PN06\PN06-3.edf,EEG P9,4701.5,78.35833333333333,452.125
data\raw\siena\PN06\PN06-3.edf,EEG P9,4702.0,78.36666666666666,460.75
data\raw\siena\PN06\PN06-3.edf,EEG P9,4702.5,78.375,451.87499999999994
data\raw\siena\PN06\PN06-3.edf,EEG P9,4703.0,78.38333333333334,442.125
data\raw\siena\PN06\PN06-3.edf,EEG P9,4703.5,78.39166666666667,444.625
data\raw\siena\PN06\PN06-3.edf,EEG P9,4704.0,78.4,461.24999999999994
data\raw\siena\PN06\PN06-3.edf,EEG P9,4704.5,78.40833333333333,451.5
data\raw\siena\PN06\PN06-3.edf,EEG P9,4705.0,78.41666666666667,436.74999999999994
data\raw\siena\PN06\PN06-3.edf,EEG P9,4705.5,78.425,435.12499999999994
data\raw\siena\PN06\PN06-3.edf,EEG P9,4706.0,78.43333333333334,503.25
data\raw\siena\PN06\PN06-3.edf,EEG P9,4706.5,78.44166666666666,651.0
data\raw\siena\PN06\PN06-3.edf,EEG P9,4707.0,78.45,651.0
data\raw\siena\PN06\PN06-3.edf,EEG P9,4707.5,78.45833333333333,456.875
data\raw\siena\PN06\PN06-3.edf,EEG P9,4708.0,78.46666666666667,470.37499999999994
data\raw\siena\PN06\PN06-3.edf,EEG P9,4708.5,78.475,468.99999999999994
data\raw\siena\PN06\PN06-3.edf,EEG P9,4709.0,78.48333333333333,495.5
data\raw\siena\PN06\PN06-3.edf,EEG P9,4709.5,78.49166666666666,613.75
data\raw\siena\PN06\PN06-3.edf,EEG P9,4710.0,78.5,713.25
data\raw\siena\PN06\PN06-3.edf,EEG P9,4710.5,78.50833333333334,856.625
data\raw\siena\PN06\PN06-3.edf,EEG P9,4711.0,78.51666666666667,856.625
data\raw\siena\PN06\PN06-3.edf,EEG P9,4711.5,78.525,777.0
data\raw\siena\PN06\PN06-3.edf,EEG P9,4712.0,78.53333333333333,762.625
data\raw\siena\PN06\PN06-3.edf,EEG P9,4712.5,78.54166666666667,713.0
data\raw\siena\PN06\PN06-3.edf,EEG P9,4713.0,78.55,566.5
data\raw\siena\PN06\PN06-3.edf,EEG P9,4713.5,78.55833333333334,481.5
data\raw\siena\PN06\PN06-3.edf,EEG P9,4714.0,78.56666666666666,639.875
data\raw\siena\PN06\PN06-3.edf,EEG P9,4714.5,78.575,655.375
data\raw\siena\PN06\PN06-3.edf,EEG P9,4715.0,78.58333333333333,644.5
data\raw\siena\PN06\PN06-3.edf,EEG P9,4715.5,78.59166666666667,659.5
data\raw\siena\PN06\PN06-3.edf,EEG P9,4716.0,78.6,659.5
data\raw\siena\PN06\PN06-3.edf,EEG P9,4716.5,78.60833333333333,463.375
data\raw\siena\PN06\PN06-3.edf,EEG P9,4717.0,78.61666666666666,465.0
data\raw\siena\PN06\PN06-3.edf,EEG P9,4717.5,78.625,468.875
data\raw\siena\PN06\PN06-3.edf,EEG P9,4718.0,78.63333333333334,459.5
data\raw\siena\PN06\PN06-3.edf,EEG P9,4718.5,78.64166666666667,472.25
data\raw\siena\PN06\PN06-3.edf,EEG P9,4719.0,78.65,480.375
data\raw\siena\PN06\PN06-3.edf,EEG P9,4719.5,78.65833333333333,439.5
data\raw\siena\PN06\PN06-3.edf,EEG P9,4720.0,78.66666666666667,511.9999999999999
data\raw\siena\PN06\PN06-3.edf,EEG P9,4720.5,78.675,1709.875
data\raw\siena\PN06\PN06-3.edf,EEG P9,4721.0,78.68333333333334,1709.875
data\raw\siena\PN06\PN06-3.edf,EEG P9,4721.5,78.69166666666666,823.625
data\raw\siena\PN06\PN06-3.edf,EEG P9,4722.0,78.7,958.125
data\raw\siena\PN06\PN06-3.edf,EEG P9,4722.5,78.70833333333333,958.125
data\raw\siena\PN06\PN06-3.edf,EEG P9,4723.0,78.71666666666667,440.875
data\raw\siena\PN06\PN06-3.edf,EEG P9,4723.5,78.725,459.875
data\raw\siena\PN06\PN06-3.edf,EEG P9,4724.0,78.73333333333333,495.25
data\raw\siena\PN06\PN06-3.edf,EEG P9,4724.5,78.74166666666666,865.875
data\raw\siena\PN06\PN06-3.edf,EEG P9,4725.0,78.75,993.5
data\raw\siena\PN06\PN06-3.edf,EEG P9,4725.5,78.75833333333334,944.125
data\raw\siena\PN06\PN06-3.edf,EEG P9,4726.0,78.76666666666667,807.25
data\raw\siena\PN06\PN06-3.edf,EEG P9,4726.5,78.775,455.875
data\raw\siena\PN06\PN06-3.edf,EEG P9,4727.0,78.78333333333333,493.0
data\raw\siena\PN06\PN06-3.edf,EEG P9,4727.5,78.79166666666667,418.875
data\raw\siena\PN06\PN06-3.edf,EEG P9,4728.0,78.8,668.75
data\raw\siena\PN06\PN06-3.edf,EEG P9,4728.5,78.80833333333334,689.0
data\raw\siena\PN06\PN06-3.edf,EEG P9,4729.0,78.81666666666666,617.4999999999999
data\raw\siena\PN06\PN06-3.edf,EEG P9,4729.5,78.825,496.12499999999994
data\raw\siena\PN06\PN06-3.edf,EEG P9,4730.0,78.83333333333333,1224.875
data\raw\siena\PN06\PN06-3.edf,EEG P9,4730.5,78.84166666666667,1338.375
data\raw\siena\PN06\PN06-3.edf,EEG P9,4731.0,78.85,737.25
data\raw\siena\PN06\PN06-3.edf,EEG P9,4731.5,78.85833333333333,705.875
data\raw\siena\PN06\PN06-3.edf,EEG P9,4732.0,78.86666666666666,639.375
data\raw\siena\PN06\PN06-3.edf,EEG P9,4732.5,78.875,613.5
data\raw\siena\PN06\PN06-3.edf,EEG P9,4733.0,78.88333333333334,619.625
data\raw\siena\PN06\PN06-3.edf,EEG P9,4733.5,78.89166666666667,619.625
data\raw\siena\PN06\PN06-3.edf,EEG P9,4734.0,78.9,576.625
data\raw\siena\PN06\PN06-3.edf,EEG P9,4734.5,78.90833333333333,602.125
data\raw\siena\PN06\PN06-3.edf,EEG P9,4735.0,78.91666666666667,607.75
data\raw\siena\PN06\PN06-3.edf,EEG P9,4735.5,78.925,675.4999999999999
data\raw\siena\PN06\PN06-3.edf,EEG P9,4736.0,78.93333333333334,750.125
data\raw\siena\PN06\PN06-3.edf,EEG P9,4736.5,78.94166666666666,900.6249999999999
data\raw\siena\PN06\PN06-3.edf,EEG P9,4737.0,78.95,888.6249999999999
data\raw\siena\PN06\PN06-3.edf,EEG P9,4737.5,78.95833333333333,631.125
data\raw\siena\PN06\PN06-3.edf,EEG P9,4738.0,78.96666666666667,634.0
data\raw\siena\PN06\PN06-3.edf,EEG P9,4738.5,78.975,628.75
data\raw\siena\PN06\PN06-3.edf,EEG P9,4739.0,78.98333333333333,693.25
data\raw\siena\PN06\PN06-3.edf,EEG P9,4739.5,78.99166666666666,820.375
data\raw\siena\PN06\PN06-3.edf,EEG P9,4740.0,79.0,788.375
data\raw\siena\PN06\PN06-3.edf,EEG P9,4740.5,79.00833333333334,713.0
data\raw\siena\PN06\PN06-3.edf,EEG P9,4741.0,79.01666666666667,678.0
data\raw\siena\PN06\PN06-3.edf,EEG P9,4741.5,79.025,663.875
data\raw\siena\PN06\PN06-3.edf,EEG P9,4742.0,79.03333333333333,663.125
data\raw\siena\PN06\PN06-3.edf,EEG P9,4742.5,79.04166666666667,650.875
data\raw\siena\PN06\PN06-3.edf,EEG P9,4743.0,79.05,626.25
data\raw\siena\PN06\PN06-3.edf,EEG P9,4743.5,79.05833333333334,638.0
data\raw\siena\PN06\PN06-3.edf,EEG P9,4744.0,79.06666666666666,629.75
data\raw\siena\PN06\PN06-3.edf,EEG P9,4744.5,79.075,656.75
data\raw\siena\PN06\PN06-3.edf,EEG P9,4745.0,79.08333333333333,729.375
data\raw\siena\PN06\PN06-3.edf,EEG P9,4745.5,79.09166666666667,732.625
data\raw\siena\PN06\PN06-3.edf,EEG P9,4746.0,79.1,650.75
data\raw\siena\PN06\PN06-3.edf,EEG P9,4746.5,79.10833333333333,673.375
data\raw\siena\PN06\PN06-3.edf,EEG P9,4747.0,79.11666666666666,669.0
data\raw\siena\PN06\PN06-3.edf,EEG P9,4747.5,79.125,630.0
data\raw\siena\PN06\PN06-3.edf,EEG P9,4748.0,79.13333333333334,633.5
data\raw\siena\PN06\PN06-3.edf,EEG P9,4748.5,79.14166666666667,667.5
data\raw\siena\PN06\PN06-3.edf,EEG P9,4749.0,79.15,618.9999999999999
data\raw\siena\PN06\PN06-3.edf,EEG P9,4749.5,79.15833333333333,626.875
data\raw\siena\PN06\PN06-3.edf,EEG P9,4750.0,79.16666666666667,616.25
data\raw\siena\PN06\PN06-3.edf,EEG P9,4750.5,79.175,616.5
data\raw\siena\PN06\PN06-3.edf,EEG P9,4751.0,79.18333333333334,603.75
data\raw\siena\PN06\PN06-3.edf,EEG P9,4751.5,79.19166666666666,596.25
data\raw\siena\PN06\PN06-3.edf,EEG P9,4752.0,79.2,638.0
data\raw\siena\PN06\PN06-3.edf,EEG P9,4752.5,79.20833333333333,638.0
data\raw\siena\PN06\PN06-3.edf,EEG P9,4753.0,79.21666666666667,628.5
data\raw\siena\PN06\PN06-3.edf,EEG P9,4753.5,79.225,634.875
data\raw\siena\PN06\PN06-3.edf,EEG P9,4754.0,79.23333333333333,816.75
data\raw\siena\PN06\PN06-3.edf,EEG P9,4754.5,79.24166666666666,822.375
data\raw\siena\PN06\PN06-3.edf,EEG P9,4755.0,79.25,589.0
data\raw\siena\PN06\PN06-3.edf,EEG P9,4755.5,79.25833333333334,638.375
data\raw\siena\PN06\PN06-3.edf,EEG P9,4756.0,79.26666666666667,558.75
data\raw\siena\PN06\PN06-3.edf,EEG P9,4756.5,79.275,521.625
data\raw\siena\PN06\PN06-3.edf,EEG P9,4757.0,79.28333333333333,515.75
data\raw\siena\PN06\PN06-3.edf,EEG P9,4757.5,79.29166666666667,512.0
data\raw\siena\PN06\PN06-3.edf,EEG P9,4758.0,79.3,517.875
data\raw\siena\PN06\PN06-3.edf,EEG P9,4758.5,79.30833333333334,873.4999999999999
data\raw\siena\PN06\PN06-3.edf,EEG P9,4759.0,79.31666666666666,873.4999999999999
data\raw\siena\PN06\PN06-3.edf,EEG P9,4759.5,79.325,523.0
data\raw\siena\PN06\PN06-3.edf,EEG P9,4760.0,79.33333333333333,526.625
data\raw\siena\PN06\PN06-3.edf,EEG P9,4760.5,79.34166666666667,525.25
data\raw\siena\PN06\PN06-3.edf,EEG P9,4761.0,79.35,529.625
data\raw\siena\PN06\PN06-3.edf,EEG P9,4761.5,79.35833333333333,517.375
data\raw\siena\PN06\PN06-3.edf,EEG P9,4762.0,79.36666666666666,507.5
data\raw\siena\PN06\PN06-3.edf,EEG P9,4762.5,79.375,526.75
data\raw\siena\PN06\PN06-3.edf,EEG P9,4763.0,79.38333333333334,513.875
data\raw\siena\PN06\PN06-3.edf,EEG P9,4763.5,79.39166666666667,604.3749999999999
data\raw\siena\PN06\PN06-3.edf,EEG P9,4764.0,79.4,618.5
data\raw\siena\PN06\PN06-3.edf,EEG P9,4764.5,79.40833333333333,577.0
data\raw\siena\PN06\PN06-3.edf,EEG P9,4765.0,79.41666666666667,1163.5
data\raw\siena\PN06\PN06-3.edf,EEG P9,4765.5,79.425,1132.125
data\raw\siena\PN06\PN06-3.edf,EEG P9,4766.0,79.43333333333334,546.2499999999999
data\raw\siena\PN06\PN06-3.edf,EEG P9,4766.5,79.44166666666666,894.125
data\raw\siena\PN06\PN06-3.edf,EEG P9,4767.0,79.45,945.375
data\raw\siena\PN06\PN06-3.edf,EEG P9,4767.5,79.45833333333333,617.125
data\raw\siena\PN06\PN06-3.edf,EEG P9,4768.0,79.46666666666667,756.125
data\raw\siena\PN06\PN06-3.edf,EEG P9,4768.5,79.475,831.125
data\raw\siena\PN06\PN06-3.edf,EEG P9,4769.0,79.48333333333333,819.625
data\raw\siena\PN06\PN06-3.edf,EEG P9,4769.5,79.49166666666666,745.0
data\raw\siena\PN06\PN06-3.edf,EEG P9,4770.0,79.5,745.0
data\raw\siena\PN06\PN06-3.edf,EEG P9,4770.5,79.50833333333334,665.375
data\raw\siena\PN06\PN06-3.edf,EEG P9,4771.0,79.51666666666667,487.0
data\raw\siena\PN06\PN06-3.edf,EEG P9,4771.5,79.525,424.875
data\raw\siena\PN06\PN06-3.edf,EEG P9,4772.0,79.53333333333333,442.0
data\raw\siena\PN06\PN06-3.edf,EEG P9,4772.5,79.54166666666667,440.25
data\raw\siena\PN06\PN06-3.edf,EEG P9,4773.0,79.55,447.75
data\raw\siena\PN06\PN06-3.edf,EEG P9,4773.5,79.55833333333334,479.0
data\raw\siena\PN06\PN06-3.edf,EEG P9,4774.0,79.56666666666666,517.5
data\raw\siena\PN06\PN06-3.edf,EEG P9,4774.5,79.575,503.62499999999994
data\raw\siena\PN06\PN06-3.edf,EEG P9,4775.0,79.58333333333333,447.125
data\raw\siena\PN06\PN06-3.edf,EEG P9,4775.5,79.59166666666667,507.5
data\raw\siena\PN06\PN06-3.edf,EEG P9,4776.0,79.6,683.0
data\raw\siena\PN06\PN06-3.edf,EEG P9,4776.5,79.60833333333333,697.25
data\raw\siena\PN06\PN06-3.edf,EEG P9,4777.0,79.61666666666666,506.375
data\raw\siena\PN06\PN06-3.edf,EEG P9,4777.5,79.625,1002.8749999999999
data\raw\siena\PN06\PN06-3.edf,EEG P9,4778.0,79.63333333333334,1951.375
data\raw\siena\PN06\PN06-3.edf,EEG P9,4778.5,79.64166666666667,1951.375
data\raw\siena\PN06\PN06-3.edf,EEG P9,4779.0,79.65,857.375
data\raw\siena\PN06\PN06-3.edf,EEG P9,4779.5,79.65833333333333,763.5
data\raw\siena\PN06\PN06-3.edf,EEG P9,4780.0,79.66666666666667,895.8749999999999
data\raw\siena\PN06\PN06-3.edf,EEG P9,4780.5,79.675,742.5
data\raw\siena\PN06\PN06-3.edf,EEG P9,4781.0,79.68333333333334,821.75
data\raw\siena\PN06\PN06-3.edf,EEG P9,4781.5,79.69166666666666,821.75
data\raw\siena\PN06\PN06-3.edf,EEG P9,4782.0,79.7,668.375
data\raw\siena\PN06\PN06-3.edf,EEG P9,4782.5,79.70833333333333,824.7499999999999
data\raw\siena\PN06\PN06-3.edf,EEG P9,4783.0,79.71666666666667,832.1249999999999
data\raw\siena\PN06\PN06-3.edf,EEG P9,4783.5,79.725,790.5
data\raw\siena\PN06\PN06-3.edf,EEG P9,4784.0,79.73333333333333,3449.125
data\raw\siena\PN06\PN06-3.edf,EEG P9,4784.5,79.74166666666666,3528.125
data\raw\siena\PN06\PN06-3.edf,EEG P9,4785.0,79.75,2346.25
data\raw\siena\PN06\PN06-3.edf,EEG P9,4785.5,79.75833333333334,2126.625
data\raw\siena\PN06\PN06-3.edf,EEG P9,4786.0,79.76666666666667,2157.25
data\raw\siena\PN06\PN06-3.edf,EEG P9,4786.5,79.775,2258.625
data\raw\siena\PN06\PN06-3.edf,EEG P9,4787.0,79.78333333333333,2283.375
data\raw\siena\PN06\PN06-3.edf,EEG P9,4787.5,79.79166666666667,2261.75
data\raw\siena\PN06\PN06-3.edf,EEG P9,4788.0,79.8,1985.0
data\raw\siena\PN06\PN06-3.edf,EEG P9,4788.5,79.80833333333334,949.25
data\raw\siena\PN06\PN06-3.edf,EEG P9,4789.0,79.81666666666666,820.875
data\raw\siena\PN06\PN06-3.edf,EEG P9,4789.5,79.825,834.625
data\raw\siena\PN06\PN06-3.edf,EEG P9,4790.0,79.83333333333333,755.375
data\raw\siena\PN06\PN06-3.edf,EEG P9,4790.5,79.84166666666667,855.625
data\raw\siena\PN06\PN06-3.edf,EEG P9,4791.0,79.85,868.9999999999999
data\raw\siena\PN06\PN06-3.edf,EEG P9,4791.5,79.85833333333333,848.875
data\raw\siena\PN06\PN06-3.edf,EEG P9,4792.0,79.86666666666666,814.2499999999999
data\raw\siena\PN06\PN06-3.edf,EEG P9,4792.5,79.875,824.8749999999999
data\raw\siena\PN06\PN06-3.edf,EEG P9,4793.0,79.88333333333334,834.625
data\raw\siena\PN06\PN06-3.edf,EEG P9,4793.5,79.89166666666667,844.375
data\raw\siena\PN06\PN06-3.edf,EEG P9,4794.0,79.9,833.8749999999999
data\raw\siena\PN06\PN06-3.edf,EEG P9,4794.5,79.90833333333333,833.25
data\raw\siena\PN06\PN06-3.edf,EEG P9,4795.0,79.91666666666667,829.25
data\raw\siena\PN06\PN06-3.edf,EEG P9,4795.5,79.925,832.125
data\raw\siena\PN06\PN06-3.edf,EEG P9,4796.0,79.93333333333334,836.75
data\raw\siena\PN06\PN06-3.edf,EEG P9,4796.5,79.94166666666666,835.625
data\raw\siena\PN06\PN06-3.edf,EEG P9,4797.0,79.95,827.7499999999999
data\raw\siena\PN06\PN06-3.edf,EEG P9,4797.5,79.95833333333333,824.375
data\raw\siena\PN06\PN06-3.edf,EEG P9,4798.0,79.96666666666667,1011.1249999999999
data\raw\siena\PN06\PN06-3.edf,EEG P9,4798.5,79.975,1043.375
data\raw\siena\PN06\PN06-3.edf,EEG P9,4799.0,79.98333333333333,1086.875
data\raw\siena\PN06\PN06-3.edf,EEG P9,4799.5,79.99166666666666,1028.75
data\raw\siena\PN06\PN06-3.edf,EEG P9,4800.0,80.0,816.3749999999999
data\raw\siena\PN06\PN06-3.edf,EEG P9,4800.5,80.00833333333334,719.5
data\raw\siena\PN06\PN06-3.edf,EEG P9,4801.0,80.01666666666667,1100.875
data\raw\siena\PN06\PN06-3.edf,EEG P9,4801.5,80.025,1105.625
data\raw\siena\PN06\PN06-3.edf,EEG P9,4802.0,80.03333333333333,1196.2499999999998
data\raw\siena\PN06\PN06-3.edf,EEG P9,4802.5,80.04166666666667,1117.125
data\raw\siena\PN06\PN06-3.edf,EEG P9,4803.0,80.05,1180.25
data\raw\siena\PN06\PN06-3.edf,EEG P9,4803.5,80.05833333333334,1180.25
data\raw\siena\PN06\PN06-3.edf,EEG P9,4804.0,80.06666666666666,871.375
data\raw\siena\PN06\PN06-3.edf,EEG P9,4804.5,80.075,848.2499999999999
data\raw\siena\PN06\PN06-3.edf,EEG P9,4805.0,80.08333333333333,840.0
data\raw\siena\PN06\PN06-3.edf,EEG P9,4805.5,80.09166666666667,840.0
data\raw\siena\PN06\PN06-3.edf,EEG P9,4806.0,80.1,796.5
data\raw\siena\PN06\PN06-3.edf,EEG P9,4806.5,80.10833333333333,828.75
data\raw\siena\PN06\PN06-3.edf,EEG P9,4807.0,80.11666666666666,834.875
data\raw\siena\PN06\PN06-3.edf,EEG P9,4807.5,80.125,843.625
data\raw\siena\PN06\PN06-3.edf,EEG P9,4808.0,80.13333333333334,843.625
data\raw\siena\PN06\PN06-3.edf,EEG P9,4808.5,80.14166666666667,830.5
data\raw\siena\PN06\PN06-3.edf,EEG P9,4809.0,80.15,845.5
data\raw\siena\PN06\PN06-3.edf,EEG P9,4809.5,80.15833333333333,893.875
data\raw\siena\PN06\PN06-3.edf,EEG P9,4810.0,80.16666666666667,945.5
data\raw\siena\PN06\PN06-3.edf,EEG P9,4810.5,80.175,884.375
data\raw\siena\PN06\PN06-3.edf,EEG P9,4811.0,80.18333333333334,824.5
data\raw\siena\PN06\PN06-3.edf,EEG P9,4811.5,80.19166666666666,820.875
data\raw\siena\PN06\PN06-3.edf,EEG P9,4812.0,80.2,809.875
data\raw\siena\PN06\PN06-3.edf,EEG P9,4812.5,80.20833333333333,835.0
data\raw\siena\PN06\PN06-3.edf,EEG P9,4813.0,80.21666666666667,856.0
data\raw\siena\PN06\PN06-3.edf,EEG P9,4813.5,80.225,816.0
data\raw\siena\PN06\PN06-3.edf,EEG P9,4814.0,80.23333333333333,786.625
data\raw\siena\PN06\PN06-3.edf,EEG P9,4814.5,80.24166666666666,799.875
data\raw\siena\PN06\PN06-3.edf,EEG P9,4815.0,80.25,806.875
data\raw\siena\PN06\PN06-3.edf,EEG P9,4815.5,80.25833333333334,803.875
data\raw\siena\PN06\PN06-3.edf,EEG P9,4816.0,80.26666666666667,803.875
data\raw\siena\PN06\PN06-3.edf,EEG P9,4816.5,80.275,792.375
data\raw\siena\PN06\PN06-3.edf,EEG P9,4817.0,80.28333333333333,799.0
data\raw\siena\PN06\PN06-3.edf,EEG P9,4817.5,80.29166666666667,787.7499999999999
data\raw\siena\PN06\PN06-3.edf,EEG P9,4818.0,80.3,781.125
data\raw\siena\PN06\PN06-3.edf,EEG P9,6143.0,102.38333333333334,337.75
data\raw\siena\PN06\PN06-3.edf,EEG P9,6143.5,102.39166666666667,343.875
data\raw\siena\PN06\PN06-3.edf,EEG P9,6144.0,102.4,337.375
data\raw\siena\PN06\PN06-3.edf,EEG P9,6144.5,102.40833333333333,350.125
data\raw\siena\PN06\PN06-3.edf,EEG P9,6145.0,102.41666666666667,352.875
data\raw\siena\PN06\PN06-3.edf,EEG P9,6145.5,102.425,349.625
data\raw\siena\PN06\PN06-3.edf,EEG P9,6146.0,102.43333333333334,347.25
data\raw\siena\PN06\PN06-3.edf,EEG P9,6146.5,102.44166666666666,337.125
data\raw\siena\PN06\PN06-3.edf,EEG P9,6147.0,102.45,351.625
data\raw\siena\PN06\PN06-3.edf,EEG P9,6147.5,102.45833333333333,362.875
data\raw\siena\PN06\PN06-3.edf,EEG P9,6148.0,102.46666666666667,342.25
data\raw\siena\PN06\PN06-3.edf,EEG P9,6148.5,102.475,341.625
data\raw\siena\PN06\PN06-3.edf,EEG P9,6149.0,102.48333333333333,338.5
data\raw\siena\PN06\PN06-3.edf,EEG P9,6149.5,102.49166666666666,339.625
data\raw\siena\PN06\PN06-3.edf,EEG P9,6150.0,102.5,337.625
data\raw\siena\PN06\PN06-3.edf,EEG P9,6150.5,102.50833333333334,342.125
data\raw\siena\PN06\PN06-3.edf,EEG P9,6151.0,102.51666666666667,338.25
data\raw\siena\PN06\PN06-3.edf,EEG P9,6151.5,102.525,340.875
data\raw\siena\PN06\PN06-3.edf,EEG P9,6152.0,102.53333333333333,348.625
data\raw\siena\PN06\PN06-3.edf,EEG P9,6152.5,102.54166666666667,343.25
data\raw\siena\PN06\PN06-3.edf,EEG P9,6153.0,102.55,327.5
data\raw\siena\PN06\PN06-3.edf,EEG P9,6153.5,102.55833333333334,346.625
data\raw\siena\PN06\PN06-3.edf,EEG P9,6154.0,102.56666666666666,343.0
data\raw\siena\PN06\PN06-3.edf,EEG P9,6154.5,102.575,336.375
data\raw\siena\PN06\PN06-3.edf,EEG P9,6155.0,102.58333333333333,337.375
data\raw\siena\PN06\PN06-3.edf,EEG P9,6155.5,102.59166666666667,328.0
data\raw\siena\PN06\PN06-3.edf,EEG P9,6156.0,102.6,345.5
data\raw\siena\PN06\PN06-3.edf,EEG P9,6156.5,102.60833333333333,340.0
data\raw\siena\PN06\PN06-3.edf,EEG P9,6157.0,102.61666666666666,341.75
data\raw\siena\PN06\PN06-3.edf,EEG P9,6157.5,102.625,340.125
data\raw\siena\PN06\PN06-3.edf,EEG P9,6158.0,102.63333333333334,341.0
data\raw\siena\PN06\PN06-3.edf,EEG P9,6158.5,102.64166666666667,341.0
data\raw\siena\PN06\PN06-3.edf,EEG P9,6159.0,102.65,355.5
data\raw\siena\PN06\PN06-3.edf,EEG P9,6159.5,102.65833333333333,350.375
data\raw\siena\PN06\PN06-3.edf,EEG P9,6160.0,102.66666666666667,336.625
data\raw\siena\PN06\PN06-3.edf,EEG P9,6160.5,102.675,345.5
data\raw\siena\PN06\PN06-3.edf,EEG P9,6161.0,102.68333333333334,337.74999999999994
data\raw\siena\PN06\PN06-3.edf,EEG P9,6161.5,102.69166666666666,335.375
data\raw\siena\PN06\PN06-3.edf,EEG P9,6162.0,102.7,349.5
data\raw\siena\PN06\PN06-3.edf,EEG P9,6162.5,102.70833333333333,350.375
data\raw\siena\PN06\PN06-3.edf,EEG P9,6163.0,102.71666666666667,323.99999999999994
data\raw\siena\PN06\PN06-3.edf,EEG P9,6163.5,102.725,330.625
data\raw\siena\PN06\PN06-3.edf,EEG P9,6164.0,102.73333333333333,355.875
data\raw\siena\PN06\PN06-3.edf,EEG P9,6164.5,102.74166666666666,355.875
data\raw\siena\PN06\PN06-3.edf,EEG P9,6165.0,102.75,346.25
data\raw\siena\PN06\PN06-3.edf,EEG P9,6165.5,102.75833333333334,350.625
data\raw\siena\PN06\PN06-3.edf,EEG P9,6166.0,102.76666666666667,340.125
data\raw\siena\PN06\PN06-3.edf,EEG P9,6166.5,102.775,332.875
data\raw\siena\PN06\PN06-3.edf,EEG P9,6167.0,102.78333333333333,346.5
data\raw\siena\PN06\PN06-3.edf,EEG P9,6167.5,102.79166666666667,346.5
data\raw\siena\PN06\PN06-3.edf,EEG P9,6168.0,102.8,342.625
data\raw\siena\PN06\PN06-3.edf,EEG P9,6168.5,102.80833333333334,346.375
data\raw\siena\PN06\PN06-3.edf,EEG P9,6169.0,102.81666666666666,351.5
data\raw\siena\PN06\PN06-3.edf,EEG P9,6169.5,102.825,347.49999999999994
data\raw\siena\PN06\PN06-3.edf,EEG P9,6170.0,102.83333333333333,349.37499999999994
data\raw\siena\PN06\PN06-3.edf,EEG P9,6170.5,102.84166666666667,347.75
data\raw\siena\PN06\PN06-3.edf,EEG P9,6171.0,102.85,347.75
data\raw\siena\PN06\PN06-3.edf,EEG P9,6171.5,102.85833333333333,345.875
data\raw\siena\PN06\PN06-3.edf,EEG P9,6172.0,102.86666666666666,335.125
data\raw\siena\PN06\PN06-3.edf,EEG P9,6172.5,102.875,337.875
data\raw\siena\PN06\PN06-3.edf,EEG P9,6173.0,102.88333333333334,339.125
data\raw\siena\PN06\PN06-3.edf,EEG P9,6173.5,102.89166666666667,343.5
data\raw\siena\PN06\PN06-3.edf,EEG P9,6174.0,102.9,346.25
data\raw\siena\PN06\PN06-3.edf,EEG P9,6174.5,102.90833333333333,345.375
data\raw\siena\PN06\PN06-3.edf,EEG P9,6175.0,102.91666666666667,339.125
data\raw\siena\PN06\PN06-3.edf,EEG P9,6175.5,102.925,333.25
data\raw\siena\PN06\PN06-3.edf,EEG P9,6176.0,102.93333333333334,335.49999999999994
data\raw\siena\PN06\PN06-3.edf,EEG P9,6176.5,102.94166666666666,339.5
data\raw\siena\PN06\PN06-3.edf,EEG P9,6177.0,102.95,336.5
data\raw\siena\PN06\PN06-3.edf,EEG P9,6177.5,102.95833333333333,347.5
data\raw\siena\PN06\PN06-3.edf,EEG P9,6178.0,102.96666666666667,343.625
data\raw\siena\PN06\PN06-3.edf,EEG P9,6178.5,102.975,344.125
data\raw\siena\PN06\PN06-3.edf,EEG P9,6179.0,102.98333333333333,349.5
data\raw\siena\PN06\PN06-3.edf,EEG P9,6179.5,102.99166666666666,340.25
data\raw\siena\PN06\PN06-3.edf,EEG P9,6180.0,103.0,325.625
data\raw\siena\PN06\PN06-3.edf,EEG P9,6180.5,103.00833333333334,336.5
data\raw\siena\PN06\PN06-3.edf,EEG P9,6181.0,103.01666666666667,346.875
data\raw\siena\PN06\PN06-3.edf,EEG P9,6181.5,103.025,343.75
data\raw\siena\PN06\PN06-3.edf,EEG P9,6182.0,103.03333333333333,329.125
data\raw\siena\PN06\PN06-3.edf,EEG P9,6182.5,103.04166666666667,329.875
data\raw\siena\PN06\PN06-3.edf,EEG P9,6183.0,103.05,332.5
data\raw\siena\PN06\PN06-3.edf,EEG P9,6183.5,103.05833333333334,335.75
data\raw\siena\PN06\PN06-3.edf,EEG P9,6184.0,103.06666666666666,327.0
data\raw\siena\PN06\PN06-3.edf,EEG P9,6184.5,103.075,330.25
data\raw\siena\PN06\PN06-3.edf,EEG P9,6185.0,103.08333333333333,333.75
data\raw\siena\PN06\PN06-3.edf,EEG P9,6185.5,103.09166666666667,339.25
data\raw\siena\PN06\PN06-3.edf,EEG P9,6186.0,103.1,339.5
data\raw\siena\PN06\PN06-3.edf,EEG P9,6186.5,103.10833333333333,348.75
data\raw\siena\PN06\PN06-3.edf,EEG P9,6187.0,103.11666666666666,337.5
data\raw\siena\PN06\PN06-3.edf,EEG P9,6187.5,103.125,338.5
data\raw\siena\PN06\PN06-3.edf,EEG P9,6188.0,103.13333333333334,332.625
data\raw\siena\PN06\PN06-3.edf,EEG P9,6188.5,103.14166666666667,342.875
data\raw\siena\PN06\PN06-3.edf,EEG P9,6189.0,103.15,336.875
data\raw\siena\PN06\PN06-3.edf,EEG P9,6189.5,103.15833333333333,337.125
data\raw\siena\PN06\PN06-3.edf,EEG P9,6190.0,103.16666666666667,404.12499999999994
data\raw\siena\PN06\PN06-3.edf,EEG P9,6190.5,103.175,463.74999999999994
data\raw\siena\PN06\PN06-3.edf,EEG P9,6191.0,103.18333333333334,381.125
data\raw\siena\PN06\PN06-3.edf,EEG P9,6191.5,103.19166666666666,351.75
data\raw\siena\PN06\PN06-3.edf,EEG P9,6192.0,103.2,338.625
data\raw\siena\PN06\PN06-3.edf,EEG P9,6192.5,103.20833333333333,336.125
data\raw\siena\PN06\PN06-3.edf,EEG P9,6193.0,103.21666666666667,324.875
data\raw\siena\PN06\PN06-3.edf,EEG P9,6193.5,103.225,331.625
data\raw\siena\PN06\PN06-3.edf,EEG P9,6194.0,103.23333333333333,330.625
data\raw\siena\PN06\PN06-3.edf,EEG P9,6194.5,103.24166666666666,353.125
data\raw\siena\PN06\PN06-3.edf,EEG P9,6195.0,103.25,346.875
data\raw\siena\PN06\PN06-3.edf,EEG P9,6195.5,103.25833333333334,325.875
data\raw\siena\PN06\PN06-3.edf,EEG P9,6196.0,103.26666666666667,330.25
data\raw\siena\PN06\PN06-3.edf,EEG P9,6196.5,103.275,347.25
data\raw\siena\PN06\PN06-3.edf,EEG P9,6197.0,103.28333333333333,331.25
data\raw\siena\PN06\PN06-3.edf,EEG P9,6197.5,103.29166666666667,342.0
data\raw\siena\PN06\PN06-3.edf,EEG P9,6198.0,103.3,342.0
data\raw\siena\PN06\PN06-3.edf,EEG P9,6198.5,103.30833333333334,340.375
data\raw\siena\PN06\PN06-3.edf,EEG P9,6199.0,103.31666666666666,332.375
data\raw\siena\PN06\PN06-3.edf,EEG P9,6199.5,103.325,332.62499999999994
data\raw\siena\PN06\PN06-3.edf,EEG P9,6200.0,103.33333333333333,342.625
data\raw\siena\PN06\PN06-3.edf,EEG P9,6200.5,103.34166666666667,349.625
data\raw\siena\PN06\PN06-3.edf,EEG P9,6201.0,103.35,338.12499999999994
data\raw\siena\PN06\PN06-3.edf,EEG P9,6201.5,103.35833333333333,336.75
data\raw\siena\PN06\PN06-3.edf,EEG P9,6202.0,103.36666666666666,342.25
data\raw\siena\PN06\PN06-3.edf,EEG P9,6202.5,103.375,333.625
data\raw\siena\PN06\PN06-3.edf,EEG P9,6203.0,103.38333333333334,325.5
data\raw\siena\PN06\PN06-3.edf,EEG P9,6203.5,103.39166666666667,335.5
data\raw\siena\PN06\PN06-3.edf,EEG P9,6204.0,103.4,334.75
data\raw\siena\PN06\PN06-3.edf,EEG P9,6204.5,103.40833333333333,345.875
data\raw\siena\PN06\PN06-3.edf,EEG P9,6205.0,103.41666666666667,337.25
data\raw\siena\PN06\PN06-3.edf,EEG P9,6205.5,103.425,326.125
data\raw\siena\PN06\PN06-3.edf,EEG P9,6206.0,103.43333333333334,335.75
data\raw\siena\PN06\PN06-3.edf,EEG P9,6206.5,103.44166666666666,346.75
data\raw\siena\PN06\PN06-3.edf,EEG P9,6207.0,103.45,341.0
data\raw\siena\PN06\PN06-3.edf,EEG P9,6207.5,103.45833333333333,334.375
data\raw\siena\PN06\PN06-3.edf,EEG P9,6208.0,103.46666666666667,326.24999999999994
data\raw\siena\PN06\PN06-3.edf,EEG P9,6208.5,103.475,342.5
data\raw\siena\PN06\PN06-3.edf,EEG P9,6209.0,103.48333333333333,342.5
data\raw\siena\PN06\PN06-3.edf,EEG P9,6209.5,103.49166666666666,339.375
data\raw\siena\PN06\PN06-3.edf,EEG P9,6210.0,103.5,338.0
data\raw\siena\PN06\PN06-3.edf,EEG P9,6210.5,103.50833333333334,335.625
data\raw\siena\PN06\PN06-3.edf,EEG P9,6211.0,103.51666666666667,334.625
data\raw\siena\PN06\PN06-3.edf,EEG P9,6211.5,103.525,341.625
data\raw\siena\PN06\PN06-3.edf,EEG P9,6212.0,103.53333333333333,341.375
data\raw\siena\PN06\PN06-3.edf,EEG P9,6212.5,103.54166666666667,337.625
data\raw\siena\PN06\PN06-3.edf,EEG P9,6213.0,103.55,336.75
data\raw\siena\PN06\PN06-3.edf,EEG P9,6213.5,103.55833333333334,331.5
data\raw\siena\PN06\PN06-3.edf,EEG P9,6214.0,103.56666666666666,345.875
data\raw\siena\PN06\PN06-3.edf,EEG P9,6214.5,103.575,346.125
data\raw\siena\PN06\PN06-3.edf,EEG P9,6215.0,103.58333333333333,343.25
data\raw\siena\PN06\PN06-3.edf,EEG P9,6215.5,103.59166666666667,349.875
data\raw\siena\PN06\PN06-3.edf,EEG P9,6216.0,103.6,340.99999999999994
data\raw\siena\PN06\PN06-3.edf,EEG P9,6216.5,103.60833333333333,347.49999999999994
data\raw\siena\PN06\PN06-3.edf,EEG P9,6217.0,103.61666666666666,347.375
data\raw\siena\PN06\PN06-3.edf,EEG P9,6217.5,103.625,338.875
data\raw\siena\PN06\PN06-3.edf,EEG P9,6218.0,103.63333333333334,337.125
data\raw\siena\PN06\PN06-3.edf,EEG P9,6218.5,103.64166666666667,340.875
data\raw\siena\PN06\PN06-3.edf,EEG P9,6219.0,103.65,340.875
data\raw\siena\PN06\PN06-3.edf,EEG P9,6219.5,103.65833333333333,331.5
data\raw\siena\PN06\PN06-3.edf,EEG P9,6220.0,103.66666666666667,340.74999999999994
data\raw\siena\PN06\PN06-3.edf,EEG P9,6220.5,103.675,340.74999999999994
data\raw\siena\PN06\PN06-3.edf,EEG P9,6221.0,103.68333333333334,329.75
data\raw\siena\PN06\PN06-3.edf,EEG P9,6221.5,103.69166666666666,333.25
data\raw\siena\PN06\PN06-3.edf,EEG P9,6222.0,103.7,329.49999999999994
data\raw\siena\PN06\PN06-3.edf,EEG P9,6222.5,103.70833333333333,338.875
data\raw\siena\PN06\PN06-3.edf,EEG P9,6223.0,103.71666666666667,346.5
data\raw\siena\PN06\PN06-3.edf,EEG P9,6223.5,103.725,350.375
data\raw\siena\PN06\PN06-3.edf,EEG P9,6224.0,103.73333333333333,340.5
data\raw\siena\PN06\PN06-3.edf,EEG P9,6224.5,103.74166666666666,340.5
data\raw\siena\PN06\PN06-3.edf,EEG P9,6225.0,103.75,333.375
data\raw\siena\PN06\PN06-3.edf,EEG P9,6225.5,103.75833333333334,335.87499999999994
data\raw\siena\PN06\PN06-3.edf,EEG P9,6226.0,103.76666666666667,333.24999999999994
data\raw\siena\PN06\PN06-3.edf,EEG P9,6226.5,103.775,352.0
data\raw\siena\PN06\PN06-3.edf,EEG P9,6227.0,103.78333333333333,357.125
data\raw\siena\PN06\PN06-3.edf,EEG P9,6227.5,103.79166666666667,346.75
data\raw\siena\PN06\PN06-3.edf,EEG P9,6228.0,103.8,347.625
data\raw\siena\PN06\PN06-3.edf,EEG P9,6228.5,103.80833333333334,394.25
data\raw\siena\PN06\PN06-3.edf,EEG P9,6229.0,103.81666666666666,380.875
data\raw\siena\PN06\PN06-3.edf,EEG P9,6229.5,103.825,351.375
data\raw\siena\PN06\PN06-3.edf,EEG P9,6230.0,103.83333333333333,361.375
data\raw\siena\PN06\PN06-3.edf,EEG P9,6230.5,103.84166666666667,335.75
data\raw\siena\PN06\PN06-3.edf,EEG P9,6231.0,103.85,344.875
data\raw\siena\PN06\PN06-3.edf,EEG P9,6231.5,103.85833333333333,336.75
data\raw\siena\PN06\PN06-3.edf,EEG P9,6232.0,103.86666666666666,335.75
data\raw\siena\PN06\PN06-3.edf,EEG P9,6232.5,103.875,342.375
data\raw\siena\PN06\PN06-3.edf,EEG P9,6233.0,103.88333333333334,349.12499999999994
data\raw\siena\PN06\PN06-3.edf,EEG P9,6233.5,103.89166666666667,349.12499999999994
data\raw\siena\PN06\PN06-3.edf,EEG P9,6234.0,103.9,339.25
data\raw\siena\PN06\PN06-3.edf,EEG P9,6234.5,103.90833333333333,339.25
data\raw\siena\PN06\PN06-3.edf,EEG P9,6235.0,103.91666666666667,335.375
data\raw\siena\PN06\PN06-3.edf,EEG P9,6235.5,103.925,333.375
data\raw\siena\PN06\PN06-3.edf,EEG P9,6236.0,103.93333333333334,352.0
data\raw\siena\PN06\PN06-3.edf,EEG P9,6236.5,103.94166666666666,352.0
data\raw\siena\PN06\PN06-3.edf,EEG P9,6237.0,103.95,344.875
data\raw\siena\PN06\PN06-3.edf,EEG P9,6237.5,103.95833333333333,334.375
data\raw\siena\PN06\PN06-3.edf,EEG P9,6238.0,103.96666666666667,338.375
data\raw\siena\PN06\PN06-3.edf,EEG P9,6238.5,103.975,339.625
data\raw\siena\PN06\PN06-3.edf,EEG P9,6239.0,103.98333333333333,339.625
data\raw\siena\PN06\PN06-3.edf,EEG P9,6239.5,103.99166666666666,356.875
data\raw\siena\PN06\PN06-3.edf,EEG P9,6240.0,104.0,381.125
data\raw\siena\PN06\PN06-3.edf,EEG P9,6240.5,104.00833333333334,355.24999999999994
data\raw\siena\PN06\PN06-3.edf,EEG P9,6241.0,104.01666666666667,355.24999999999994
data\raw\siena\PN06\PN06-3.edf,EEG P9,6241.5,104.025,330.25
data\raw\siena\PN06\PN06-3.edf,EEG P9,6242.0,104.03333333333333,330.875
data\raw\siena\PN06\PN06-3.edf,EEG P9,6242.5,104.04166666666667,343.375
data\raw\siena\PN06\PN06-3.edf,EEG P9,6243.0,104.05,350.875
data\raw\siena\PN06\PN06-3.edf,EEG P9,6243.5,104.05833333333334,362.75
data\raw\siena\PN06\PN06-3.edf,EEG P9,6244.0,104.06666666666666,360.125
data\raw\siena\PN06\PN06-3.edf,EEG P9,6244.5,104.075,355.375
data\raw\siena\PN06\PN06-3.edf,EEG P9,6245.0,104.08333333333333,358.625
data\raw\siena\PN06\PN06-3.edf,EEG P9,6245.5,104.09166666666667,354.0
data\raw\siena\PN06\PN06-3.edf,EEG P9,6246.0,104.1,349.0
data\raw\siena\PN06\PN06-3.edf,EEG P9,6246.5,104.10833333333333,343.5
data\raw\siena\PN06\PN06-3.edf,EEG P9,6247.0,104.11666666666666,342.125
data\raw\siena\PN06\PN06-3.edf,EEG P9,6247.5,104.125,329.49999999999994
data\raw\siena\PN06\PN06-3.edf,EEG P9,6248.0,104.13333333333334,334.5
data\raw\siena\PN06\PN06-3.edf,EEG P9,6248.5,104.14166666666667,341.125
data\raw\siena\PN06\PN06-3.edf,EEG P9,6249.0,104.15,358.875
data\raw\siena\PN06\PN06-3.edf,EEG P9,6249.5,104.15833333333333,358.875
data\raw\siena\PN06\PN06-3.edf,EEG P9,6250.0,104.16666666666667,341.375
data\raw\siena\PN06\PN06-3.edf,EEG P9,6250.5,104.175,341.375
data\raw\siena\PN06\PN06-3.edf,EEG P9,6251.0,104.18333333333334,337.25
data\raw\siena\PN06\PN06-3.edf,EEG P9,6251.5,104.19166666666666,349.25
data\raw\siena\PN06\PN06-3.edf,EEG P9,6252.0,104.2,358.875
data\raw\siena\PN06\PN06-3.edf,EEG P9,6252.5,104.20833333333333,334.875
data\raw\siena\PN06\PN06-3.edf,EEG P9,6253.0,104.21666666666667,339.75
data\raw\siena\PN06\PN06-3.edf,EEG P9,6253.5,104.225,333.62499999999994
data\raw\siena\PN06\PN06-3.edf,EEG P9,6254.0,104.23333333333333,338.625
data\raw\siena\PN06\PN06-3.edf,EEG P9,6254.5,104.24166666666666,343.75
data\raw\siena\PN06\PN06-3.edf,EEG P9,6255.0,104.25,357.625
data\raw\siena\PN06\PN06-3.edf,EEG P9,6255.5,104.25833333333334,361.375
data\raw\siena\PN06\PN06-3.edf,EEG P9,6256.0,104.26666666666667,351.5
data\raw\siena\PN06\PN06-3.edf,EEG P9,6256.5,104.275,342.625
data\raw\siena\PN06\PN06-3.edf,EEG P9,6257.0,104.28333333333333,347.875
data\raw\siena\PN06\PN06-3.edf,EEG P9,6257.5,104.29166666666667,356.0
data\raw\siena\PN06\PN06-3.edf,EEG P9,6258.0,104.3,347.625
data\raw\siena\PN06\PN06-3.edf,EEG P9,6258.5,104.30833333333334,375.625
data\raw\siena\PN06\PN06-3.edf,EEG P9,6259.0,104.31666666666666,366.125
data\raw\siena\PN06\PN06-3.edf,EEG P9,6259.5,104.325,349.375
data\raw\siena\PN06\PN06-3.edf,EEG P9,6260.0,104.33333333333333,342.75
data\raw\siena\PN06\PN06-3.edf,EEG P9,6260.5,104.34166666666667,359.75
data\raw\siena\PN06\PN06-3.edf,EEG P9,6261.0,104.35,344.375
data\raw\siena\PN06\PN06-3.edf,EEG P9,6261.5,104.35833333333333,345.5
data\raw\siena\PN06\PN06-3.edf,EEG P9,6262.0,104.36666666666666,338.625
data\raw\siena\PN06\PN06-3.edf,EEG P9,6262.5,104.375,328.5
data\raw\siena\PN06\PN06-3.edf,EEG P9,6263.0,104.38333333333334,348.0
data\raw\siena\PN06\PN06-3.edf,EEG P9,6263.5,104.39166666666667,350.625
data\raw\siena\PN06\PN06-3.edf,EEG P9,6264.0,104.4,357.625
data\raw\siena\PN06\PN06-3.edf,EEG P9,6264.5,104.40833333333333,338.75
data\raw\siena\PN06\PN06-3.edf,EEG P9,6265.0,104.41666666666667,341.5
data\raw\siena\PN06\PN06-3.edf,EEG P9,6265.5,104.425,339.875
data\raw\siena\PN06\PN06-3.edf,EEG P9,6266.0,104.43333333333334,342.625
data\raw\siena\PN06\PN06-3.edf,EEG P9,6266.5,104.44166666666666,349.25
data\raw\siena\PN06\PN06-3.edf,EEG P9,6267.0,104.45,359.5
data\raw\siena\PN06\PN06-3.edf,EEG P9,6267.5,104.45833333333333,350.74999999999994
data\raw\siena\PN06\PN06-3.edf,EEG P9,6268.0,104.46666666666667,350.74999999999994
data\raw\siena\PN06\PN06-3.edf,EEG P9,6268.5,104.475,347.625
data\raw\siena\PN06\PN06-3.edf,EEG P9,6269.0,104.48333333333333,361.375
data\raw\siena\PN06\PN06-3.edf,EEG P9,6269.5,104.49166666666666,358.75
data\raw\siena\PN06\PN06-3.edf,EEG P9,6270.0,104.5,351.5
data\raw\siena\PN06\PN06-3.edf,EEG P9,6270.5,104.50833333333334,351.375
data\raw\siena\PN06\PN06-3.edf,EEG P9,6271.0,104.51666666666667,344.25
data\raw\siena\PN06\PN06-3.edf,EEG P9,6271.5,104.525,346.0
data\raw\siena\PN06\PN06-3.edf,EEG P9,6272.0,104.53333333333333,357.75
data\raw\siena\PN06\PN06-3.edf,EEG P9,6272.5,104.54166666666667,346.875
data\raw\siena\PN06\PN06-3.edf,EEG P9,6273.0,104.55,380.875
data\raw\siena\PN06\PN06-3.edf,EEG P9,6273.5,104.55833333333334,380.875
data\raw\siena\PN06\PN06-3.edf,EEG P9,6274.0,104.56666666666666,363.25
data\raw\siena\PN06\PN06-3.edf,EEG P9,6274.5,104.575,363.25
data\raw\siena\PN06\PN06-3.edf,EEG P9,6275.0,104.58333333333333,342.25
data\raw\siena\PN06\PN06-3.edf,EEG P9,6275.5,104.59166666666667,348.49999999999994
data\raw\siena\PN06\PN06-3.edf,EEG P9,6276.0,104.6,353.5
data\raw\siena\PN06\PN06-3.edf,EEG P9,6276.5,104.60833333333333,343.125
data\raw\siena\PN06\PN06-3.edf,EEG P9,6277.0,104.61666666666666,345.75
data\raw\siena\PN06\PN06-3.edf,EEG P9,6277.5,104.625,358.875
data\raw\siena\PN06\PN06-3.edf,EEG P9,6278.0,104.63333333333334,355.75
data\raw\siena\PN06\PN06-3.edf,EEG P9,6278.5,104.64166666666667,341.5
data\raw\siena\PN06\PN06-3.edf,EEG P9,6279.0,104.65,344.375
data\raw\siena\PN06\PN06-3.edf,EEG P9,6279.5,104.65833333333333,349.875
data\raw\siena\PN06\PN06-3.edf,EEG P9,6280.0,104.66666666666667,349.5
data\raw\siena\PN06\PN06-3.edf,EEG P9,6280.5,104.675,349.875
data\raw\siena\PN06\PN06-3.edf,EEG P9,6281.0,104.68333333333334,351.375
data\raw\siena\PN06\PN06-3.edf,EEG P9,6281.5,104.69166666666666,340.75
data\raw\siena\PN06\PN06-3.edf,EEG P9,6282.0,104.7,337.375
data\raw\siena\PN06\PN06-3.edf,EEG P9,6282.5,104.70833333333333,341.875
data\raw\siena\PN06\PN06-3.edf,EEG P9,6283.0,104.71666666666667,369.625
data\raw\siena\PN06\PN06-3.edf,EEG P9,6283.5,104.725,375.24999999999994
data\raw\siena\PN06\PN06-3.edf,EEG P9,6284.0,104.73333333333333,361.37499999999994
data\raw\siena\PN06\PN06-3.edf,EEG P9,6284.5,104.74166666666666,340.25
data\raw\siena\PN06\PN06-3.edf,EEG P9,6285.0,104.75,367.375
data\raw\siena\PN06\PN06-3.edf,EEG P9,6285.5,104.75833333333334,354.875
data\raw\siena\PN06\PN06-3.edf,EEG P9,6286.0,104.76666666666667,330.25
data\raw\siena\PN06\PN06-3.edf,EEG P9,6286.5,104.775,331.875
data\raw\siena\PN06\PN06-3.edf,EEG P9,6287.0,104.78333333333333,353.75
data\raw\siena\PN06\PN06-3.edf,EEG P9,6287.5,104.79166666666667,358.25
data\raw\siena\PN06\PN06-3.edf,EEG P9,6288.0,104.8,365.625
data\raw\siena\PN06\PN06-3.edf,EEG P9,6288.5,104.80833333333334,364.875
data\raw\siena\PN06\PN06-3.edf,EEG P9,6289.0,104.81666666666666,348.625
data\raw\siena\PN06\PN06-3.edf,EEG P9,6289.5,104.825,346.5
data\raw\siena\PN06\PN06-3.edf,EEG P9,6290.0,104.83333333333333,365.5
data\raw\siena\PN06\PN06-3.edf,EEG P9,6290.5,104.84166666666667,354.875
data\raw\siena\PN06\PN06-3.edf,EEG P9,6291.0,104.85,375.125
data\raw\siena\PN06\PN06-3.edf,EEG P9,6291.5,104.85833333333333,386.375
data\raw\siena\PN06\PN06-3.edf,EEG P9,6292.0,104.86666666666666,386.375
data\raw\siena\PN06\PN06-3.edf,EEG P9,6292.5,104.875,358.49999999999994
data\raw\siena\PN06\PN06-3.edf,EEG P9,6293.0,104.88333333333334,358.0
data\raw\siena\PN06\PN06-3.edf,EEG P9,6293.5,104.89166666666667,338.625
data\raw\siena\PN06\PN06-3.edf,EEG P9,6294.0,104.9,343.125
data\raw\siena\PN06\PN06-3.edf,EEG P9,6294.5,104.90833333333333,366.0
data\raw\siena\PN06\PN06-3.edf,EEG P9,6295.0,104.91666666666667,365.75
data\raw\siena\PN06\PN06-3.edf,EEG P9,6295.5,104.925,370.125
data\raw\siena\PN06\PN06-3.edf,EEG P9,6296.0,104.93333333333334,366.625
data\raw\siena\PN06\PN06-3.edf,EEG P9,6296.5,104.94166666666666,341.5
data\raw\siena\PN06\PN06-3.edf,EEG P9,6297.0,104.95,347.25
data\raw\siena\PN06\PN06-3.edf,EEG P9,6297.5,104.95833333333333,348.0
data\raw\siena\PN06\PN06-3.edf,EEG P9,6298.0,104.96666666666667,347.5
data\raw\siena\PN06\PN06-3.edf,EEG P9,6298.5,104.975,343.75
data\raw\siena\PN06\PN06-3.edf,EEG P9,6299.0,104.98333333333333,354.625
data\raw\siena\PN06\PN06-3.edf,EEG P9,6299.5,104.99166666666666,363.5
data\raw\siena\PN06\PN06-3.edf,EEG P9,6300.0,105.0,377.875
data\raw\siena\PN06\PN06-3.edf,EEG P9,6300.5,105.00833333333334,377.875
data\raw\siena\PN06\PN06-3.edf,EEG P9,6301.0,105.01666666666667,351.25
data\raw\siena\PN06\PN06-3.edf,EEG P9,6301.5,105.025,344.125
data\raw\siena\PN06\PN06-3.edf,EEG P9,6302.0,105.03333333333333,348.75
data\raw\siena\PN06\PN06-3.edf,EEG P9,6302.5,105.04166666666667,367.625
data\raw\siena\PN06\PN06-3.edf,EEG P9,6303.0,105.05,370.25
data\raw\siena\PN06\PN06-3.edf,EEG P9,6303.5,105.05833333333334,344.625
data\raw\siena\PN06\PN06-3.edf,EEG P9,6304.0,105.06666666666666,361.625
data\raw\siena\PN06\PN06-3.edf,EEG P9,6304.5,105.075,345.25
data\raw\siena\PN06\PN06-3.edf,EEG P9,6305.0,105.08333333333333,353.0
data\raw\siena\PN06\PN06-3.edf,EEG P9,6305.5,105.09166666666667,356.25
data\raw\siena\PN06\PN06-3.edf,EEG P9,6306.0,105.1,352.75
data\raw\siena\PN06\PN06-3.edf,EEG P9,6306.5,105.10833333333333,353.25
data\raw\siena\PN06\PN06-3.edf,EEG P9,6307.0,105.11666666666666,345.75
data\raw\siena\PN06\PN06-3.edf,EEG P9,6307.5,105.125,357.875
data\raw\siena\PN06\PN06-3.edf,EEG P9,6308.0,105.13333333333334,354.875
data\raw\siena\PN06\PN06-3.edf,EEG P9,6308.5,105.14166666666667,351.125
data\raw\siena\PN06\PN06-3.edf,EEG P9,6309.0,105.15,349.0
data\raw\siena\PN06\PN06-3.edf,EEG P9,6309.5,105.15833333333333,345.375
data\raw\siena\PN06\PN06-3.edf,EEG P9,6310.0,105.16666666666667,367.875
data\raw\siena\PN06\PN06-3.edf,EEG P9,6310.5,105.175,367.875
data\raw\siena\PN06\PN06-3.edf,EEG P9,6311.0,105.18333333333334,340.625
data\raw\siena\PN06\PN06-3.edf,EEG P9,6311.5,105.19166666666666,333.625
data\raw\siena\PN06\PN06-3.edf,EEG P9,6312.0,105.2,347.0
data\raw\siena\PN06\PN06-3.edf,EEG P9,6312.5,105.20833333333333,341.75
data\raw\siena\PN06\PN06-3.edf,EEG P9,6313.0,105.21666666666667,356.25
data\raw\siena\PN06\PN06-3.edf,EEG P9,6313.5,105.225,357.375
data\raw\siena\PN06\PN06-3.edf,EEG P9,6314.0,105.23333333333333,356.875
data\raw\siena\PN06\PN06-3.edf,EEG P9,6314.5,105.24166666666666,344.375
data\raw\siena\PN06\PN06-3.edf,EEG P9,6315.0,105.25,339.625
data\raw\siena\PN06\PN06-3.edf,EEG P9,6315.5,105.25833333333334,341.0
data\raw\siena\PN06\PN06-3.edf,EEG P9,6316.0,105.26666666666667,353.125
data\raw\siena\PN06\PN06-3.edf,EEG P9,6316.5,105.275,368.375
data\raw\siena\PN06\PN06-3.edf,EEG P9,6317.0,105.28333333333333,370.75
data\raw\siena\PN06\PN06-3.edf,EEG P9,6317.5,105.29166666666667,368.125
data\raw\siena\PN06\PN06-3.edf,EEG P9,6318.0,105.3,358.25
data\raw\siena\PN06\PN06-3.edf,EEG P9,6318.5,105.30833333333334,349.875
data\raw\siena\PN06\PN06-3.edf,EEG P9,6319.0,105.31666666666666,354.625
data\raw\siena\PN06\PN06-3.edf,EEG P9,6319.5,105.325,346.375
data\raw\siena\PN06\PN06-3.edf,EEG P9,6320.0,105.33333333333333,366.0
data\raw\siena\PN06\PN06-3.edf,EEG P9,6320.5,105.34166666666667,380.75
data\raw\siena\PN06\PN06-3.edf,EEG P9,6321.0,105.35,343.62499999999994
data\raw\siena\PN06\PN06-3.edf,EEG P9,6321.5,105.35833333333333,344.125
data\raw\siena\PN06\PN06-3.edf,EEG P9,6322.0,105.36666666666666,335.25
data\raw\siena\PN06\PN06-3.edf,EEG P9,6322.5,105.375,338.49999999999994
data\raw\siena\PN06\PN06-3.edf,EEG P9,6323.0,105.38333333333334,340.12499999999994
data\raw\siena\PN06\PN06-3.edf,EEG P9,6323.5,105.39166666666667,351.125
data\raw\siena\PN06\PN06-3.edf,EEG P9,6324.0,105.4,345.0
data\raw\siena\PN06\PN06-3.edf,EEG P9,6324.5,105.40833333333333,340.625
data\raw\siena\PN06\PN06-3.edf,EEG P9,6325.0,105.41666666666667,340.0
data\raw\siena\PN06\PN06-3.edf,EEG P9,6325.5,105.425,338.75
data\raw\siena\PN06\PN06-3.edf,EEG P9,6326.0,105.43333333333334,344.25
data\raw\siena\PN06\PN06-3.edf,EEG P9,6326.5,105.44166666666666,346.5
data\raw\siena\PN06\PN06-3.edf,EEG P9,6327.0,105.45,350.875
data\raw\siena\PN06\PN06-3.edf,EEG P9,6327.5,105.45833333333333,347.375
data\raw\siena\PN06\PN06-3.edf,EEG P9,6328.0,105.46666666666667,342.625
data\raw\siena\PN06\PN06-3.edf,EEG P9,6328.5,105.475,344.62499999999994
data\raw\siena\PN06\PN06-3.edf,EEG P9,6329.0,105.48333333333333,343.62499999999994
data\raw\siena\PN06\PN06-3.edf,EEG P9,6329.5,105.49166666666666,342.625
data\raw\siena\PN06\PN06-3.edf,EEG P9,6330.0,105.5,347.5
data\raw\siena\PN06\PN06-3.edf,EEG P9,6330.5,105.50833333333334,347.0
data\raw\siena\PN06\PN06-3.edf,EEG P9,6331.0,105.51666666666667,346.0
data\raw\siena\PN06\PN06-3.edf,EEG P9,6331.5,105.525,349.625
data\raw\siena\PN06\PN06-3.edf,EEG P9,6332.0,105.53333333333333,366.375
data\raw\siena\PN06\PN06-3.edf,EEG P9,6332.5,105.54166666666667,361.75
data\raw\siena\PN06\PN06-3.edf,EEG P9,6333.0,105.55,341.125
data\raw\siena\PN06\PN06-3.edf,EEG P9,6333.5,105.55833333333334,328.625
data\raw\siena\PN06\PN06-3.edf,EEG P9,6334.0,105.56666666666666,343.75
data\raw\siena\PN06\PN06-3.edf,EEG P9,6334.5,105.575,341.0
data\raw\siena\PN06\PN06-3.edf,EEG P9,6335.0,105.58333333333333,354.625
data\raw\siena\PN06\PN06-3.edf,EEG P9,6335.5,105.59166666666667,355.0
data\raw\siena\PN06\PN06-3.edf,EEG P9,6336.0,105.6,352.25
data\raw\siena\PN06\PN06-3.edf,EEG P9,6336.5,105.60833333333333,351.875
data\raw\siena\PN06\PN06-3.edf,EEG P9,6337.0,105.61666666666666,339.74999999999994
data\raw\siena\PN06\PN06-3.edf,EEG P9,6337.5,105.625,346.625
data\raw\siena\PN06\PN06-3.edf,EEG P9,6338.0,105.63333333333334,344.25
data\raw\siena\PN06\PN06-3.edf,EEG P9,6338.5,105.64166666666667,362.875
data\raw\siena\PN06\PN06-3.edf,EEG P9,6339.0,105.65,352.25
data\raw\siena\PN06\PN06-3.edf,EEG P9,6339.5,105.65833333333333,344.875
data\raw\siena\PN06\PN06-3.edf,EEG P9,6340.0,105.66666666666667,337.5
data\raw\siena\PN06\PN06-3.edf,EEG P9,6340.5,105.675,337.0
data\raw\siena\PN06\PN06-3.edf,EEG P9,6341.0,105.68333333333334,334.0
data\raw\siena\PN06\PN06-3.edf,EEG P9,6341.5,105.69166666666666,332.5
data\raw\siena\PN06\PN06-3.edf,EEG P9,6342.0,105.7,356.25
data\raw\siena\PN06\PN06-3.edf,EEG P9,6342.5,105.70833333333333,359.375
data\raw\siena\PN06\PN06-3.edf,EEG P9,6343.0,105.71666666666667,362.375
data\raw\siena\PN06\PN06-3.edf,EEG P9,6343.5,105.725,366.25
data\raw\siena\PN06\PN06-3.edf,EEG P9,6344.0,105.73333333333333,372.75
data\raw\siena\PN06\PN06-3.edf,EEG P9,6344.5,105.74166666666666,368.99999999999994
data\raw\siena\PN06\PN06-3.edf,EEG P9,6345.0,105.75,372.87499999999994
data\raw\siena\PN06\PN06-3.edf,EEG P9,6345.5,105.75833333333334,360.99999999999994
data\raw\siena\PN06\PN06-3.edf,EEG P9,6346.0,105.76666666666667,340.25
data\raw\siena\PN06\PN06-3.edf,EEG P9,6346.5,105.775,353.375
data\raw\siena\PN06\PN06-3.edf,EEG P9,6347.0,105.78333333333333,347.74999999999994
data\raw\siena\PN06\PN06-3.edf,EEG P9,6347.5,105.79166666666667,354.375
data\raw\siena\PN06\PN06-3.edf,EEG P9,6348.0,105.8,348.49999999999994
data\raw\siena\PN06\PN06-3.edf,EEG P9,6348.5,105.80833333333334,324.5
data\raw\siena\PN06\PN06-3.edf,EEG P9,6349.0,105.81666666666666,328.12499999999994
data\raw\siena\PN06\PN06-3.edf,EEG P9,6349.5,105.825,338.37499999999994
data\raw\siena\PN06\PN06-3.edf,EEG P9,6350.0,105.83333333333333,340.37499999999994
data\raw\siena\PN06\PN06-3.edf,EEG P9,6350.5,105.84166666666667,361.375
data\raw\siena\PN06\PN06-3.edf,EEG P9,6351.0,105.85,352.99999999999994
data\raw\siena\PN06\PN06-3.edf,EEG P9,6351.5,105.85833333333333,344.24999999999994
data\raw\siena\PN06\PN06-3.edf,EEG P9,6352.0,105.86666666666666,346.25
data\raw\siena\PN06\PN06-3.edf,EEG P9,6352.5,105.875,364.125
data\raw\siena\PN06\PN06-3.edf,EEG P9,6353.0,105.88333333333334,362.125
data\raw\siena\PN06\PN06-3.edf,EEG P9,6353.5,105.89166666666667,335.0
data\raw\siena\PN06\PN06-3.edf,EEG P9,6354.0,105.9,363.875
data\raw\siena\PN06\PN06-3.edf,EEG P9,6354.5,105.90833333333333,353.375
data\raw\siena\PN06\PN06-3.edf,EEG P9,6355.0,105.91666666666667,326.375
data\raw\siena\PN06\PN06-3.edf,EEG P9,6355.5,105.925,326.25
data\raw\siena\PN06\PN06-3.edf,EEG P9,6356.0,105.93333333333334,340.375
data\raw\siena\PN06\PN06-3.edf,EEG P9,6356.5,105.94166666666666,347.0
data\raw\siena\PN06\PN06-3.edf,EEG P9,6357.0,105.95,358.5
data\raw\siena\PN06\PN06-3.edf,EEG P9,6357.5,105.95833333333333,338.5
data\raw\siena\PN06\PN06-3.edf,EEG P9,6358.0,105.96666666666667,340.625
data\raw\siena\PN06\PN06-3.edf,EEG P9,6358.5,105.975,347.875
data\raw\siena\PN06\PN06-3.edf,EEG P9,6359.0,105.98333333333333,349.0
data\raw\siena\PN06\PN06-3.edf,EEG P9,6359.5,105.99166666666666,329.0
data\raw\siena\PN06\PN06-3.edf,EEG P9,6360.0,106.0,351.25
data\raw\siena\PN06\PN06-3.edf,EEG P9,6360.5,106.00833333333334,351.25
data\raw\siena\PN06\PN06-3.edf,EEG P9,6361.0,106.01666666666667,356.375
data\raw\siena\PN06\PN06-3.edf,EEG P9,6361.5,106.025,337.0
data\raw\siena\PN06\PN06-3.edf,EEG P9,6362.0,106.03333333333333,340.5
data\raw\siena\PN06\PN06-3.edf,EEG P9,6362.5,106.04166666666667,329.875
data\raw\siena\PN06\PN06-3.edf,EEG P9,6363.0,106.05,350.75
data\raw\siena\PN06\PN06-3.edf,EEG P9,6363.5,106.05833333333334,364.0
data\raw\siena\PN06\PN06-3.edf,EEG P9,6364.0,106.06666666666666,355.25
data\raw\siena\PN06\PN06-3.edf,EEG P9,6364.5,106.075,348.125
data\raw\siena\PN06\PN06-3.edf,EEG P9,6365.0,106.08333333333333,362.75
data\raw\siena\PN06\PN06-3.edf,EEG P9,6365.5,106.09166666666667,370.5
data\raw\siena\PN06\PN06-3.edf,EEG P9,6366.0,106.1,384.125
data\raw\siena\PN06\PN06-3.edf,EEG P9,6366.5,106.10833333333333,384.125
data\raw\siena\PN06\PN06-3.edf,EEG P9,6367.0,106.11666666666666,361.75
data\raw\siena\PN06\PN06-3.edf,EEG P9,6367.5,106.125,376.74999999999994
data\raw\siena\PN06\PN06-3.edf,EEG P9,6368.0,106.13333333333334,353.625
data\raw\siena\PN06\PN06-3.edf,EEG P9,6368.5,106.14166666666667,350.625
data\raw\siena\PN06\PN06-3.edf,EEG P9,6369.0,106.15,351.625
data\raw\siena\PN06\PN06-3.edf,EEG P9,6369.5,106.15833333333333,347.25
data\raw\siena\PN06\PN06-3.edf,EEG P9,6370.0,106.16666666666667,340.75
data\raw\siena\PN06\PN06-3.edf,EEG P9,6370.5,106.175,336.875
data\raw\siena\PN06\PN06-3.edf,EEG P9,6371.0,106.18333333333334,338.625
data\raw\siena\PN06\PN06-3.edf,EEG P9,6371.5,106.19166666666666,346.0
data\raw\siena\PN06\PN06-3.edf,EEG P9,6372.0,106.2,330.74999999999994
data\raw\siena\PN06\PN06-3.edf,EEG P9,6372.5,106.20833333333333,326.0
data\raw\siena\PN06\PN06-3.edf,EEG P9,6373.0,106.21666666666667,331.375
data\raw\siena\PN06\PN06-3.edf,EEG P9,6373.5,106.225,327.5
data\raw\siena\PN06\PN06-3.edf,EEG P9,6374.0,106.23333333333333,342.0
data\raw\siena\PN06\PN06-3.edf,EEG P9,6374.5,106.24166666666666,351.5
data\raw\siena\PN06\PN06-3.edf,EEG P9,6375.0,106.25,336.375
data\raw\siena\PN06\PN06-3.edf,EEG P9,6375.5,106.25833333333334,332.75
data\raw\siena\PN06\PN06-3.edf,EEG P9,6376.0,106.26666666666667,338.12499999999994
data\raw\siena\PN06\PN06-3.edf,EEG P9,6376.5,106.275,328.5
data\raw\siena\PN06\PN06-3.edf,EEG P9,6377.0,106.28333333333333,333.25
data\raw\siena\PN06\PN06-3.edf,EEG P9,6377.5,106.29166666666667,327.875
data\raw\siena\PN06\PN06-3.edf,EEG P9,6378.0,106.3,343.125
data\raw\siena\PN06\PN06-3.edf,EEG P9,6378.5,106.30833333333334,337.875
data\raw\siena\PN06\PN06-3.edf,EEG P9,6379.0,106.31666666666666,337.875
data\raw\siena\PN06\PN06-3.edf,EEG P9,6379.5,106.325,328.0
data\raw\siena\PN06\PN06-3.edf,EEG P9,6380.0,106.33333333333333,337.875
data\raw\siena\PN06\PN06-3.edf,EEG P9,6380.5,106.34166666666667,347.875
data\raw\siena\PN06\PN06-3.edf,EEG P9,6381.0,106.35,367.125
data\raw\siena\PN06\PN06-3.edf,EEG P9,6381.5,106.35833333333333,356.0
data\raw\siena\PN06\PN06-3.edf,EEG P9,6382.0,106.36666666666666,331.25
data\raw\siena\PN06\PN06-3.edf,EEG P9,6382.5,106.375,341.5
data\raw\siena\PN06\PN06-3.edf,EEG P9,6383.0,106.38333333333334,331.875
data\raw\siena\PN06\PN06-3.edf,EEG P9,6383.5,106.39166666666667,349.5
data\raw\siena\PN06\PN06-3.edf,EEG P9,6384.0,106.4,338.375
data\raw\siena\PN06\PN06-3.edf,EEG P9,6384.5,106.40833333333333,321.75
data\raw\siena\PN06\PN06-3.edf,EEG P9,6385.0,106.41666666666667,357.5
data\raw\siena\PN06\PN06-3.edf,EEG P9,6385.5,106.425,375.0
data\raw\siena\PN06\PN06-3.edf,EEG P9,6386.0,106.43333333333334,373.125
data\raw\siena\PN06\PN06-3.edf,EEG P9,6386.5,106.44166666666666,331.875
data\raw\siena\PN06\PN06-3.edf,EEG P9,6387.0,106.45,323.75
data\raw\siena\PN06\PN06-3.edf,EEG P9,6387.5,106.45833333333333,336.5
data\raw\siena\PN06\PN06-3.edf,EEG P9,6388.0,106.46666666666667,341.0
data\raw\siena\PN06\PN06-3.edf,EEG P9,6388.5,106.475,330.0
data\raw\siena\PN06\PN06-3.edf,EEG P9,6389.0,106.48333333333333,326.75
data\raw\siena\PN06\PN06-3.edf,EEG P9,6389.5,106.49166666666666,340.625
data\raw\siena\PN06\PN06-3.edf,EEG P9,6390.0,106.5,335.5
data\raw\siena\PN06\PN06-3.edf,EEG P9,6390.5,106.50833333333334,347.25
data\raw\siena\PN06\PN06-3.edf,EEG P9,6391.0,106.51666666666667,349.875
data\raw\siena\PN06\PN06-3.edf,EEG P9,6391.5,106.525,338.5
data\raw\siena\PN06\PN06-3.edf,EEG P9,6392.0,106.53333333333333,375.5
data\raw\siena\PN06\PN06-3.edf,EEG P9,6392.5,106.54166666666667,415.12499999999994
data\raw\siena\PN06\PN06-3.edf,EEG P9,6393.0,106.55,415.74999999999994
data\raw\siena\PN06\PN06-3.edf,EEG P9,6393.5,106.55833333333334,417.625
data\raw\siena\PN06\PN06-3.edf,EEG P9,6394.0,106.56666666666666,396.375
data\raw\siena\PN06\PN06-3.edf,EEG P9,6394.5,106.575,366.875
data\raw\siena\PN06\PN06-3.edf,EEG P9,6395.0,106.58333333333333,389.25
data\raw\siena\PN06\PN06-3.edf,EEG P9,6395.5,106.59166666666667,352.25
data\raw\siena\PN06\PN06-3.edf,EEG P9,6396.0,106.6,331.99999999999994
data\raw\siena\PN06\PN06-3.edf,EEG P9,6396.5,106.60833333333333,344.625
data\raw\siena\PN06\PN06-3.edf,EEG P9,6397.0,106.61666666666666,355.875
data\raw\siena\PN06\PN06-3.edf,EEG P9,6397.5,106.625,406.25
data\raw\siena\PN06\PN06-3.edf,EEG P9,6398.0,106.63333333333334,454.75
data\raw\siena\PN06\PN06-3.edf,EEG P9,6398.5,106.64166666666667,485.0
data\raw\siena\PN06\PN06-3.edf,EEG P9,6399.0,106.65,459.5
data\raw\siena\PN06\PN06-3.edf,EEG P9,6399.5,106.65833333333333,507.24999999999994
data\raw\siena\PN06\PN06-3.edf,EEG P9,6400.0,106.66666666666667,480.375
data\raw\siena\PN06\PN06-3.edf,EEG P9,6400.5,106.675,370.5
data\raw\siena\PN06\PN06-3.edf,EEG P9,6401.0,106.68333333333334,365.0
data\raw\siena\PN06\PN06-3.edf,EEG P9,6401.5,106.69166666666666,379.99999999999994
data\raw\siena\PN06\PN06-3.edf,EEG P9,6402.0,106.7,379.99999999999994
data\raw\siena\PN06\PN06-3.edf,EEG P9,6402.5,106.70833333333333,340.375
data\raw\siena\PN06\PN06-3.edf,EEG P9,6403.0,106.71666666666667,338.75
data\raw\siena\PN06\PN06-3.edf,EEG P9,6403.5,106.725,369.125
data\raw\siena\PN06\PN06-3.edf,EEG P9,6404.0,106.73333333333333,364.24999999999994
data\raw\siena\PN06\PN06-3.edf,EEG P9,6404.5,106.74166666666666,386.375
data\raw\siena\PN06\PN06-3.edf,EEG P9,6405.0,106.75,370.75
data\raw\siena\PN06\PN06-3.edf,EEG P9,7167.0,119.45,622.125
data\raw\siena\PN06\PN06-3.edf,EEG P9,7167.5,119.45833333333333,631.125
data\raw\siena\PN06\PN06-3.edf,EEG P9,7168.0,119.46666666666667,619.5
data\raw\siena\PN06\PN06-3.edf,EEG P9,7168.5,119.475,615.375
data\raw\siena\PN06\PN06-3.edf,EEG P9,7169.0,119.48333333333333,622.25
data\raw\siena\PN06\PN06-3.edf,EEG P9,7169.5,119.49166666666666,619.875
data\raw\siena\PN06\PN06-3.edf,EEG P9,7170.0,119.5,616.125
data\raw\siena\PN06\PN06-3.edf,EEG P9,7170.5,119.50833333333334,618.25
data\raw\siena\PN06\PN06-3.edf,EEG P9,7171.0,119.51666666666667,620.125
data\raw\siena\PN06\PN06-3.edf,EEG P9,7171.5,119.525,625.0
data\raw\siena\PN06\PN06-3.edf,EEG P9,7172.0,119.53333333333333,595.75
data\raw\siena\PN06\PN06-3.edf,EEG P9,7172.5,119.54166666666667,482.125
data\raw\siena\PN06\PN06-3.edf,EEG P9,7173.0,119.55,477.74999999999994
data\raw\siena\PN06\PN06-3.edf,EEG P9,7173.5,119.55833333333334,443.0
data\raw\siena\PN06\PN06-3.edf,EEG P9,7174.0,119.56666666666666,443.0
data\raw\siena\PN06\PN06-3.edf,EEG P9,7174.5,119.575,398.25
data\raw\siena\PN06\PN06-3.edf,EEG P9,7175.0,119.58333333333333,389.875
data\raw\siena\PN06\PN06-3.edf,EEG P9,7175.5,119.59166666666667,372.5
data\raw\siena\PN06\PN06-3.edf,EEG P9,7176.0,119.6,414.5
data\raw\siena\PN06\PN06-3.edf,EEG P9,7176.5,119.60833333333333,448.125
data\raw\siena\PN06\PN06-3.edf,EEG P9,7177.0,119.61666666666666,384.75
data\raw\siena\PN06\PN06-3.edf,EEG P9,7177.5,119.625,337.75
data\raw\siena\PN06\PN06-3.edf,EEG P9,7178.0,119.63333333333334,322.375
data\raw\siena\PN06\PN06-3.edf,EEG P9,7178.5,119.64166666666667,320.625
data\raw\siena\PN06\PN06-3.edf,EEG P9,7179.0,119.65,331.75
data\raw\siena\PN06\PN06-3.edf,EEG P9,7179.5,119.65833333333333,325.625
data\raw\siena\PN06\PN06-3.edf,EEG P9,7180.0,119.66666666666667,337.75
data\raw\siena\PN06\PN06-3.edf,EEG P9,7180.5,119.675,340.75
data\raw\siena\PN06\PN06-3.edf,EEG P9,7181.0,119.68333333333334,363.375
data\raw\siena\PN06\PN06-3.edf,EEG P9,7181.5,119.69166666666666,363.625
data\raw\siena\PN06\PN06-3.edf,EEG P9,7182.0,119.7,328.75
data\raw\siena\PN06\PN06-3.edf,EEG P9,7182.5,119.70833333333333,331.125
data\raw\siena\PN06\PN06-3.edf,EEG P9,7183.0,119.71666666666667,378.37499999999994
data\raw\siena\PN06\PN06-3.edf,EEG P9,7183.5,119.725,402.375
data\raw\siena\PN06\PN06-3.edf,EEG P9,7184.0,119.73333333333333,379.75
data\raw\siena\PN06\PN06-3.edf,EEG P9,7184.5,119.74166666666666,363.25
data\raw\siena\PN06\PN06-3.edf,EEG P9,7185.0,119.75,350.5
data\raw\siena\PN06\PN06-3.edf,EEG P9,7185.5,119.75833333333334,336.5
data\raw\siena\PN06\PN06-3.edf,EEG P9,7186.0,119.76666666666667,353.625
data\raw\siena\PN06\PN06-3.edf,EEG P9,7186.5,119.775,353.625
data\raw\siena\PN06\PN06-3.edf,EEG P9,7187.0,119.78333333333333,349.5
data\raw\siena\PN06\PN06-3.edf,EEG P9,7187.5,119.79166666666667,355.125
data\raw\siena\PN06\PN06-3.edf,EEG P9,7188.0,119.8,345.5
data\raw\siena\PN06\PN06-3.edf,EEG P9,7188.5,119.80833333333334,348.75
data\raw\siena\PN06\PN06-3.edf,EEG P9,7189.0,119.81666666666666,351.37499999999994
data\raw\siena\PN06\PN06-3.edf,EEG P9,7189.5,119.825,346.0
data\raw\siena\PN06\PN06-3.edf,EEG P9,7190.0,119.83333333333333,343.375
data\raw\siena\PN06\PN06-3.edf,EEG P9,7190.5,119.84166666666667,334.24999999999994
data\raw\siena\PN06\PN06-3.edf,EEG P9,7191.0,119.85,334.24999999999994
data\raw\siena\PN06\PN06-3.edf,EEG P9,7191.5,119.85833333333333,358.875
data\raw\siena\PN06\PN06-3.edf,EEG P9,7192.0,119.86666666666666,347.0
data\raw\siena\PN06\PN06-3.edf,EEG P9,7192.5,119.875,336.5
data\raw\siena\PN06\PN06-3.edf,EEG P9,7193.0,119.88333333333334,383.62499999999994
data\raw\siena\PN06\PN06-3.edf,EEG P9,7193.5,119.89166666666667,388.12499999999994
data\raw\siena\PN06\PN06-3.edf,EEG P9,7194.0,119.9,472.75
data\raw\siena\PN06\PN06-3.edf,EEG P9,7194.5,119.90833333333333,486.625
data\raw\siena\PN06\PN06-3.edf,EEG P9,7195.0,119.91666666666667,654.375
data\raw\siena\PN06\PN06-3.edf,EEG P9,7195.5,119.925,731.5
data\raw\siena\PN06\PN06-3.edf,EEG P9,7196.0,119.93333333333334,1204.4999999999998
data\raw\siena\PN06\PN06-3.edf,EEG P9,7196.5,119.94166666666666,1322.25
data\raw\siena\PN06\PN06-3.edf,EEG P9,7197.0,119.95,588.875
data\raw\siena\PN06\PN06-3.edf,EEG P9,7197.5,119.95833333333333,554.375
data\raw\siena\PN06\PN06-3.edf,EEG P9,7198.0,119.96666666666667,468.25
data\raw\siena\PN06\PN06-3.edf,EEG P9,7198.5,119.975,419.0
data\raw\siena\PN06\PN06-3.edf,EEG P9,7199.0,119.98333333333333,481.625
data\raw\siena\PN06\PN06-3.edf,EEG P9,7199.5,119.99166666666666,481.625
data\raw\siena\PN06\PN06-3.edf,EEG P9,7200.0,120.0,559.25
data\raw\siena\PN06\PN06-3.edf,EEG P9,7200.5,120.00833333333334,784.875
data\raw\siena\PN06\PN06-3.edf,EEG P9,7201.0,120.01666666666667,724.625
data\raw\siena\PN06\PN06-3.edf,EEG P9,7201.5,120.025,590.3749999999999
data\raw\siena\PN06\PN06-3.edf,EEG P9,7202.0,120.03333333333333,519.375
data\raw\siena\PN06\PN06-3.edf,EEG P9,7202.5,120.04166666666667,529.875
data\raw\siena\PN06\PN06-3.edf,EEG P9,7203.0,120.05,495.875
data\raw\siena\PN06\PN06-3.edf,EEG P9,7203.5,120.05833333333334,533.6249999999999
data\raw\siena\PN06\PN06-3.edf,EEG P9,7204.0,120.06666666666666,600.875
data\raw\siena\PN06\PN06-3.edf,EEG P9,7204.5,120.075,482.875
data\raw\siena\PN06\PN06-3.edf,EEG P9,7205.0,120.08333333333333,520.875
data\raw\siena\PN06\PN06-3.edf,EEG P9,7205.5,120.09166666666667,579.25
data\raw\siena\PN06\PN06-3.edf,EEG P9,7206.0,120.1,559.125
data\raw\siena\PN06\PN06-3.edf,EEG P9,7206.5,120.10833333333333,575.25
data\raw\siena\PN06\PN06-3.edf,EEG P9,7207.0,120.11666666666666,583.875
data\raw\siena\PN06\PN06-3.edf,EEG P9,7207.5,120.125,635.0
data\raw\siena\PN06\PN06-3.edf,EEG P9,7208.0,120.13333333333334,608.0
data\raw\siena\PN06\PN06-3.edf,EEG P9,7208.5,120.14166666666667,575.375
data\raw\siena\PN06\PN06-3.edf,EEG P9,7209.0,120.15,562.875
data\raw\siena\PN06\PN06-3.edf,EEG P9,7209.5,120.15833333333333,560.0
data\raw\siena\PN06\PN06-3.edf,EEG P9,7210.0,120.16666666666667,543.25
data\raw\siena\PN06\PN06-3.edf,EEG P9,7210.5,120.175,535.875
data\raw\siena\PN06\PN06-3.edf,EEG P9,7211.0,120.18333333333334,535.875
data\raw\siena\PN06\PN06-3.edf,EEG P9,7211.5,120.19166666666666,541.5
data\raw\siena\PN06\PN06-3.edf,EEG P9,7212.0,120.2,546.875
data\raw\siena\PN06\PN06-3.edf,EEG P9,7212.5,120.20833333333333,585.625
data\raw\siena\PN06\PN06-3.edf,EEG P9,7213.0,120.21666666666667,543.75
data\raw\siena\PN06\PN06-3.edf,EEG P9,7213.5,120.225,535.5
data\raw\siena\PN06\PN06-3.edf,EEG P9,7214.0,120.23333333333333,529.875
data\raw\siena\PN06\PN06-3.edf,EEG P9,7214.5,120.24166666666666,541.0
data\raw\siena\PN06\PN06-3.edf,EEG P9,7215.0,120.25,539.25
data\raw\siena\PN06\PN06-3.edf,EEG P9,7215.5,120.25833333333334,554.6249999999999
data\raw\siena\PN06\PN06-3.edf,EEG P9,7216.0,120.26666666666667,554.2499999999999
data\raw\siena\PN06\PN06-3.edf,EEG P9,7216.5,120.275,528.75
data\raw\siena\PN06\PN06-3.edf,EEG P9,7217.0,120.28333333333333,542.75
data\raw\siena\PN06\PN06-3.edf,EEG P9,7217.5,120.29166666666667,547.5
data\raw\siena\PN06\PN06-3.edf,EEG P9,7218.0,120.3,531.5
data\raw\siena\PN06\PN06-3.edf,EEG P9,7218.5,120.30833333333334,539.25
data\raw\siena\PN06\PN06-3.edf,EEG P9,7219.0,120.31666666666666,551.125
data\raw\siena\PN06\PN06-3.edf,EEG P9,7219.5,120.325,540.5
data\raw\siena\PN06\PN06-3.edf,EEG P9,7220.0,120.33333333333333,548.875
data\raw\siena\PN06\PN06-3.edf,EEG P9,7220.5,120.34166666666667,570.4999999999999
data\raw\siena\PN06\PN06-3.edf,EEG P9,7221.0,120.35,561.375
data\raw\siena\PN06\PN06-3.edf,EEG P9,7221.5,120.35833333333333,572.75
data\raw\siena\PN06\PN06-3.edf,EEG P9,7222.0,120.36666666666666,547.1249999999999
data\raw\siena\PN06\PN06-3.edf,EEG P9,7222.5,120.375,551.125
data\raw\siena\PN06\PN06-3.edf,EEG P9,7223.0,120.38333333333334,544.125
data\raw\siena\PN06\PN06-3.edf,EEG P9,7223.5,120.39166666666667,535.625
data\raw\siena\PN06\PN06-3.edf,EEG P9,7224.0,120.4,541.0
data\raw\siena\PN06\PN06-3.edf,EEG P9,7224.5,120.40833333333333,543.375
data\raw\siena\PN06\PN06-3.edf,EEG P9,7225.0,120.41666666666667,543.875
data\raw\siena\PN06\PN06-3.edf,EEG P9,7225.5,120.425,550.75
data\raw\siena\PN06\PN06-3.edf,EEG P9,7226.0,120.43333333333334,548.875
data\raw\siena\PN06\PN06-3.edf,EEG P9,7226.5,120.44166666666666,554.625
data\raw\siena\PN06\PN06-3.edf,EEG P9,7227.0,120.45,555.0
data\raw\siena\PN06\PN06-3.edf,EEG P9,7227.5,120.45833333333333,542.375
data\raw\siena\PN06\PN06-3.edf,EEG P9,7228.0,120.46666666666667,543.375
data\raw\siena\PN06\PN06-3.edf,EEG P9,7228.5,120.475,543.625
data\raw\siena\PN06\PN06-3.edf,EEG P9,7229.0,120.48333333333333,556.625
data\raw\siena\PN06\PN06-3.edf,EEG P9,7229.5,120.49166666666666,549.625
data\raw\siena\PN06\PN06-3.edf,EEG P9,7230.0,120.5,541.0
data\raw\siena\PN06\PN06-3.edf,EEG P9,7230.5,120.50833333333334,659.0
data\raw\siena\PN06\PN06-3.edf,EEG P9,7231.0,120.51666666666667,695.375
data\raw\siena\PN06\PN06-3.edf,EEG P9,7231.5,120.525,681.0
data\raw\siena\PN06\PN06-3.edf,EEG P9,7232.0,120.53333333333333,555.125
data\raw\siena\PN06\PN06-3.edf,EEG P9,7232.5,120.54166666666667,558.5
data\raw\siena\PN06\PN06-3.edf,EEG P9,7233.0,120.55,565.25
data\raw\siena\PN06\PN06-3.edf,EEG P9,7233.5,120.55833333333334,565.25
data\raw\siena\PN06\PN06-3.edf,EEG P9,7234.0,120.56666666666666,570.625
data\raw\siena\PN06\PN06-3.edf,EEG P9,7234.5,120.575,573.375
data\raw\siena\PN06\PN06-3.edf,EEG P9,7235.0,120.58333333333333,583.5
data\raw\siena\PN06\PN06-3.edf,EEG P9,7235.5,120.59166666666667,551.375
data\raw\siena\PN06\PN06-3.edf,EEG P9,7236.0,120.6,571.875
data\raw\siena\PN06\PN06-3.edf,EEG P9,7236.5,120.60833333333333,588.0
data\raw\siena\PN06\PN06-3.edf,EEG P9,7237.0,120.61666666666666,571.0
data\raw\siena\PN06\PN06-3.edf,EEG P9,7237.5,120.625,567.0
data\raw\siena\PN06\PN06-3.edf,EEG P9,7238.0,120.63333333333334,606.125
data\raw\siena\PN06\PN06-3.edf,EEG P9,7238.5,120.64166666666667,587.7499999999999
data\raw\siena\PN06\PN06-3.edf,EEG P9,7239.0,120.65,595.75
data\raw\siena\PN06\PN06-3.edf,EEG P9,7239.5,120.65833333333333,617.875
data\raw\siena\PN06\PN06-3.edf,EEG P9,7240.0,120.66666666666667,619.75
data\raw\siena\PN06\PN06-3.edf,EEG P9,7240.5,120.675,575.625
data\raw\siena\PN06\PN06-3.edf,EEG P9,7241.0,120.68333333333334,593.875
data\raw\siena\PN06\PN06-3.edf,EEG P9,7241.5,120.69166666666666,590.25
data\raw\siena\PN06\PN06-3.edf,EEG P9,7242.0,120.7,578.875
data\raw\siena\PN06\PN06-3.edf,EEG P9,7242.5,120.70833333333333,594.875
data\raw\siena\PN06\PN06-3.edf,EEG P9,7243.0,120.71666666666667,580.0
data\raw\siena\PN06\PN06-3.edf,EEG P9,7243.5,120.725,582.0
data\raw\siena\PN06\PN06-3.edf,EEG P9,7244.0,120.73333333333333,581.875
data\raw\siena\PN06\PN06-3.edf,EEG P9,7244.5,120.74166666666666,581.125
data\raw\siena\PN06\PN06-3.edf,EEG P9,7245.0,120.75,577.0
data\raw\siena\PN06\PN06-3.edf,EEG P9,7245.5,120.75833333333334,576.75
data\raw\siena\PN06\PN06-3.edf,EEG P9,7246.0,120.76666666666667,583.9999999999999
data\raw\siena\PN06\PN06-3.edf,EEG P9,7246.5,120.775,586.375
data\raw\siena\PN06\PN06-3.edf,EEG P9,7247.0,120.78333333333333,590.0
data\raw\siena\PN06\PN06-3.edf,EEG P9,7247.5,120.79166666666667,582.875
data\raw\siena\PN06\PN06-3.edf,EEG P9,7248.0,120.8,575.25
data\raw\siena\PN06\PN06-3.edf,EEG P9,7248.5,120.80833333333334,568.625
data\raw\siena\PN06\PN06-3.edf,EEG P9,7249.0,120.81666666666666,580.125
data\raw\siena\PN06\PN06-3.edf,EEG P9,7249.5,120.825,631.0
data\raw\siena\PN06\PN06-3.edf,EEG P9,7250.0,120.83333333333333,601.875
data\raw\siena\PN06\PN06-3.edf,EEG P9,7250.5,120.84166666666667,595.75
data\raw\siena\PN06\PN06-3.edf,EEG P9,7251.0,120.85,595.875
data\raw\siena\PN06\PN06-3.edf,EEG P9,7251.5,120.85833333333333,582.375
data\raw\siena\PN06\PN06-3.edf,EEG P9,7252.0,120.86666666666666,587.125
data\raw\siena\PN06\PN06-3.edf,EEG P9,7252.5,120.875,588.625
data\raw\siena\PN06\PN06-3.edf,EEG P9,7253.0,120.88333333333334,578.5
data\raw\siena\PN06\PN06-3.edf,EEG P9,7253.5,120.89166666666667,573.75
data\raw\siena\PN06\PN06-3.edf,EEG P9,7254.0,120.9,593.125
data\raw\siena\PN06\PN06-3.edf,EEG P9,7254.5,120.90833333333333,593.125
data\raw\siena\PN06\PN06-3.edf,EEG P9,7255.0,120.91666666666667,588.5
data\raw\siena\PN06\PN06-3.edf,EEG P9,7255.5,120.925,583.25
data\raw\siena\PN06\PN06-3.edf,EEG P9,7256.0,120.93333333333334,590.25
data\raw\siena\PN06\PN06-3.edf,EEG P9,7256.5,120.94166666666666,578.75
data\raw\siena\PN06\PN06-3.edf,EEG P9,7257.0,120.95,574.75
data\raw\siena\PN06\PN06-3.edf,EEG P9,7257.5,120.95833333333333,579.125
data\raw\siena\PN06\PN06-3.edf,EEG P9,7258.0,120.96666666666667,584.625
data\raw\siena\PN06\PN06-3.edf,EEG P9,7258.5,120.975,584.625
data\raw\siena\PN06\PN06-3.edf,EEG P9,7259.0,120.98333333333333,591.0
data\raw\siena\PN06\PN06-3.edf,EEG P9,7259.5,120.99166666666666,591.0
data\raw\siena\PN06\PN06-3.edf,EEG P9,7260.0,121.0,559.5
data\raw\siena\PN06\PN06-3.edf,EEG P9,7260.5,121.00833333333334,490.5
data\raw\siena\PN06\PN06-3.edf,EEG P9,7261.0,121.01666666666667,517.625
data\raw\siena\PN06\PN06-3.edf,EEG P9,7261.5,121.025,517.3749999999999
data\raw\siena\PN06\PN06-3.edf,EEG P9,7262.0,121.03333333333333,550.125
data\raw\siena\PN06\PN06-3.edf,EEG P9,7262.5,121.04166666666667,551.7499999999999
data\raw\siena\PN06\PN06-3.edf,EEG P9,7263.0,121.05,557.1249999999999
data\raw\siena\PN06\PN06-3.edf,EEG P9,7263.5,121.05833333333334,578.25
data\raw\siena\PN06\PN06-3.edf,EEG P9,7264.0,121.06666666666666,583.0
data\raw\siena\PN06\PN06-3.edf,EEG P9,7264.5,121.075,588.75
data\raw\siena\PN06\PN06-3.edf,EEG P9,7265.0,121.08333333333333,575.5
data\raw\siena\PN06\PN06-3.edf,EEG P9,7265.5,121.09166666666667,577.5
data\raw\siena\PN06\PN06-3.edf,EEG P9,7266.0,121.1,583.125
data\raw\siena\PN06\PN06-3.edf,EEG P9,7266.5,121.10833333333333,595.625
data\raw\siena\PN06\PN06-3.edf,EEG P9,7267.0,121.11666666666666,595.625
data\raw\siena\PN06\PN06-3.edf,EEG P9,7267.5,121.125,599.0
data\raw\siena\PN06\PN06-3.edf,EEG P9,7268.0,121.13333333333334,613.375
data\raw\siena\PN06\PN06-3.edf,EEG P9,7268.5,121.14166666666667,593.375
data\raw\siena\PN06\PN06-3.edf,EEG P9,7269.0,121.15,589.125
data\raw\siena\PN06\PN06-3.edf,EEG P9,7269.5,121.15833333333333,589.125
data\raw\siena\PN06\PN06-3.edf,EEG P9,7270.0,121.16666666666667,590.125
data\raw\siena\PN06\PN06-3.edf,EEG P9,7270.5,121.175,597.5
data\raw\siena\PN06\PN06-3.edf,EEG P9,7271.0,121.18333333333334,599.75
data\raw\siena\PN06\PN06-3.edf,EEG P9,7271.5,121.19166666666666,586.25
data\raw\siena\PN06\PN06-3.edf,EEG P9,7272.0,121.2,579.625
data\raw\siena\PN06\PN06-3.edf,EEG P9,7272.5,121.20833333333333,564.0
data\raw\siena\PN06\PN06-3.edf,EEG P9,7273.0,121.21666666666667,517.125
data\raw\siena\PN06\PN06-3.edf,EEG P9,7273.5,121.225,516.625
data\raw\siena\PN06\PN06-3.edf,EEG P9,7274.0,121.23333333333333,488.125
data\raw\siena\PN06\PN06-3.edf,EEG P9,7274.5,121.24166666666666,490.0
data\raw\siena\PN06\PN06-3.edf,EEG P9,7275.0,121.25,493.125
data\raw\siena\PN06\PN06-3.edf,EEG P9,7275.5,121.25833333333334,491.375
data\raw\siena\PN06\PN06-3.edf,EEG P9,7276.0,121.26666666666667,491.24999999999994
data\raw\siena\PN06\PN06-3.edf,EEG P9,7276.5,121.275,486.62499999999994
data\raw\siena\PN06\PN06-3.edf,EEG P9,7277.0,121.28333333333333,473.74999999999994
data\raw\siena\PN06\PN06-3.edf,EEG P9,7277.5,121.29166666666667,473.25
data\raw\siena\PN06\PN06-3.edf,EEG P9,7278.0,121.3,482.25
data\raw\siena\PN06\PN06-3.edf,EEG P9,7278.5,121.30833333333334,482.74999999999994
data\raw\siena\PN06\PN06-3.edf,EEG P9,7279.0,121.31666666666666,480.24999999999994
data\raw\siena\PN06\PN06-3.edf,EEG P9,7279.5,121.325,480.99999999999994
data\raw\siena\PN06\PN06-3.edf,EEG P9,7280.0,121.33333333333333,488.37499999999994
data\raw\siena\PN06\PN06-3.edf,EEG P9,7280.5,121.34166666666667,486.0
data\raw\siena\PN06\PN06-3.edf,EEG P9,7281.0,121.35,496.12499999999994
data\raw\siena\PN06\PN06-3.edf,EEG P9,7281.5,121.35833333333333,502.0
data\raw\siena\PN06\PN06-3.edf,EEG P9,7282.0,121.36666666666666,492.375
data\raw\siena\PN06\PN06-3.edf,EEG P9,7282.5,121.375,493.125
data\raw\siena\PN06\PN06-3.edf,EEG P9,7283.0,121.38333333333334,490.75
data\raw\siena\PN06\PN06-3.edf,EEG P9,7283.5,121.39166666666667,479.0
data\raw\siena\PN06\PN06-3.edf,EEG P9,7284.0,121.4,490.75
data\raw\siena\PN06\PN06-3.edf,EEG P9,7284.5,121.40833333333333,518.0
data\raw\siena\PN06\PN06-3.edf,EEG P9,7285.0,121.41666666666667,492.375
data\raw\siena\PN06\PN06-3.edf,EEG P9,7285.5,121.425,517.125
data\raw\siena\PN06\PN06-3.edf,EEG P9,7286.0,121.43333333333334,502.375
data\raw\siena\PN06\PN06-3.edf,EEG P9,7286.5,121.44166666666666,493.375
data\raw\siena\PN06\PN06-3.edf,EEG P9,7287.0,121.45,496.25
data\raw\siena\PN06\PN06-3.edf,EEG P9,7287.5,121.45833333333333,492.5
data\raw\siena\PN06\PN06-3.edf,EEG P9,7288.0,121.46666666666667,492.5
data\raw\siena\PN06\PN06-3.edf,EEG P9,7288.5,121.475,498.62499999999994
data\raw\siena\PN06\PN06-3.edf,EEG P9,7289.0,121.48333333333333,502.625
data\raw\siena\PN06\PN06-3.edf,EEG P9,7289.5,121.49166666666666,485.0
data\raw\siena\PN06\PN06-3.edf,EEG P9,7290.0,121.5,502.125
data\raw\siena\PN06\PN06-3.edf,EEG P9,7290.5,121.50833333333334,496.0
data\raw\siena\PN06\PN06-3.edf,EEG P9,7291.0,121.51666666666667,486.625
data\raw\siena\PN06\PN06-3.edf,EEG P9,7291.5,121.525,486.625
data\raw\siena\PN06\PN06-3.edf,EEG P9,7292.0,121.53333333333333,484.5
data\raw\siena\PN06\PN06-3.edf,EEG P9,7292.5,121.54166666666667,505.5
data\raw\siena\PN06\PN06-3.edf,EEG P9,7293.0,121.55,503.0
data\raw\siena\PN06\PN06-3.edf,EEG P9,7293.5,121.55833333333334,486.75
data\raw\siena\PN06\PN06-3.edf,EEG P9,7294.0,121.56666666666666,481.125
data\raw\siena\PN06\PN06-3.edf,EEG P9,7294.5,121.575,490.875
data\raw\siena\PN06\PN06-3.edf,EEG P9,7295.0,121.58333333333333,490.875
data\raw\siena\PN06\PN06-3.edf,EEG P9,7295.5,121.59166666666667,491.875
data\raw\siena\PN06\PN06-3.edf,EEG P9,7296.0,121.6,495.0
data\raw\siena\PN06\PN06-3.edf,EEG P9,7296.5,121.60833333333333,492.5
data\raw\siena\PN06\PN06-3.edf,EEG P9,7297.0,121.61666666666666,488.5
data\raw\siena\PN06\PN06-3.edf,EEG P9,7297.5,121.625,510.625
data\raw\siena\PN06\PN06-3.edf,EEG P9,7298.0,121.63333333333334,503.0
data\raw\siena\PN06\PN06-3.edf,EEG P9,7298.5,121.64166666666667,498.5
data\raw\siena\PN06\PN06-3.edf,EEG P9,7299.0,121.65,496.625
data\raw\siena\PN06\PN06-3.edf,EEG P9,7299.5,121.65833333333333,492.62499999999994
data\raw\siena\PN06\PN06-3.edf,EEG P9,7300.0,121.66666666666667,509.125
data\raw\siena\PN06\PN06-3.edf,EEG P9,7300.5,121.675,496.5
data\raw\siena\PN06\PN06-3.edf,EEG P9,7301.0,121.68333333333334,508.5
data\raw\siena\PN06\PN06-3.edf,EEG P9,7301.5,121.69166666666666,508.5
data\raw\siena\PN06\PN06-3.edf,EEG P9,7302.0,121.7,499.0
data\raw\siena\PN06\PN06-3.edf,EEG P9,7302.5,121.70833333333333,493.625
data\raw\siena\PN06\PN06-3.edf,EEG P9,7303.0,121.71666666666667,497.375
data\raw\siena\PN06\PN06-3.edf,EEG P9,7303.5,121.725,494.75
data\raw\siena\PN06\PN06-3.edf,EEG P9,7304.0,121.73333333333333,495.0
data\raw\siena\PN06\PN06-3.edf,EEG P9,7304.5,121.74166666666666,489.125
data\raw\siena\PN06\PN06-3.edf,EEG P9,7305.0,121.75,537.75
data\raw\siena\PN06\PN06-3.edf,EEG P9,7305.5,121.75833333333334,537.75
data\raw\siena\PN06\PN06-3.edf,EEG P9,7306.0,121.76666666666667,510.0
data\raw\siena\PN06\PN06-3.edf,EEG P9,7306.5,121.775,575.25
data\raw\siena\PN06\PN06-3.edf,EEG P9,7307.0,121.78333333333333,592.875
data\raw\siena\PN06\PN06-3.edf,EEG P9,7307.5,121.79166666666667,586.375
data\raw\siena\PN06\PN06-3.edf,EEG P9,7308.0,121.8,502.375
data\raw\siena\PN06\PN06-3.edf,EEG P9,7308.5,121.80833333333334,502.375
data\raw\siena\PN06\PN06-3.edf,EEG P9,7309.0,121.81666666666666,502.5
data\raw\siena\PN06\PN06-3.edf,EEG P9,7309.5,121.825,502.5
data\raw\siena\PN06\PN06-3.edf,EEG P9,7310.0,121.83333333333333,490.75
data\raw\siena\PN06\PN06-3.edf,EEG P9,7310.5,121.84166666666667,490.75
data\raw\siena\PN06\PN06-3.edf,EEG P9,7311.0,121.85,489.875
data\raw\siena\PN06\PN06-3.edf,EEG P9,7311.5,121.85833333333333,502.875
data\raw\siena\PN06\PN06-3.edf,EEG P9,7312.0,121.86666666666666,501.75
data\raw\siena\PN06\PN06-3.edf,EEG P9,7312.5,121.875,510.0
data\raw\siena\PN06\PN06-3.edf,EEG P9,7313.0,121.88333333333334,507.0
data\raw\siena\PN06\PN06-3.edf,EEG P9,7313.5,121.89166666666667,515.5
data\raw\siena\PN06\PN06-3.edf,EEG P9,7314.0,121.9,509.25
data\raw\siena\PN06\PN06-3.edf,EEG P9,7314.5,121.90833333333333,504.375
data\raw\siena\PN06\PN06-3.edf,EEG P9,7315.0,121.91666666666667,514.9999999999999
data\raw\siena\PN06\PN06-3.edf,EEG P9,7315.5,121.925,503.49999999999994
data\raw\siena\PN06\PN06-3.edf,EEG P9,7316.0,121.93333333333334,498.24999999999994
data\raw\siena\PN06\PN06-3.edf,EEG P9,7316.5,121.94166666666666,499.0
data\raw\siena\PN06\PN06-3.edf,EEG P9,7317.0,121.95,495.12499999999994
data\raw\siena\PN06\PN06-3.edf,EEG P9,7317.5,121.95833333333333,495.12499999999994
data\raw\siena\PN06\PN06-3.edf,EEG P9,7318.0,121.96666666666667,497.125
data\raw\siena\PN06\PN06-3.edf,EEG P9,7318.5,121.975,496.625
data\raw\siena\PN06\PN06-3.edf,EEG P9,7319.0,121.98333333333333,498.375
data\raw\siena\PN06\PN06-3.edf,EEG P9,7319.5,121.99166666666666,497.5
data\raw\siena\PN06\PN06-3.edf,EEG P9,7320.0,122.0,511.0
data\raw\siena\PN06\PN06-3.edf,EEG P9,7320.5,122.00833333333334,525.75
data\raw\siena\PN06\PN06-3.edf,EEG P9,7321.0,122.01666666666667,508.12499999999994
data\raw\siena\PN06\PN06-3.edf,EEG P9,7321.5,122.025,514.25
data\raw\siena\PN06\PN06-3.edf,EEG P9,7322.0,122.03333333333333,496.87499999999994
data\raw\siena\PN06\PN06-3.edf,EEG P9,7322.5,122.04166666666667,507.0
data\raw\siena\PN06\PN06-3.edf,EEG P9,7323.0,122.05,494.875
data\raw\siena\PN06\PN06-3.edf,EEG P9,7323.5,122.05833333333334,491.5
data\raw\siena\PN06\PN06-3.edf,EEG P9,7324.0,122.06666666666666,490.875
data\raw\siena\PN06\PN06-3.edf,EEG P9,7324.5,122.075,490.25
data\raw\siena\PN06\PN06-3.edf,EEG P9,7325.0,122.08333333333333,498.99999999999994
data\raw\siena\PN06\PN06-3.edf,EEG P9,7325.5,122.09166666666667,503.74999999999994
data\raw\siena\PN06\PN06-3.edf,EEG P9,7326.0,122.1,506.625
data\raw\siena\PN06\PN06-3.edf,EEG P9,7326.5,122.10833333333333,507.125
data\raw\siena\PN06\PN06-3.edf,EEG P9,7327.0,122.11666666666666,517.125
data\raw\siena\PN06\PN06-3.edf,EEG P9,7327.5,122.125,504.75
data\raw\siena\PN06\PN06-3.edf,EEG P9,7328.0,122.13333333333334,506.625
data\raw\siena\PN06\PN06-3.edf,EEG P9,7328.5,122.14166666666667,506.625
data\raw\siena\PN06\PN06-3.edf,EEG P9,7329.0,122.15,498.125
data\raw\siena\PN06\PN06-3.edf,EEG P9,7329.5,122.15833333333333,503.5
data\raw\siena\PN06\PN06-3.edf,EEG P9,7330.0,122.16666666666667,509.5
data\raw\siena\PN06\PN06-3.edf,EEG P9,7330.5,122.175,508.125
data\raw\siena\PN06\PN06-3.edf,EEG P9,7331.0,122.18333333333334,510.625
data\raw\siena\PN06\PN06-3.edf,EEG P9,7331.5,122.19166666666666,497.125
data\raw\siena\PN06\PN06-3.edf,EEG P9,7332.0,122.2,493.375
data\raw\siena\PN06\PN06-3.edf,EEG P9,7332.5,122.20833333333333,505.25
data\raw\siena\PN06\PN06-3.edf,EEG P9,7333.0,122.21666666666667,505.875
data\raw\siena\PN06\PN06-3.edf,EEG P9,7333.5,122.225,494.875
data\raw\siena\PN06\PN06-3.edf,EEG P9,7334.0,122.23333333333333,503.875
data\raw\siena\PN06\PN06-3.edf,EEG P9,7334.5,122.24166666666666,503.875
data\raw\siena\PN06\PN06-3.edf,EEG P9,7335.0,122.25,515.3749999999999
data\raw\siena\PN06\PN06-3.edf,EEG P9,7335.5,122.25833333333334,515.3749999999999
data\raw\siena\PN06\PN06-3.edf,EEG P9,7336.0,122.26666666666667,510.87499999999994
data\raw\siena\PN06\PN06-3.edf,EEG P9,7336.5,122.275,511.9999999999999
data\raw\siena\PN06\PN06-3.edf,EEG P9,7337.0,122.28333333333333,510.75
data\raw\siena\PN06\PN06-3.edf,EEG P9,7337.5,122.29166666666667,507.125
data\raw\siena\PN06\PN06-3.edf,EEG P9,7338.0,122.3,505.875
data\raw\siena\PN06\PN06-3.edf,EEG P9,7338.5,122.30833333333334,504.0
data\raw\siena\PN06\PN06-3.edf,EEG P9,7339.0,122.31666666666666,503.5
data\raw\siena\PN06\PN06-3.edf,EEG P9,7339.5,122.325,507.75
data\raw\siena\PN06\PN06-3.edf,EEG P9,7340.0,122.33333333333333,523.5
data\raw\siena\PN06\PN06-3.edf,EEG P9,7340.5,122.34166666666667,500.9999999999999
data\raw\siena\PN06\PN06-3.edf,EEG P9,7341.0,122.35,524.75
data\raw\siena\PN06\PN06-3.edf,EEG P9,7341.5,122.35833333333333,524.75
data\raw\siena\PN06\PN06-3.edf,EEG P9,7342.0,122.36666666666666,512.375
data\raw\siena\PN06\PN06-3.edf,EEG P9,7342.5,122.375,512.375
data\raw\siena\PN06\PN06-3.edf,EEG P9,7343.0,122.38333333333334,518.75
data\raw\siena\PN06\PN06-3.edf,EEG P9,7343.5,122.39166666666667,518.75
data\raw\siena\PN06\PN06-3.edf,EEG P9,7344.0,122.4,507.625
data\raw\siena\PN06\PN06-3.edf,EEG P9,7344.5,122.40833333333333,534.5
data\raw\siena\PN06\PN06-3.edf,EEG P9,7345.0,122.41666666666667,511.625
data\raw\siena\PN06\PN06-3.edf,EEG P9,7345.5,122.425,507.4999999999999
data\raw\siena\PN06\PN06-3.edf,EEG P9,7346.0,122.43333333333334,509.5
data\raw\siena\PN06\PN06-3.edf,EEG P9,7346.5,122.44166666666666,507.37499999999994
data\raw\siena\PN06\PN06-3.edf,EEG P9,7347.0,122.45,516.2499999999999
data\raw\siena\PN06\PN06-3.edf,EEG P9,7347.5,122.45833333333333,518.375
data\raw\siena\PN06\PN06-3.edf,EEG P9,7348.0,122.46666666666667,510.75
data\raw\siena\PN06\PN06-3.edf,EEG P9,7348.5,122.475,510.75
data\raw\siena\PN06\PN06-3.edf,EEG P9,7349.0,122.48333333333333,508.4999999999999
data\raw\siena\PN06\PN06-3.edf,EEG P9,7349.5,122.49166666666666,519.4999999999999
data\raw\siena\PN06\PN06-3.edf,EEG P9,7350.0,122.5,513.625
data\raw\siena\PN06\PN06-3.edf,EEG P9,7350.5,122.50833333333334,518.5
data\raw\siena\PN06\PN06-3.edf,EEG P9,7351.0,122.51666666666667,510.25
data\raw\siena\PN06\PN06-3.edf,EEG P9,7351.5,122.525,515.875
data\raw\siena\PN06\PN06-3.edf,EEG P9,7352.0,122.53333333333333,511.75
data\raw\siena\PN06\PN06-3.edf,EEG P9,7352.5,122.54166666666667,518.625
data\raw\siena\PN06\PN06-3.edf,EEG P9,7353.0,122.55,511.875
data\raw\siena\PN06\PN06-3.edf,EEG P9,7353.5,122.55833333333334,509.75
data\raw\siena\PN06\PN06-3.edf,EEG P9,7354.0,122.56666666666666,516.375
data\raw\siena\PN06\PN06-3.edf,EEG P9,7354.5,122.575,510.0
data\raw\siena\PN06\PN06-3.edf,EEG P9,7355.0,122.58333333333333,506.375
data\raw\siena\PN06\PN06-3.edf,EEG P9,7355.5,122.59166666666667,499.0
data\raw\siena\PN06\PN06-3.edf,EEG P9,7356.0,122.6,529.875
data\raw\siena\PN06\PN06-3.edf,EEG P9,7356.5,122.60833333333333,523.0
data\raw\siena\PN06\PN06-3.edf,EEG P9,7357.0,122.61666666666666,522.125
data\raw\siena\PN06\PN06-3.edf,EEG P9,7357.5,122.625,522.125
data\raw\siena\PN06\PN06-3.edf,EEG P9,7358.0,122.63333333333334,524.375
data\raw\siena\PN06\PN06-3.edf,EEG P9,7358.5,122.64166666666667,523.0
data\raw\siena\PN06\PN06-3.edf,EEG P9,7359.0,122.65,514.5
data\raw\siena\PN06\PN06-3.edf,EEG P9,7359.5,122.65833333333333,503.9999999999999
data\raw\siena\PN06\PN06-3.edf,EEG P9,7360.0,122.66666666666667,519.1249999999999
data\raw\siena\PN06\PN06-3.edf,EEG P9,7360.5,122.675,533.5
data\raw\siena\PN06\PN06-3.edf,EEG P9,7361.0,122.68333333333334,579.75
data\raw\siena\PN06\PN06-3.edf,EEG P9,7361.5,122.69166666666666,588.125
data\raw\siena\PN06\PN06-3.edf,EEG P9,7362.0,122.7,590.125
data\raw\siena\PN06\PN06-3.edf,EEG P9,7362.5,122.70833333333333,590.125
data\raw\siena\PN06\PN06-3.edf,EEG P9,7363.0,122.71666666666667,513.125
data\raw\siena\PN06\PN06-3.edf,EEG P9,7363.5,122.725,523.875
data\raw\siena\PN06\PN06-3.edf,EEG P9,7364.0,122.73333333333333,535.125
data\raw\siena\PN06\PN06-3.edf,EEG P9,7364.5,122.74166666666666,527.0
data\raw\siena\PN06\PN06-3.edf,EEG P9,7365.0,122.75,518.75
data\raw\siena\PN06\PN06-3.edf,EEG P9,7365.5,122.75833333333334,519.375
data\raw\siena\PN06\PN06-3.edf,EEG P9,7366.0,122.76666666666667,518.875
data\raw\siena\PN06\PN06-3.edf,EEG P9,7366.5,122.775,529.25
data\raw\siena\PN06\PN06-3.edf,EEG P9,7367.0,122.78333333333333,531.0
data\raw\siena\PN06\PN06-3.edf,EEG P9,7367.5,122.79166666666667,524.125
data\raw\siena\PN06\PN06-3.edf,EEG P9,7368.0,122.8,525.75
data\raw\siena\PN06\PN06-3.edf,EEG P9,7368.5,122.80833333333334,525.75
data\raw\siena\PN06\PN06-3.edf,EEG P9,7369.0,122.81666666666666,524.0
data\raw\siena\PN06\PN06-3.edf,EEG P9,7369.5,122.825,520.375
data\raw\siena\PN06\PN06-3.edf,EEG P9,7370.0,122.83333333333333,514.25
data\raw\siena\PN06\PN06-3.edf,EEG P9,7370.5,122.84166666666667,514.375
data\raw\siena\PN06\PN06-3.edf,EEG P9,7371.0,122.85,524.75
data\raw\siena\PN06\PN06-3.edf,EEG P9,7371.5,122.85833333333333,529.875
data\raw\siena\PN06\PN06-3.edf,EEG P9,7372.0,122.86666666666666,545.875
data\raw\siena\PN06\PN06-3.edf,EEG P9,7372.5,122.875,537.125
data\raw\siena\PN06\PN06-3.edf,EEG P9,7373.0,122.88333333333334,534.125
data\raw\siena\PN06\PN06-3.edf,EEG P9,7373.5,122.89166666666667,525.0
data\raw\siena\PN06\PN06-3.edf,EEG P9,7374.0,122.9,515.875
data\raw\siena\PN06\PN06-3.edf,EEG P9,7374.5,122.90833333333333,517.5
data\raw\siena\PN06\PN06-3.edf,EEG P9,7375.0,122.91666666666667,533.5
data\raw\siena\PN06\PN06-3.edf,EEG P9,7375.5,122.925,539.5
data\raw\siena\PN06\PN06-3.edf,EEG P9,7376.0,122.93333333333334,546.75
data\raw\siena\PN06\PN06-3.edf,EEG P9,7376.5,122.94166666666666,546.75
data\raw\siena\PN06\PN06-3.edf,EEG P9,7377.0,122.95,533.75
data\raw\siena\PN06\PN06-3.edf,EEG P9,7377.5,122.95833333333333,525.25
data\raw\siena\PN06\PN06-3.edf,EEG P9,7378.0,122.96666666666667,529.25
data\raw\siena\PN06\PN06-3.edf,EEG P9,7378.5,122.975,529.25
data\raw\siena\PN06\PN06-3.edf,EEG P9,7379.0,122.98333333333333,528.75
data\raw\siena\PN06\PN06-3.edf,EEG P9,7379.5,122.99166666666666,552.875
data\raw\siena\PN06\PN06-3.edf,EEG P9,7380.0,123.0,552.875
data\raw\siena\PN06\PN06-3.edf,EEG P9,7380.5,123.00833333333334,516.75
data\raw\siena\PN06\PN06-3.edf,EEG P9,7381.0,123.01666666666667,522.0
data\raw\siena\PN06\PN06-3.edf,EEG P9,7381.5,123.025,536.0
data\raw\siena\PN06\PN06-3.edf,EEG P9,7382.0,123.03333333333333,559.625
data\raw\siena\PN06\PN06-3.edf,EEG P9,7382.5,123.04166666666667,562.0
data\raw\siena\PN06\PN06-3.edf,EEG P9,7383.0,123.05,579.5
data\raw\siena\PN06\PN06-3.edf,EEG P9,7383.5,123.05833333333334,568.75
data\raw\siena\PN06\PN06-3.edf,EEG P9,7384.0,123.06666666666666,555.375
data\raw\siena\PN06\PN06-3.edf,EEG P9,7384.5,123.075,551.875
data\raw\siena\PN06\PN06-3.edf,EEG P9,7385.0,123.08333333333333,551.625
data\raw\siena\PN06\PN06-3.edf,EEG P9,7385.5,123.09166666666667,531.5
data\raw\siena\PN06\PN06-3.edf,EEG P9,7386.0,123.1,506.0
data\raw\siena\PN06\PN06-3.edf,EEG P9,7386.5,123.10833333333333,505.5
data\raw\siena\PN06\PN06-3.edf,EEG P9,7387.0,123.11666666666666,510.75
data\raw\siena\PN06\PN06-3.edf,EEG P9,7387.5,123.125,502.125
data\raw\siena\PN06\PN06-3.edf,EEG P9,7388.0,123.13333333333334,506.75
data\raw\siena\PN06\PN06-3.edf,EEG P9,7388.5,123.14166666666667,501.25
data\raw\siena\PN06\PN06-3.edf,EEG P9,7389.0,123.15,509.875
data\raw\siena\PN06\PN06-3.edf,EEG P9,7389.5,123.15833333333333,520.375
data\raw\siena\PN06\PN06-3.edf,EEG P9,7390.0,123.16666666666667,508.25
data\raw\siena\PN06\PN06-3.edf,EEG P9,7390.5,123.175,511.25
data\raw\siena\PN06\PN06-3.edf,EEG P9,7391.0,123.18333333333334,514.6249999999999
data\raw\siena\PN06\PN06-3.edf,EEG P9,7391.5,123.19166666666666,524.25
data\raw\siena\PN06\PN06-3.edf,EEG P9,7392.0,123.2,526.875
data\raw\siena\PN06\PN06-3.edf,EEG P9,7392.5,123.20833333333333,534.25
data\raw\siena\PN06\PN06-3.edf,EEG P9,7393.0,123.21666666666667,531.625
data\raw\siena\PN06\PN06-3.edf,EEG P9,7393.5,123.225,546.625
data\raw\siena\PN06\PN06-3.edf,EEG P9,7394.0,123.23333333333333,558.0
data\raw\siena\PN06\PN06-3.edf,EEG P9,7394.5,123.24166666666666,545.375
data\raw\siena\PN06\PN06-3.edf,EEG P9,7395.0,123.25,549.125
data\raw\siena\PN06\PN06-3.edf,EEG P9,7395.5,123.25833333333334,540.375
data\raw\siena\PN06\PN06-3.edf,EEG P9,7396.0,123.26666666666667,545.25
data\raw\siena\PN06\PN06-3.edf,EEG P9,7396.5,123.275,545.25
data\raw\siena\PN06\PN06-3.edf,EEG P9,7397.0,123.28333333333333,545.25
data\raw\siena\PN06\PN06-3.edf,EEG P9,7397.5,123.29166666666667,543.75
data\raw\siena\PN06\PN06-3.edf,EEG P9,7398.0,123.3,542.375
data\raw\siena\PN06\PN06-3.edf,EEG P9,7398.5,123.30833333333334,540.375
data\raw\siena\PN06\PN06-3.edf,EEG P9,7399.0,123.31666666666666,547.125
data\raw\siena\PN06\PN06-3.edf,EEG P9,7399.5,123.325,558.0
data\raw\siena\PN06\PN06-3.edf,EEG P9,7400.0,123.33333333333333,552.25
data\raw\siena\PN06\PN06-3.edf,EEG P9,7400.5,123.34166666666667,573.25
data\raw\siena\PN06\PN06-3.edf,EEG P9,7401.0,123.35,573.25
data\raw\siena\PN06\PN06-3.edf,EEG P9,7401.5,123.35833333333333,546.25
data\raw\siena\PN06\PN06-3.edf,EEG P9,7402.0,123.36666666666666,533.125
data\raw\siena\PN06\PN06-3.edf,EEG P9,7402.5,123.375,532.5
data\raw\siena\PN06\PN06-3.edf,EEG P9,7403.0,123.38333333333334,512.125
data\raw\siena\PN06\PN06-3.edf,EEG P9,7403.5,123.39166666666667,553.0
data\raw\siena\PN06\PN06-3.edf,EEG P9,7404.0,123.4,568.625
data\raw\siena\PN06\PN06-3.edf,EEG P9,7404.5,123.40833333333333,581.75
data\raw\siena\PN06\PN06-3.edf,EEG P9,7405.0,123.41666666666667,596.375
data\raw\siena\PN06\PN06-3.edf,EEG P9,7405.5,123.425,605.0
data\raw\siena\PN06\PN06-3.edf,EEG P9,7406.0,123.43333333333334,611.625
data\raw\siena\PN06\PN06-3.edf,EEG P9,7406.5,123.44166666666666,616.375
data\raw\siena\PN06\PN06-3.edf,EEG P9,7407.0,123.45,626.875
data\raw\siena\PN06\PN06-3.edf,EEG P9,7407.5,123.45833333333333,659.125
data\raw\siena\PN06\PN06-3.edf,EEG P9,7408.0,123.46666666666667,644.75
data\raw\siena\PN06\PN06-3.edf,EEG P9,7408.5,123.475,634.75
data\raw\siena\PN06\PN06-3.edf,EEG P9,7409.0,123.48333333333333,638.2499999999999
data\raw\siena\PN06\PN06-3.edf,EEG P9,7409.5,123.49166666666666,644.5
data\raw\siena\PN06\PN06-3.edf,EEG P9,7410.0,123.5,656.25
data\raw\siena\PN06\PN06-3.edf,EEG P9,7410.5,123.50833333333334,643.5
data\raw\siena\PN06\PN06-3.edf,EEG P9,7411.0,123.51666666666667,659.0
data\raw\siena\PN06\PN06-3.edf,EEG P9,7411.5,123.525,659.0
data\raw\siena\PN06\PN06-3.edf,EEG P9,7412.0,123.53333333333333,639.375
data\raw\siena\PN06\PN06-3.edf,EEG P9,7412.5,123.54166666666667,647.25
data\raw\siena\PN06\PN06-3.edf,EEG P9,7413.0,123.55,647.25
data\raw\siena\PN06\PN06-3.edf,EEG P9,7413.5,123.55833333333334,644.625
data\raw\siena\PN06\PN06-3.edf,EEG P9,7414.0,123.56666666666666,667.125
data\raw\siena\PN06\PN06-3.edf,EEG P9,7414.5,123.575,656.625
data\raw\siena\PN06\PN06-3.edf,EEG P9,7415.0,123.58333333333333,650.0
data\raw\siena\PN06\PN06-3.edf,EEG P9,7415.5,123.59166666666667,649.75
data\raw\siena\PN06\PN06-3.edf,EEG P9,7416.0,123.6,659.375
data\raw\siena\PN06\PN06-3.edf,EEG P9,7416.5,123.60833333333333,656.25
data\raw\siena\PN06\PN06-3.edf,EEG P9,7417.0,123.61666666666666,664.875
data\raw\siena\PN06\PN06-3.edf,EEG P9,7417.5,123.625,664.875
data\raw\siena\PN06\PN06-3.edf,EEG P9,7418.0,123.63333333333334,656.5
data\raw\siena\PN06\PN06-3.edf,EEG P9,7418.5,123.64166666666667,665.6249999999999
data\raw\siena\PN06\PN06-3.edf,EEG P9,7419.0,123.65,671.875
data\raw\siena\PN06\PN06-3.edf,EEG P9,7419.5,123.65833333333333,645.25
data\raw\siena\PN06\PN06-3.edf,EEG P9,7420.0,123.66666666666667,623.625
data\raw\siena\PN06\PN06-3.edf,EEG P9,7420.5,123.675,517.0
data\raw\siena\PN06\PN06-3.edf,EEG P9,7421.0,123.68333333333334,517.0
data\raw\siena\PN06\PN06-3.edf,EEG P9,7421.5,123.69166666666666,515.125
data\raw\siena\PN06\PN06-3.edf,EEG P9,7422.0,123.7,510.62499999999994
data\raw\siena\PN06\PN06-3.edf,EEG P9,7422.5,123.70833333333333,502.875
data\raw\siena\PN06\PN06-3.edf,EEG P9,7423.0,123.71666666666667,501.12499999999994
data\raw\siena\PN06\PN06-3.edf,EEG P9,7423.5,123.725,515.625
data\raw\siena\PN06\PN06-3.edf,EEG P9,7424.0,123.73333333333333,521.25
data\raw\siena\PN06\PN06-3.edf,EEG P9,7424.5,123.74166666666666,507.37499999999994
data\raw\siena\PN06\PN06-3.edf,EEG P9,7425.0,123.75,497.375
data\raw\siena\PN06\PN06-3.edf,EEG P9,7425.5,123.75833333333334,500.125
data\raw\siena\PN06\PN06-3.edf,EEG P9,7426.0,123.76666666666667,516.125
data\raw\siena\PN06\PN06-3.edf,EEG P9,7426.5,123.775,507.25
data\raw\siena\PN06\PN06-3.edf,EEG P9,7427.0,123.78333333333333,505.875
data\raw\siena\PN06\PN06-3.edf,EEG P9,7427.5,123.79166666666667,506.25
data\raw\siena\PN06\PN06-3.edf,EEG P9,7428.0,123.8,516.625
data\raw\siena\PN06\PN06-3.edf,EEG P9,7428.5,123.80833333333334,530.6249999999999
data\raw\siena\PN06\PN06-3.edf,EEG P9,7429.0,123.81666666666666,507.875
data\raw\siena\PN06\PN06-3.edf,EEG P9,7429.5,123.825,505.75
data\raw\siena\PN06\PN06-3.edf,EEG P9,7430.0,123.83333333333333,513.0
data\raw\siena\PN06\PN06-3.edf,EEG P9,7430.5,123.84166666666667,515.3749999999999
data\raw\siena\PN06\PN06-3.edf,EEG P9,7431.0,123.85,523.1249999999999
data\raw\siena\PN06\PN06-3.edf,EEG P9,7431.5,123.85833333333333,518.75
data\raw\siena\PN06\PN06-3.edf,EEG P9,7432.0,123.86666666666666,510.875
data\raw\siena\PN06\PN06-3.edf,EEG P9,7432.5,123.875,509.125
data\raw\siena\PN06\PN06-3.edf,EEG P9,7433.0,123.88333333333334,512.25
data\raw\siena\PN06\PN06-3.edf,EEG P9,7433.5,123.89166666666667,507.625
data\raw\siena\PN06\PN06-3.edf,EEG P9,7434.0,123.9,517.125
data\raw\siena\PN06\PN06-3.edf,EEG P9,7434.5,123.90833333333333,509.0
data\raw\siena\PN06\PN06-3.edf,EEG P9,7435.0,123.91666666666667,526.625
data\raw\siena\PN06\PN06-3.edf,EEG P9,7435.5,123.925,526.625
data\raw\siena\PN06\PN06-3.edf,EEG P9,7436.0,123.93333333333334,525.6249999999999
data\raw\siena\PN06\PN06-3.edf,EEG P9,7436.5,123.94166666666666,530.25
data\raw\siena\PN06\PN06-3.edf,EEG P9,7437.0,123.95,518.625
data\raw\siena\PN06\PN06-3.edf,EEG P9,7437.5,123.95833333333333,551.75
data\raw\siena\PN06\PN06-3.edf,EEG P9,7438.0,123.96666666666667,549.25
data\raw\siena\PN06\PN06-3.edf,EEG P9,7438.5,123.975,524.875
data\raw\siena\PN06\PN06-3.edf,EEG P9,7439.0,123.98333333333333,594.875
data\raw\siena\PN06\PN06-3.edf,EEG P9,7439.5,123.99166666666666,594.875
data\raw\siena\PN06\PN06-3.edf,EEG P9,7440.0,124.0,592.75
data\raw\siena\PN06\PN06-3.edf,EEG P9,7440.5,124.00833333333334,618.0
data\raw\siena\PN06\PN06-3.edf,EEG P9,7441.0,124.01666666666667,618.0
data\raw\siena\PN06\PN06-3.edf,EEG P9,7441.5,124.025,614.1249999999999
data\raw\siena\PN06\PN06-3.edf,EEG P9,7442.0,124.03333333333333,635.75
data\raw\siena\PN06\PN06-3.edf,EEG P9,7442.5,124.04166666666667,637.0
data\raw\siena\PN06\PN06-3.edf,EEG P9,7443.0,124.05,648.5
data\raw\siena\PN06\PN06-3.edf,EEG P9,7443.5,124.05833333333334,645.0
data\raw\siena\PN06\PN06-3.edf,EEG P9,7444.0,124.06666666666666,653.75
data\raw\siena\PN06\PN06-3.edf,EEG P9,7444.5,124.075,637.375
data\raw\siena\PN06\PN06-3.edf,EEG P9,7445.0,124.08333333333333,639.0
data\raw\siena\PN06\PN06-3.edf,EEG P9,7445.5,124.09166666666667,646.0
data\raw\siena\PN06\PN06-3.edf,EEG P9,7446.0,124.1,654.25
data\raw\siena\PN06\PN06-3.edf,EEG P9,7446.5,124.10833333333333,654.5
data\raw\siena\PN06\PN06-3.edf,EEG P9,7447.0,124.11666666666666,650.5
data\raw\siena\PN06\PN06-3.edf,EEG P9,7447.5,124.125,645.75
data\raw\siena\PN06\PN06-3.edf,EEG P9,7448.0,124.13333333333334,649.125
data\raw\siena\PN06\PN06-3.edf,EEG P9,7448.5,124.14166666666667,654.875
data\raw\siena\PN06\PN06-3.edf,EEG P9,7449.0,124.15,644.125
data\raw\siena\PN06\PN06-3.edf,EEG P9,7449.5,124.15833333333333,652.75
data\raw\siena\PN06\PN06-3.edf,EEG P9,7450.0,124.16666666666667,650.75
data\raw\siena\PN06\PN06-3.edf,EEG P9,7450.5,124.175,653.125
data\raw\siena\PN06\PN06-3.edf,EEG P9,7451.0,124.18333333333334,657.875
data\raw\siena\PN06\PN06-3.edf,EEG P9,7451.5,124.19166666666666,649.75
data\raw\siena\PN06\PN06-3.edf,EEG P9,7452.0,124.2,662.875
data\raw\siena\PN06\PN06-3.edf,EEG P9,7452.5,124.20833333333333,666.625
data\raw\siena\PN06\PN06-3.edf,EEG P9,7453.0,124.21666666666667,647.625
data\raw\siena\PN06\PN06-3.edf,EEG P9,7453.5,124.225,649.7499999999999
data\raw\siena\PN06\PN06-3.edf,EEG P9,7454.0,124.23333333333333,657.4999999999999
data\raw\siena\PN06\PN06-3.edf,EEG P9,7454.5,124.24166666666666,662.7499999999999
data\raw\siena\PN06\PN06-3.edf,EEG P9,7455.0,124.25,673.125
data\raw\siena\PN06\PN06-3.edf,EEG P9,7455.5,124.25833333333334,653.0
data\raw\siena\PN06\PN06-3.edf,EEG P9,7456.0,124.26666666666667,652.5
data\raw\siena\PN06\PN06-3.edf,EEG P9,7456.5,124.275,658.25
data\raw\siena\PN06\PN06-3.edf,EEG P9,7457.0,124.28333333333333,660.0
data\raw\siena\PN06\PN06-3.edf,EEG P9,7457.5,124.29166666666667,657.75
data\raw\siena\PN06\PN06-3.edf,EEG P9,7458.0,124.3,656.25
data\raw\siena\PN06\PN06-3.edf,EEG P9,7458.5,124.30833333333334,661.875
data\raw\siena\PN06\PN06-3.edf,EEG P9,7459.0,124.31666666666666,672.5
data\raw\siena\PN06\PN06-3.edf,EEG P9,7459.5,124.325,672.5
data\raw\siena\PN06\PN06-3.edf,EEG P9,7460.0,124.33333333333333,663.5
data\raw\siena\PN06\PN06-3.edf,EEG P9,7460.5,124.34166666666667,661.25
data\raw\siena\PN06\PN06-3.edf,EEG P9,7461.0,124.35,656.5
data\raw\siena\PN06\PN06-3.edf,EEG P9,7461.5,124.35833333333333,662.625
data\raw\siena\PN06\PN06-3.edf,EEG P9,7462.0,124.36666666666666,666.875
data\raw\siena\PN06\PN06-3.edf,EEG P9,7462.5,124.375,675.875
data\raw\siena\PN06\PN06-3.edf,EEG P9,7463.0,124.38333333333334,665.5
data\raw\siena\PN06\PN06-3.edf,EEG P9,7463.5,124.39166666666667,671.5
data\raw\siena\PN06\PN06-3.edf,EEG P9,7464.0,124.4,671.5
data\raw\siena\PN06\PN06-3.edf,EEG P9,7464.5,124.40833333333333,666.75
data\raw\siena\PN06\PN06-3.edf,EEG P9,7465.0,124.41666666666667,666.75
data\raw\siena\PN06\PN06-3.edf,EEG P9,7465.5,124.425,672.875
data\raw\siena\PN06\PN06-3.edf,EEG P9,7466.0,124.43333333333334,674.375
data\raw\siena\PN06\PN06-3.edf,EEG P9,7466.5,124.44166666666666,667.375
data\raw\siena\PN06\PN06-3.edf,EEG P9,7467.0,124.45,671.0
data\raw\siena\PN06\PN06-3.edf,EEG P9,7467.5,124.45833333333333,668.25
data\raw\siena\PN06\PN06-3.edf,EEG P9,7468.0,124.46666666666667,686.625
data\raw\siena\PN06\PN06-3.edf,EEG P9,7468.5,124.475,655.875
data\raw\siena\PN06\PN06-3.edf,EEG P9,7469.0,124.48333333333333,660.0
data\raw\siena\PN06\PN06-3.edf,EEG P9,7469.5,124.49166666666666,660.5
data\raw\siena\PN06\PN06-3.edf,EEG P9,7470.0,124.5,657.875
data\raw\siena\PN06\PN06-3.edf,EEG P9,7470.5,124.50833333333334,604.25
data\raw\siena\PN06\PN06-3.edf,EEG P9,7471.0,124.51666666666667,535.375
data\raw\siena\PN06\PN06-3.edf,EEG P9,7471.5,124.525,541.75
data\raw\siena\PN06\PN06-3.edf,EEG P9,7472.0,124.53333333333333,559.875
data\raw\siena\PN06\PN06-3.edf,EEG P9,7472.5,124.54166666666667,559.875
data\raw\siena\PN06\PN06-3.edf,EEG P9,7473.0,124.55,566.875
data\raw\siena\PN06\PN06-3.edf,EEG P9,7473.5,124.55833333333334,578.75
data\raw\siena\PN06\PN06-3.edf,EEG P9,7474.0,124.56666666666666,575.875
data\raw\siena\PN06\PN06-3.edf,EEG P9,7474.5,124.575,551.25
data\raw\siena\PN06\PN06-3.edf,EEG P9,7475.0,124.58333333333333,544.25
data\raw\siena\PN06\PN06-3.edf,EEG P9,7475.5,124.59166666666667,555.375
data\raw\siena\PN06\PN06-3.edf,EEG P9,7476.0,124.6,566.5
data\raw\siena\PN06\PN06-3.edf,EEG P9,7476.5,124.60833333333333,559.75
data\raw\siena\PN06\PN06-3.edf,EEG P9,7477.0,124.61666666666666,558.875
data\raw\siena\PN06\PN06-3.edf,EEG P9,7477.5,124.625,582.7499999999999
data\raw\siena\PN06\PN06-3.edf,EEG P9,7478.0,124.63333333333334,580.875
data\raw\siena\PN06\PN06-3.edf,EEG P9,7478.5,124.64166666666667,584.7499999999999
data\raw\siena\PN06\PN06-3.edf,EEG P9,7479.0,124.65,577.125
data\raw\siena\PN06\PN06-3.edf,EEG P9,7479.5,124.65833333333333,583.875
data\raw\siena\PN06\PN06-3.edf,EEG P9,7480.0,124.66666666666667,568.375
data\raw\siena\PN06\PN06-3.edf,EEG P9,7480.5,124.675,571.125
data\raw\siena\PN06\PN06-3.edf,EEG P9,7481.0,124.68333333333334,615.125
data\raw\siena\PN06\PN06-3.edf,EEG P9,7481.5,124.69166666666666,611.2499999999999
data\raw\siena\PN06\PN06-3.edf,EEG P9,7482.0,124.7,601.75
data\raw\siena\PN06\PN06-3.edf,EEG P9,7482.5,124.70833333333333,575.5
data\raw\siena\PN06\PN06-3.edf,EEG P9,7483.0,124.71666666666667,574.75
data\raw\siena\PN06\PN06-3.edf,EEG P9,7483.5,124.725,581.875
data\raw\siena\PN06\PN06-3.edf,EEG P9,7484.0,124.73333333333333,544.375
data\raw\siena\PN06\PN06-3.edf,EEG P9,7484.5,124.74166666666666,529.125
data\raw\siena\PN06\PN06-3.edf,EEG P9,7485.0,124.75,568.125
data\raw\siena\PN06\PN06-3.edf,EEG P9,7485.5,124.75833333333334,528.25
data\raw\siena\PN06\PN06-3.edf,EEG P9,7486.0,124.76666666666667,526.625
data\raw\siena\PN06\PN06-3.edf,EEG P9,7486.5,124.775,545.875
data\raw\siena\PN06\PN06-3.edf,EEG P9,7487.0,124.78333333333333,544.0
data\raw\siena\PN06\PN06-3.edf,EEG P9,7487.5,124.79166666666667,535.875
data\raw\siena\PN06\PN06-3.edf,EEG P9,7488.0,124.8,550.375
data\raw\siena\PN06\PN06-3.edf,EEG P9,7488.5,124.80833333333334,536.125
data\raw\siena\PN06\PN06-3.edf,EEG P9,7489.0,124.81666666666666,525.25
data\raw\siena\PN06\PN06-3.edf,EEG P9,7489.5,124.825,528.625
data\raw\siena\PN06\PN06-3.edf,EEG P9,7490.0,124.83333333333333,528.375
data\raw\siena\PN06\PN06-3.edf,EEG P9,7490.5,124.84166666666667,545.25
data\raw\siena\PN06\PN06-3.edf,EEG P9,7491.0,124.85,538.375
data\raw\siena\PN06\PN06-3.edf,EEG P9,7491.5,124.85833333333333,525.375
data\raw\siena\PN06\PN06-3.edf,EEG P9,7492.0,124.86666666666666,536.0
data\raw\siena\PN06\PN06-3.edf,EEG P9,7492.5,124.875,528.625
data\raw\siena\PN06\PN06-3.edf,EEG P9,7493.0,124.88333333333334,529.875
data\raw\siena\PN06\PN06-3.edf,EEG P9,7493.5,124.89166666666667,541.875
data\raw\siena\PN06\PN06-3.edf,EEG P9,7494.0,124.9,538.5
data\raw\siena\PN06\PN06-3.edf,EEG P9,7494.5,124.90833333333333,544.25
data\raw\siena\PN06\PN06-3.edf,EEG P9,7495.0,124.91666666666667,541.875
data\raw\siena\PN06\PN06-3.edf,EEG P9,7495.5,124.925,530.25
data\raw\siena\PN06\PN06-3.edf,EEG P9,7496.0,124.93333333333334,528.625
data\raw\siena\PN06\PN06-3.edf,EEG P9,7496.5,124.94166666666666,532.0
data\raw\siena\PN06\PN06-3.edf,EEG P9,7497.0,124.95,531.375
data\raw\siena\PN06\PN06-3.edf,EEG P9,7497.5,124.95833333333333,526.5
data\raw\siena\PN06\PN06-3.edf,EEG P9,7498.0,124.96666666666667,539.375
data\raw\siena\PN06\PN06-3.edf,EEG P9,7498.5,124.975,534.125
data\raw\siena\PN06\PN06-3.edf,EEG P9,7499.0,124.98333333333333,526.5
data\raw\siena\PN06\PN06-3.edf,EEG P9,7499.5,124.99166666666666,533.75
data\raw\siena\PN06\PN06-3.edf,EEG P9,7500.0,125.0,521.25
data\raw\siena\PN06\PN06-3.edf,EEG P9,7500.5,125.00833333333334,520.375
data\raw\siena\PN06\PN06-3.edf,EEG P9,7501.0,125.01666666666667,532.75
data\raw\siena\PN06\PN06-3.edf,EEG P9,7501.5,125.025,544.375
data\raw\siena\PN06\PN06-3.edf,EEG P9,7502.0,125.03333333333333,540.0
data\raw\siena\PN06\PN06-3.edf,EEG P9,7502.5,125.04166666666667,537.75
data\raw\siena\PN06\PN06-3.edf,EEG P9,7503.0,125.05,525.5
data\raw\siena\PN06\PN06-3.edf,EEG P9,7503.5,125.05833333333334,538.875
data\raw\siena\PN06\PN06-3.edf,EEG P9,7504.0,125.06666666666666,529.375
data\raw\siena\PN06\PN06-3.edf,EEG P9,7504.5,125.075,520.25
data\raw\siena\PN06\PN06-3.edf,EEG P9,7505.0,125.08333333333333,524.25
data\raw\siena\PN06\PN06-3.edf,EEG P9,7505.5,125.09166666666667,518.375
data\raw\siena\PN06\PN06-3.edf,EEG P9,7506.0,125.1,518.5
data\raw\siena\PN06\PN06-3.edf,EEG P9,7506.5,125.10833333333333,523.25
data\raw\siena\PN06\PN06-3.edf,EEG P9,7507.0,125.11666666666666,530.625
data\raw\siena\PN06\PN06-3.edf,EEG P9,7507.5,125.125,539.875
data\raw\siena\PN06\PN06-3.edf,EEG P9,7508.0,125.13333333333334,542.75
data\raw\siena\PN06\PN06-3.edf,EEG P9,7508.5,125.14166666666667,534.875
data\raw\siena\PN06\PN06-3.edf,EEG P9,7509.0,125.15,533.375
data\raw\siena\PN06\PN06-3.edf,EEG P9,7509.5,125.15833333333333,558.375
data\raw\siena\PN06\PN06-3.edf,EEG P9,7510.0,125.16666666666667,558.375
data\raw\siena\PN06\PN06-3.edf,EEG P9,7510.5,125.175,556.875
data\raw\siena\PN06\PN06-3.edf,EEG P9,7511.0,125.18333333333334,555.0
data\raw\siena\PN06\PN06-3.edf,EEG P9,7511.5,125.19166666666666,560.875
data\raw\siena\PN06\PN06-3.edf,EEG P9,7512.0,125.2,549.375
data\raw\siena\PN06\PN06-3.edf,EEG P9,7512.5,125.20833333333333,555.75
data\raw\siena\PN06\PN06-3.edf,EEG P9,7513.0,125.21666666666667,555.75
data\raw\siena\PN06\PN06-3.edf,EEG P9,7513.5,125.225,548.0
data\raw\siena\PN06\PN06-3.edf,EEG P9,7514.0,125.23333333333333,548.0
data\raw\siena\PN06\PN06-3.edf,EEG P9,7514.5,125.24166666666666,558.875
data\raw\siena\PN06\PN06-3.edf,EEG P9,7515.0,125.25,558.875
data\raw\siena\PN06\PN06-3.edf,EEG P9,7515.5,125.25833333333334,577.75
data\raw\siena\PN06\PN06-3.edf,EEG P9,7516.0,125.26666666666667,583.0
data\raw\siena\PN06\PN06-3.edf,EEG P9,7516.5,125.275,594.125
data\raw\siena\PN06\PN06-3.edf,EEG P9,7517.0,125.28333333333333,588.0
data\raw\siena\PN06\PN06-3.edf,EEG P9,7517.5,125.29166666666667,578.375
data\raw\siena\PN06\PN06-3.edf,EEG P9,7518.0,125.3,554.875
data\raw\siena\PN06\PN06-3.edf,EEG P9,7518.5,125.30833333333334,557.875
data\raw\siena\PN06\PN06-3.edf,EEG P9,7519.0,125.31666666666666,551.0
data\raw\siena\PN06\PN06-3.edf,EEG P9,7519.5,125.325,547.625
data\raw\siena\PN06\PN06-3.edf,EEG P9,7520.0,125.33333333333333,566.875
data\raw\siena\PN06\PN06-3.edf,EEG P9,7520.5,125.34166666666667,566.25
data\raw\siena\PN06\PN06-3.edf,EEG P9,7521.0,125.35,561.5
data\raw\siena\PN06\PN06-3.edf,EEG P9,7521.5,125.35833333333333,541.125
data\raw\siena\PN06\PN06-3.edf,EEG P9,7522.0,125.36666666666666,547.125
data\raw\siena\PN06\PN06-3.edf,EEG P9,7522.5,125.375,551.5
data\raw\siena\PN06\PN06-3.edf,EEG P9,7523.0,125.38333333333334,566.875
data\raw\siena\PN06\PN06-3.edf,EEG P9,7523.5,125.39166666666667,571.5
data\raw\siena\PN06\PN06-3.edf,EEG P9,7524.0,125.4,556.0
data\raw\siena\PN06\PN06-3.edf,EEG P9,7524.5,125.40833333333333,577.75
data\raw\siena\PN06\PN06-3.edf,EEG P9,7525.0,125.41666666666667,554.0
data\raw\siena\PN06\PN06-3.edf,EEG P9,7525.5,125.425,552.875
data\raw\siena\PN06\PN06-3.edf,EEG P9,7526.0,125.43333333333334,545.75
data\raw\siena\PN06\PN06-3.edf,EEG P9,7526.5,125.44166666666666,543.5
data\raw\siena\PN06\PN06-3.edf,EEG P9,7527.0,125.45,549.75
data\raw\siena\PN06\PN06-3.edf,EEG P9,7527.5,125.45833333333333,555.5
data\raw\siena\PN06\PN06-3.edf,EEG P9,7528.0,125.46666666666667,555.375
data\raw\siena\PN06\PN06-3.edf,EEG P9,7528.5,125.475,561.5
data\raw\siena\PN06\PN06-3.edf,EEG P9,7529.0,125.48333333333333,547.125
data\raw\siena\PN06\PN06-3.edf,EEG P9,7529.5,125.49166666666666,561.5
data\raw\siena\PN06\PN06-3.edf,EEG P9,7530.0,125.5,562.0
data\raw\siena\PN06\PN06-3.edf,EEG P9,7530.5,125.50833333333334,548.5
data\raw\siena\PN06\PN06-3.edf,EEG P9,7531.0,125.51666666666667,557.125
data\raw\siena\PN06\PN06-3.edf,EEG P9,7531.5,125.525,554.5
data\raw\siena\PN06\PN06-3.edf,EEG P9,7532.0,125.53333333333333,550.0
data\raw\siena\PN06\PN06-3.edf,EEG P9,7532.5,125.54166666666667,572.125
data\raw\siena\PN06\PN06-3.edf,EEG P9,7533.0,125.55,560.375
data\raw\siena\PN06\PN06-3.edf,EEG P9,7533.5,125.55833333333334,607.9999999999999
data\raw\siena\PN06\PN06-3.edf,EEG P9,7534.0,125.56666666666666,636.125
data\raw\siena\PN06\PN06-3.edf,EEG P9,7534.5,125.575,574.125
data\raw\siena\PN06\PN06-3.edf,EEG P9,7535.0,125.58333333333333,619.875
data\raw\siena\PN06\PN06-3.edf,EEG P9,7535.5,125.59166666666667,592.25
data\raw\siena\PN06\PN06-3.edf,EEG P9,7536.0,125.6,567.375
data\raw\siena\PN06\PN06-3.edf,EEG P9,7536.5,125.60833333333333,567.375
data\raw\siena\PN06\PN06-3.edf,EEG P9,7537.0,125.61666666666666,586.75
data\raw\siena\PN06\PN06-3.edf,EEG P9,7537.5,125.625,574.625
data\raw\siena\PN06\PN06-3.edf,EEG P9,7538.0,125.63333333333334,572.875
data\raw\siena\PN06\PN06-3.edf,EEG P9,7538.5,125.64166666666667,558.375
data\raw\siena\PN06\PN06-3.edf,EEG P9,7539.0,125.65,554.5
data\raw\siena\PN06\PN06-3.edf,EEG P9,7539.5,125.65833333333333,562.5
data\raw\siena\PN06\PN06-3.edf,EEG P9,7540.0,125.66666666666667,568.375
data\raw\siena\PN06\PN06-3.edf,EEG P9,7540.5,125.675,777.125
data\raw\siena\PN06\PN06-3.edf,EEG P9,7541.0,125.68333333333334,800.25
data\raw\siena\PN06\PN06-3.edf,EEG P9,7541.5,125.69166666666666,808.5
data\raw\siena\PN06\PN06-3.edf,EEG P9,7542.0,125.7,561.375
data\raw\siena\PN06\PN06-3.edf,EEG P9,7542.5,125.70833333333333,558.375
data\raw\siena\PN06\PN06-3.edf,EEG P9,7543.0,125.71666666666667,544.375
data\raw\siena\PN06\PN06-3.edf,EEG P9,7543.5,125.725,544.375
data\raw\siena\PN06\PN06-3.edf,EEG P9,7544.0,125.73333333333333,539.75
data\raw\siena\PN06\PN06-3.edf,EEG P9,7544.5,125.74166666666666,542.625
data\raw\siena\PN06\PN06-3.edf,EEG P9,7545.0,125.75,530.1249999999999
data\raw\siena\PN06\PN06-3.edf,EEG P9,7545.5,125.75833333333334,530.8749999999999
data\raw\siena\PN06\PN06-3.edf,EEG P9,7546.0,125.76666666666667,526.5
data\raw\siena\PN06\PN06-3.edf,EEG P9,7546.5,125.775,551.2499999999999
data\raw\siena\PN06\PN06-3.edf,EEG P9,7547.0,125.78333333333333,551.125
data\raw\siena\PN06\PN06-3.edf,EEG P9,7547.5,125.79166666666667,542.25
data\raw\siena\PN06\PN06-3.edf,EEG P9,7548.0,125.8,552.5
data\raw\siena\PN06\PN06-3.edf,EEG P9,7548.5,125.80833333333334,549.25
data\raw\siena\PN06\PN06-3.edf,EEG P9,7549.0,125.81666666666666,547.875
data\raw\siena\PN06\PN06-3.edf,EEG P9,7549.5,125.825,551.25
data\raw\siena\PN06\PN06-3.edf,EEG P9,7550.0,125.83333333333333,551.25
data\raw\siena\PN06\PN06-3.edf,EEG P9,7550.5,125.84166666666667,546.875
data\raw\siena\PN06\PN06-3.edf,EEG P9,7551.0,125.85,570.75
data\raw\siena\PN06\PN06-3.edf,EEG P9,7551.5,125.85833333333333,563.25
data\raw\siena\PN06\PN06-3.edf,EEG P9,7552.0,125.86666666666666,655.25
data\raw\siena\PN06\PN06-3.edf,EEG P9,7552.5,125.875,694.6249999999999
data\raw\siena\PN06\PN06-3.edf,EEG P9,7553.0,125.88333333333334,556.25
data\raw\siena\PN06\PN06-3.edf,EEG P9,7553.5,125.89166666666667,578.375
data\raw\siena\PN06\PN06-3.edf,EEG P9,7554.0,125.9,613.375
data\raw\siena\PN06\PN06-3.edf,EEG P9,7554.5,125.90833333333333,604.0
data\raw\siena\PN06\PN06-3.edf,EEG P9,7555.0,125.91666666666667,574.625
data\raw\siena\PN06\PN06-3.edf,EEG P9,7555.5,125.925,540.375
data\raw\siena\PN06\PN06-3.edf,EEG P9,7556.0,125.93333333333334,545.875
data\raw\siena\PN06\PN06-3.edf,EEG P9,7556.5,125.94166666666666,562.25
data\raw\siena\PN06\PN06-3.edf,EEG P9,7557.0,125.95,541.5
data\raw\siena\PN06\PN06-3.edf,EEG P9,7557.5,125.95833333333333,545.375
data\raw\siena\PN06\PN06-3.edf,EEG P9,7558.0,125.96666666666667,546.625
data\raw\siena\PN06\PN06-3.edf,EEG P9,7558.5,125.975,541.75
data\raw\siena\PN06\PN06-3.edf,EEG P9,7559.0,125.98333333333333,556.875
data\raw\siena\PN06\PN06-3.edf,EEG P9,7559.5,125.99166666666666,563.625
data\raw\siena\PN06\PN06-3.edf,EEG P9,7560.0,126.0,551.5
data\raw\siena\PN06\PN06-3.edf,EEG P9,7560.5,126.00833333333334,551.5
data\raw\siena\PN06\PN06-3.edf,EEG P9,7561.0,126.01666666666667,549.875
data\raw\siena\PN06\PN06-3.edf,EEG P9,7561.5,126.025,546.0
data\raw\siena\PN06\PN06-3.edf,EEG P9,7562.0,126.03333333333333,548.25
data\raw\siena\PN06\PN06-3.edf,EEG P9,7562.5,126.04166666666667,551.75
data\raw\siena\PN06\PN06-3.edf,EEG P9,7563.0,126.05,551.75
data\raw\siena\PN06\PN06-3.edf,EEG P9,7563.5,126.05833333333334,536.25
data\raw\siena\PN06\PN06-3.edf,EEG P9,7564.0,126.06666666666666,539.75
data\raw\siena\PN06\PN06-3.edf,EEG P9,7564.5,126.075,547.0
data\raw\siena\PN06\PN06-3.edf,EEG P9,7565.0,126.08333333333333,547.0
data\raw\siena\PN06\PN06-3.edf,EEG P9,7565.5,126.09166666666667,535.5
data\raw\siena\PN06\PN06-3.edf,EEG P9,7566.0,126.1,554.4999999999999
data\raw\siena\PN06\PN06-3.edf,EEG P9,7566.5,126.10833333333333,544.875
data\raw\siena\PN06\PN06-3.edf,EEG P9,7567.0,126.11666666666666,537.75
data\raw\siena\PN06\PN06-3.edf,EEG P9,7567.5,126.125,545.5
data\raw\siena\PN06\PN06-3.edf,EEG P9,7568.0,126.13333333333334,546.5
data\raw\siena\PN06\PN06-3.edf,EEG P9,7568.5,126.14166666666667,533.375
data\raw\siena\PN06\PN06-3.edf,EEG P9,7569.0,126.15,542.625
data\raw\siena\PN06\PN06-3.edf,EEG P9,7569.5,126.15833333333333,542.625
data\raw\siena\PN06\PN06-3.edf,EEG P9,7570.0,126.16666666666667,547.375
data\raw\siena\PN06\PN06-3.edf,EEG P9,7570.5,126.175,544.125
data\raw\siena\PN06\PN06-3.edf,EEG P9,7571.0,126.18333333333334,560.625
data\raw\siena\PN06\PN06-3.edf,EEG P9,7571.5,126.19166666666666,563.5
data\raw\siena\PN06\PN06-3.edf,EEG P9,7572.0,126.2,549.125
data\raw\siena\PN06\PN06-3.edf,EEG P9,7572.5,126.20833333333333,543.25
data\raw\siena\PN06\PN06-3.edf,EEG P9,7573.0,126.21666666666667,543.25
data\raw\siena\PN06\PN06-3.edf,EEG P9,7573.5,126.225,532.625
data\raw\siena\PN06\PN06-3.edf,EEG P9,7574.0,126.23333333333333,555.375
data\raw\siena\PN06\PN06-3.edf,EEG P9,7574.5,126.24166666666666,559.0
data\raw\siena\PN06\PN06-3.edf,EEG P9,7575.0,126.25,547.75
data\raw\siena\PN06\PN06-3.edf,EEG P9,7575.5,126.25833333333334,537.0
data\raw\siena\PN06\PN06-3.edf,EEG P9,7576.0,126.26666666666667,549.875
data\raw\siena\PN06\PN06-3.edf,EEG P9,7576.5,126.275,545.5
data\raw\siena\PN06\PN06-3.edf,EEG P9,7577.0,126.28333333333333,547.125
data\raw\siena\PN06\PN06-3.edf,EEG P9,7577.5,126.29166666666667,545.625
data\raw\siena\PN06\PN06-3.edf,EEG P9,7578.0,126.3,553.875
data\raw\siena\PN06\PN06-3.edf,EEG P9,7578.5,126.30833333333334,557.0
data\raw\siena\PN06\PN06-3.edf,EEG P9,7579.0,126.31666666666666,549.5
data\raw\siena\PN06\PN06-3.edf,EEG P9,7579.5,126.325,557.7499999999999
data\raw\siena\PN06\PN06-3.edf,EEG P9,7580.0,126.33333333333333,550.125
data\raw\siena\PN06\PN06-3.edf,EEG P9,7580.5,126.34166666666667,554.625
data\raw\siena\PN06\PN06-3.edf,EEG P9,7581.0,126.35,574.125
data\raw\siena\PN06\PN06-3.edf,EEG P9,7581.5,126.35833333333333,574.125
data\raw\siena\PN06\PN06-3.edf,EEG P9,7582.0,126.36666666666666,542.0
data\raw\siena\PN06\PN06-3.edf,EEG P9,7582.5,126.375,538.5
data\raw\siena\PN06\PN06-3.edf,EEG P9,7583.0,126.38333333333334,539.5
data\raw\siena\PN06\PN06-3.edf,EEG P9,7583.5,126.39166666666667,552.25
data\raw\siena\PN06\PN06-3.edf,EEG P9,7584.0,126.4,553.375
data\raw\siena\PN06\PN06-3.edf,EEG P9,7584.5,126.40833333333333,543.5
data\raw\siena\PN06\PN06-3.edf,EEG P9,7585.0,126.41666666666667,550.0
data\raw\siena\PN06\PN06-3.edf,EEG P9,7585.5,126.425,551.25
data\raw\siena\PN06\PN06-3.edf,EEG P9,7586.0,126.43333333333334,562.625
data\raw\siena\PN06\PN06-3.edf,EEG P9,7586.5,126.44166666666666,549.25
data\raw\siena\PN06\PN06-3.edf,EEG P9,7587.0,126.45,551.125
data\raw\siena\PN06\PN06-3.edf,EEG P9,7587.5,126.45833333333333,543.125
data\raw\siena\PN06\PN06-3.edf,EEG P9,7588.0,126.46666666666667,544.5
data\raw\siena\PN06\PN06-3.edf,EEG P9,7588.5,126.475,543.75
data\raw\siena\PN06\PN06-3.edf,EEG P9,7589.0,126.48333333333333,551.75
data\raw\siena\PN06\PN06-3.edf,EEG P9,7589.5,126.49166666666666,548.25
data\raw\siena\PN06\PN06-3.edf,EEG P9,7590.0,126.5,561.125
data\raw\siena\PN06\PN06-3.edf,EEG P9,7590.5,126.50833333333334,561.125
data\raw\siena\PN06\PN06-3.edf,EEG P9,7591.0,126.51666666666667,541.0
data\raw\siena\PN06\PN06-3.edf,EEG P9,7591.5,126.525,538.125
data\raw\siena\PN06\PN06-3.edf,EEG P9,7592.0,126.53333333333333,549.25
data\raw\siena\PN06\PN06-3.edf,EEG P9,7592.5,126.54166666666667,553.25
data\raw\siena\PN06\PN06-3.edf,EEG P9,7593.0,126.55,563.125
data\raw\siena\PN06\PN06-3.edf,EEG P9,7593.5,126.55833333333334,559.25
data\raw\siena\PN06\PN06-3.edf,EEG P9,7594.0,126.56666666666666,559.25
data\raw\siena\PN06\PN06-3.edf,EEG P9,7594.5,126.575,552.625
data\raw\siena\PN06\PN06-3.edf,EEG P9,7595.0,126.58333333333333,542.25
data\raw\siena\PN06\PN06-3.edf,EEG P9,7595.5,126.59166666666667,545.75
data\raw\siena\PN06\PN06-3.edf,EEG P9,7596.0,126.6,562.0
data\raw\siena\PN06\PN06-3.edf,EEG P9,7596.5,126.60833333333333,562.0
data\raw\siena\PN06\PN06-3.edf,EEG P9,7597.0,126.61666666666666,567.375
data\raw\siena\PN06\PN06-3.edf,EEG P9,7597.5,126.625,560.0
data\raw\siena\PN06\PN06-3.edf,EEG P9,7598.0,126.63333333333334,557.375
data\raw\siena\PN06\PN06-3.edf,EEG P9,7598.5,126.64166666666667,557.0
data\raw\siena\PN06\PN06-3.edf,EEG P9,7599.0,126.65,558.125
data\raw\siena\PN06\PN06-3.edf,EEG P9,7599.5,126.65833333333333,546.5
data\raw\siena\PN06\PN06-3.edf,EEG P9,7600.0,126.66666666666667,540.625
data\raw\siena\PN06\PN06-3.edf,EEG P9,7600.5,126.675,550.0
data\raw\siena\PN06\PN06-3.edf,EEG P9,7601.0,126.68333333333334,549.75
data\raw\siena\PN06\PN06-3.edf,EEG P9,7601.5,126.69166666666666,558.25
data\raw\siena\PN06\PN06-3.edf,EEG P9,7602.0,126.7,561.875
data\raw\siena\PN06\PN06-3.edf,EEG P9,7602.5,126.70833333333333,560.375
data\raw\siena\PN06\PN06-3.edf,EEG P9,7603.0,126.71666666666667,546.25
data\raw\siena\PN06\PN06-3.edf,EEG P9,7603.5,126.725,557.125
data\raw\siena\PN06\PN06-3.edf,EEG P9,7604.0,126.73333333333333,557.125
data\raw\siena\PN06\PN06-3.edf,EEG P9,7604.5,126.74166666666666,540.75
data\raw\siena\PN06\PN06-3.edf,EEG P9,7605.0,126.75,540.75
data\raw\siena\PN06\PN06-3.edf,EEG P9,7605.5,126.75833333333334,541.0
data\raw\siena\PN06\PN06-3.edf,EEG P9,7606.0,126.76666666666667,545.75
data\raw\siena\PN06\PN06-3.edf,EEG P9,7606.5,126.775,552.375
data\raw\siena\PN06\PN06-3.edf,EEG P9,7607.0,126.78333333333333,546.3749999999999
data\raw\siena\PN06\PN06-3.edf,EEG P9,7607.5,126.79166666666667,559.125
data\raw\siena\PN06\PN06-3.edf,EEG P9,7608.0,126.8,548.75
data\raw\siena\PN06\PN06-3.edf,EEG P9,7608.5,126.80833333333334,551.5
data\raw\siena\PN06\PN06-3.edf,EEG P9,7609.0,126.81666666666666,555.25
data\raw\siena\PN06\PN06-3.edf,EEG P9,7609.5,126.825,556.0
data\raw\siena\PN06\PN06-3.edf,EEG P9,7610.0,126.83333333333333,548.625
data\raw\siena\PN06\PN06-3.edf,EEG P9,7610.5,126.84166666666667,545.75
data\raw\siena\PN06\PN06-3.edf,EEG P9,7611.0,126.85,549.875
data\raw\siena\PN06\PN06-3.edf,EEG P9,7611.5,126.85833333333333,553.875
data\raw\siena\PN06\PN06-3.edf,EEG P9,7612.0,126.86666666666666,553.125
data\raw\siena\PN06\PN06-3.edf,EEG P9,7612.5,126.875,554.0
data\raw\siena\PN06\PN06-3.edf,EEG P9,7613.0,126.88333333333334,557.25
data\raw\siena\PN06\PN06-3.edf,EEG P9,7613.5,126.89166666666667,554.625
data\raw\siena\PN06\PN06-3.edf,EEG P9,7614.0,126.9,543.375
data\raw\siena\PN06\PN06-3.edf,EEG P9,7614.5,126.90833333333333,548.625
data\raw\siena\PN06\PN06-3.edf,EEG P9,7615.0,126.91666666666667,547.6249999999999
data\raw\siena\PN06\PN06-3.edf,EEG P9,7615.5,126.925,553.875
data\raw\siena\PN06\PN06-3.edf,EEG P9,7616.0,126.93333333333334,546.75
data\raw\siena\PN06\PN06-3.edf,EEG P9,7616.5,126.94166666666666,546.375
data\raw\siena\PN06\PN06-3.edf,EEG P9,7617.0,126.95,556.25
data\raw\siena\PN06\PN06-3.edf,EEG P9,7617.5,126.95833333333333,556.0
data\raw\siena\PN06\PN06-3.edf,EEG P9,7618.0,126.96666666666667,555.375
data\raw\siena\PN06\PN06-3.edf,EEG P9,7618.5,126.975,557.625
data\raw\siena\PN06\PN06-3.edf,EEG P9,7619.0,126.98333333333333,557.875
data\raw\siena\PN06\PN06-3.edf,EEG P9,7619.5,126.99166666666666,561.5
data\raw\siena\PN06\PN06-3.edf,EEG P9,7620.0,127.0,563.75
data\raw\siena\PN06\PN06-3.edf,EEG P9,7620.5,127.00833333333334,563.75
data\raw\siena\PN06\PN06-3.edf,EEG P9,7621.0,127.01666666666667,565.375
data\raw\siena\PN06\PN06-3.edf,EEG P9,7621.5,127.025,556.875
data\raw\siena\PN06\PN06-3.edf,EEG P9,7622.0,127.03333333333333,564.625
data\raw\siena\PN06\PN06-3.edf,EEG P9,7622.5,127.04166666666667,568.5
data\raw\siena\PN06\PN06-3.edf,EEG P9,7623.0,127.05,565.125
data\raw\siena\PN06\PN06-3.edf,EEG P9,7623.5,127.05833333333334,542.875
data\raw\siena\PN06\PN06-3.edf,EEG P9,7624.0,127.06666666666666,540.125
data\raw\siena\PN06\PN06-3.edf,EEG P9,7624.5,127.075,534.375
data\raw\siena\PN06\PN06-3.edf,EEG P9,7625.0,127.08333333333333,553.125
data\raw\siena\PN06\PN06-3.edf,EEG P9,7625.5,127.09166666666667,559.625
data\raw\siena\PN06\PN06-3.edf,EEG P9,7626.0,127.1,555.125
data\raw\siena\PN06\PN06-3.edf,EEG P9,7626.5,127.10833333333333,545.75
data\raw\siena\PN06\PN06-3.edf,EEG P9,7627.0,127.11666666666666,537.875
data\raw\siena\PN06\PN06-3.edf,EEG P9,7627.5,127.125,544.375
data\raw\siena\PN06\PN06-3.edf,EEG P9,7628.0,127.13333333333334,559.5
data\raw\siena\PN06\PN06-3.edf,EEG P9,7628.5,127.14166666666667,557.875
data\raw\siena\PN06\PN06-3.edf,EEG P9,7629.0,127.15,558.0
data\raw\siena\PN06\PN06-3.edf,EEG P9,7629.5,127.15833333333333,555.125
data\raw\siena\PN06\PN06-3.edf,EEG P9,7630.0,127.16666666666667,542.75
data\raw\siena\PN06\PN06-3.edf,EEG P9,7630.5,127.175,550.125
data\raw\siena\PN06\PN06-3.edf,EEG P9,7631.0,127.18333333333334,547.25
data\raw\siena\PN06\PN06-3.edf,EEG P9,7631.5,127.19166666666666,551.75
data\raw\siena\PN06\PN06-3.edf,EEG P9,7632.0,127.2,561.125
data\raw\siena\PN06\PN06-3.edf,EEG P9,7632.5,127.20833333333333,550.8749999999999
data\raw\siena\PN06\PN06-3.edf,EEG P9,7633.0,127.21666666666667,546.3749999999999
data\raw\siena\PN06\PN06-3.edf,EEG P9,7633.5,127.225,555.75
data\raw\siena\PN06\PN06-3.edf,EEG P9,7634.0,127.23333333333333,552.125
data\raw\siena\PN06\PN06-3.edf,EEG P9,7634.5,127.24166666666666,546.875
data\raw\siena\PN06\PN06-3.edf,EEG P9,7635.0,127.25,542.25
data\raw\siena\PN06\PN06-3.edf,EEG P9,7635.5,127.25833333333334,544.75
data\raw\siena\PN06\PN06-3.edf,EEG P9,7636.0,127.26666666666667,551.25
data\raw\siena\PN06\PN06-3.edf,EEG P9,7636.5,127.275,547.125
data\raw\siena\PN06\PN06-3.edf,EEG P9,7637.0,127.28333333333333,543.375
data\raw\siena\PN06\PN06-3.edf,EEG P9,7637.5,127.29166666666667,556.375
data\raw\siena\PN06\PN06-3.edf,EEG P9,7638.0,127.3,556.75
data\raw\siena\PN06\PN06-3.edf,EEG P9,7638.5,127.30833333333334,551.375
data\raw\siena\PN06\PN06-3.edf,EEG P9,7639.0,127.31666666666666,549.875
data\raw\siena\PN06\PN06-3.edf,EEG P9,7639.5,127.325,544.5
data\raw\siena\PN06\PN06-3.edf,EEG P9,7640.0,127.33333333333333,540.625
data\raw\siena\PN06\PN06-3.edf,EEG P9,7640.5,127.34166666666667,551.625
data\raw\siena\PN06\PN06-3.edf,EEG P9,7641.0,127.35,551.625
data\raw\siena\PN06\PN06-3.edf,EEG P9,7641.5,127.35833333333333,556.125
data\raw\siena\PN06\PN06-3.edf,EEG P9,7642.0,127.36666666666666,556.125
data\raw\siena\PN06\PN06-3.edf,EEG P9,7642.5,127.375,550.0
data\raw\siena\PN06\PN06-3.edf,EEG P9,7643.0,127.38333333333334,561.5
data\raw\siena\PN06\PN06-3.edf,EEG P9,7643.5,127.39166666666667,552.0
data\raw\siena\PN06\PN06-3.edf,EEG P9,7644.0,127.4,551.125
data\raw\siena\PN06\PN06-3.edf,EEG P9,7644.5,127.40833333333333,555.75
data\raw\siena\PN06\PN06-3.edf,EEG P9,7645.0,127.41666666666667,550.125
data\raw\siena\PN06\PN06-3.edf,EEG P9,7645.5,127.425,550.125
data\raw\siena\PN06\PN06-3.edf,EEG P9,7646.0,127.43333333333334,571.125
data\raw\siena\PN06\PN06-3.edf,EEG P9,7646.5,127.44166666666666,575.0
data\raw\siena\PN06\PN06-3.edf,EEG P9,7647.0,127.45,566.25
data\raw\siena\PN06\PN06-3.edf,EEG P9,7647.5,127.45833333333333,549.625
data\raw\siena\PN06\PN06-3.edf,EEG P9,7648.0,127.46666666666667,539.375
data\raw\siena\PN06\PN06-3.edf,EEG P9,7648.5,127.475,569.75
data\raw\siena\PN06\PN06-3.edf,EEG P9,7649.0,127.48333333333333,554.125
data\raw\siena\PN06\PN06-3.edf,EEG P9,7649.5,127.49166666666666,558.375
data\raw\siena\PN06\PN06-3.edf,EEG P9,7650.0,127.5,547.375
data\raw\siena\PN06\PN06-3.edf,EEG P9,7650.5,127.50833333333334,558.0
data\raw\siena\PN06\PN06-3.edf,EEG P9,7651.0,127.51666666666667,552.0
data\raw\siena\PN06\PN06-3.edf,EEG P9,7651.5,127.525,549.9999999999999
data\raw\siena\PN06\PN06-3.edf,EEG P9,7652.0,127.53333333333333,547.875
data\raw\siena\PN06\PN06-3.edf,EEG P9,7652.5,127.54166666666667,559.625
data\raw\siena\PN06\PN06-3.edf,EEG P9,7653.0,127.55,557.5
data\raw\siena\PN06\PN06-3.edf,EEG P9,7653.5,127.55833333333334,561.75
data\raw\siena\PN06\PN06-3.edf,EEG P9,7654.0,127.56666666666666,559.875
data\raw\siena\PN06\PN06-3.edf,EEG P9,7654.5,127.575,554.875
data\raw\siena\PN06\PN06-3.edf,EEG P9,7655.0,127.58333333333333,543.375
data\raw\siena\PN06\PN06-3.edf,EEG P9,7655.5,127.59166666666667,556.25
data\raw\siena\PN06\PN06-3.edf,EEG P9,7656.0,127.6,567.875
data\raw\siena\PN06\PN06-3.edf,EEG P9,7656.5,127.60833333333333,567.875
data\raw\siena\PN06\PN06-3.edf,EEG P9,7657.0,127.61666666666666,566.875
data\raw\siena\PN06\PN06-3.edf,EEG P9,7657.5,127.625,574.25
data\raw\siena\PN06\PN06-3.edf,EEG P9,7658.0,127.63333333333334,577.375
data\raw\siena\PN06\PN06-3.edf,EEG P9,7658.5,127.64166666666667,586.25
data\raw\siena\PN06\PN06-3.edf,EEG P9,7659.0,127.65,591.875
data\raw\siena\PN06\PN06-3.edf,EEG P9,7659.5,127.65833333333333,576.875
data\raw\siena\PN06\PN06-3.edf,EEG P9,7660.0,127.66666666666667,574.125
data\raw\siena\PN06\PN06-3.edf,EEG P9,7660.5,127.675,579.125
data\raw\siena\PN06\PN06-3.edf,EEG P9,7661.0,127.68333333333334,576.375
data\raw\siena\PN06\PN06-3.edf,EEG P9,7661.5,127.69166666666666,572.375
data\raw\siena\PN06\PN06-3.edf,EEG P9,7662.0,127.7,577.875
data\raw\siena\PN06\PN06-3.edf,EEG P9,7662.5,127.70833333333333,574.75
data\raw\siena\PN06\PN06-3.edf,EEG P9,7663.0,127.71666666666667,578.25
data\raw\siena\PN06\PN06-3.edf,EEG P9,7663.5,127.725,570.625
data\raw\siena\PN06\PN06-3.edf,EEG P9,7664.0,127.73333333333333,570.125
data\raw\siena\PN06\PN06-3.edf,EEG P9,7664.5,127.74166666666666,576.75
data\raw\siena\PN06\PN06-3.edf,EEG P9,7665.0,127.75,566.3749999999999
data\raw\siena\PN06\PN06-3.edf,EEG P9,7665.5,127.75833333333334,572.875
data\raw\siena\PN06\PN06-3.edf,EEG P9,7666.0,127.76666666666667,573.25
data\raw\siena\PN06\PN06-3.edf,EEG P9,7666.5,127.775,573.25
data\raw\siena\PN06\PN06-3.edf,EEG P9,7667.0,127.78333333333333,579.25
data\raw\siena\PN06\PN06-3.edf,EEG P9,7667.5,127.79166666666667,580.5
data\raw\siena\PN06\PN06-3.edf,EEG P9,7668.0,127.8,577.25
data\raw\siena\PN06\PN06-3.edf,EEG P9,7668.5,127.80833333333334,572.125
data\raw\siena\PN06\PN06-3.edf,EEG P9,7669.0,127.81666666666666,576.5
data\raw\siena\PN06\PN06-3.edf,EEG P9,7669.5,127.825,582.125
data\raw\siena\PN06\PN06-3.edf,EEG P9,7670.0,127.83333333333333,571.75
data\raw\siena\PN06\PN06-3.edf,EEG P9,7670.5,127.84166666666667,563.75
data\raw\siena\PN06\PN06-3.edf,EEG P9,7671.0,127.85,578.9999999999999
data\raw\siena\PN06\PN06-3.edf,EEG P9,7671.5,127.85833333333333,578.9999999999999
data\raw\siena\PN06\PN06-3.edf,EEG P9,7672.0,127.86666666666666,577.0
data\raw\siena\PN06\PN06-3.edf,EEG P9,7672.5,127.875,588.0
data\raw\siena\PN06\PN06-3.edf,EEG P9,7673.0,127.88333333333334,576.375
data\raw\siena\PN06\PN06-3.edf,EEG P9,7673.5,127.89166666666667,571.75
data\raw\siena\PN06\PN06-3.edf,EEG P9,7674.0,127.9,577.125
data\raw\siena\PN06\PN06-3.edf,EEG P9,7674.5,127.90833333333333,582.7499999999999
data\raw\siena\PN06\PN06-3.edf,EEG P9,7675.0,127.91666666666667,588.5
data\raw\siena\PN06\PN06-3.edf,EEG P9,7675.5,127.925,593.125
data\raw\siena\PN06\PN06-3.edf,EEG P9,7676.0,127.93333333333334,588.0
data\raw\siena\PN06\PN06-3.edf,EEG P9,7676.5,127.94166666666666,573.3749999999999
data\raw\siena\PN06\PN06-3.edf,EEG P9,7677.0,127.95,576.5
data\raw\siena\PN06\PN06-3.edf,EEG P9,7677.5,127.95833333333333,579.5
data\raw\siena\PN06\PN06-3.edf,EEG P9,7678.0,127.96666666666667,576.25
data\raw\siena\PN06\PN06-3.edf,EEG P9,7678.5,127.975,594.375
data\raw\siena\PN06\PN06-3.edf,EEG P9,7679.0,127.98333333333333,589.0
data\raw\siena\PN06\PN06-3.edf,EEG P9,7679.5,127.99166666666666,613.5
data\raw\siena\PN06\PN06-3.edf,EEG P9,7680.0,128.0,602.75
data\raw\siena\PN06\PN06-3.edf,EEG P9,7680.5,128.00833333333333,585.875
data\raw\siena\PN06\PN06-3.edf,EEG P9,7681.0,128.01666666666668,607.75
data\raw\siena\PN06\PN06-3.edf,EEG P9,7681.5,128.025,602.5
data\raw\siena\PN06\PN06-3.edf,EEG P9,7682.0,128.03333333333333,602.75
data\raw\siena\PN06\PN06-3.edf,EEG P9,7682.5,128.04166666666666,532.25
data\raw\siena\PN06\PN06-3.edf,EEG P9,7683.0,128.05,553.125
data\raw\siena\PN06\PN06-3.edf,EEG P9,7683.5,128.05833333333334,561.125
data\raw\siena\PN06\PN06-3.edf,EEG P9,7684.0,128.06666666666666,533.125
data\raw\siena\PN06\PN06-3.edf,EEG P9,7684.5,128.075,544.6249999999999
data\raw\siena\PN06\PN06-3.edf,EEG P9,7685.0,128.08333333333334,567.7499999999999
data\raw\siena\PN06\PN06-3.edf,EEG P9,7685.5,128.09166666666667,552.4999999999999
data\raw\siena\PN06\PN06-3.edf,EEG P9,7686.0,128.1,553.25
data\raw\siena\PN06\PN06-3.edf,EEG P9,7686.5,128.10833333333332,553.25
data\raw\siena\PN06\PN06-3.edf,EEG P9,7687.0,128.11666666666667,544.75
data\raw\siena\PN06\PN06-3.edf,EEG P9,7687.5,128.125,544.75
data\raw\siena\PN06\PN06-3.edf,EEG P9,7688.0,128.13333333333333,539.5
data\raw\siena\PN06\PN06-3.edf,EEG P9,7688.5,128.14166666666668,536.1249999999999
data\raw\siena\PN06\PN06-3.edf,EEG P9,7689.0,128.15,539.75
data\raw\siena\PN06\PN06-3.edf,EEG P9,7689.5,128.15833333333333,536.125
data\raw\siena\PN06\PN06-3.edf,EEG P9,7690.0,128.16666666666666,537.875
data\raw\siena\PN06\PN06-3.edf,EEG P9,7690.5,128.175,532.75
data\raw\siena\PN06\PN06-3.edf,EEG P9,7691.0,128.18333333333334,529.2499999999999
data\raw\siena\PN06\PN06-3.edf,EEG P9,7691.5,128.19166666666666,529.5
data\raw\siena\PN06\PN06-3.edf,EEG P9,7692.0,128.2,528.5
data\raw\siena\PN06\PN06-3.edf,EEG P9,7692.5,128.20833333333334,536.875
data\raw\siena\PN06\PN06-3.edf,EEG P9,7693.0,128.21666666666667,543.75
data\raw\siena\PN06\PN06-3.edf,EEG P9,7693.5,128.225,558.5
data\raw\siena\PN06\PN06-3.edf,EEG P9,7694.0,128.23333333333332,558.5
data\raw\siena\PN06\PN06-3.edf,EEG P9,7694.5,128.24166666666667,565.625
data\raw\siena\PN06\PN06-3.edf,EEG P9,7695.0,128.25,559.5
data\raw\siena\PN06\PN06-3.edf,EEG P9,7695.5,128.25833333333333,560.875
data\raw\siena\PN06\PN06-3.edf,EEG P9,7696.0,128.26666666666668,553.25
data\raw\siena\PN06\PN06-3.edf,EEG P9,7696.5,128.275,561.125
data\raw\siena\PN06\PN06-3.edf,EEG P9,7697.0,128.28333333333333,560.0
data\raw\siena\PN06\PN06-3.edf,EEG P9,7697.5,128.29166666666666,559.0
data\raw\siena\PN06\PN06-3.edf,EEG P9,7698.0,128.3,552.5
data\raw\siena\PN06\PN06-3.edf,EEG P9,7698.5,128.30833333333334,569.5
data\raw\siena\PN06\PN06-3.edf,EEG P9,7699.0,128.31666666666666,587.25
data\raw\siena\PN06\PN06-3.edf,EEG P9,7699.5,128.325,577.375
data\raw\siena\PN06\PN06-3.edf,EEG P9,7700.0,128.33333333333334,573.625
data\raw\siena\PN06\PN06-3.edf,EEG P9,7700.5,128.34166666666667,564.125
data\raw\siena\PN06\PN06-3.edf,EEG P9,7701.0,128.35,553.125
data\raw\siena\PN06\PN06-3.edf,EEG P9,7701.5,128.35833333333332,556.25
data\raw\siena\PN06\PN06-3.edf,EEG P9,7702.0,128.36666666666667,581.625
data\raw\siena\PN06\PN06-3.edf,EEG P9,7702.5,128.375,591.0
data\raw\siena\PN06\PN06-3.edf,EEG P9,7703.0,128.38333333333333,582.375
data\raw\siena\PN06\PN06-3.edf,EEG P9,7703.5,128.39166666666668,571.5
data\raw\siena\PN06\PN06-3.edf,EEG P9,7704.0,128.4,584.0
data\raw\siena\PN06\PN06-3.edf,EEG P9,7704.5,128.40833333333333,576.0
data\raw\siena\PN06\PN06-3.edf,EEG P9,7705.0,128.41666666666666,565.875
data\raw\siena\PN06\PN06-3.edf,EEG P9,7705.5,128.425,567.375
data\raw\siena\PN06\PN06-3.edf,EEG P9,7706.0,128.43333333333334,557.125
data\raw\siena\PN06\PN06-3.edf,EEG P9,7706.5,128.44166666666666,576.5
data\raw\siena\PN06\PN06-3.edf,EEG P9,7707.0,128.45,565.875
data\raw\siena\PN06\PN06-3.edf,EEG P9,7707.5,128.45833333333334,581.25
data\raw\siena\PN06\PN06-3.edf,EEG P9,7708.0,128.46666666666667,578.5
data\raw\siena\PN06\PN06-3.edf,EEG P9,7708.5,128.475,559.25
data\raw\siena\PN06\PN06-3.edf,EEG P9,7709.0,128.48333333333332,549.625
data\raw\siena\PN06\PN06-3.edf,EEG P9,7709.5,128.49166666666667,530.0
data\raw\siena\PN06\PN06-3.edf,EEG P9,7710.0,128.5,544.625
data\raw\siena\PN06\PN06-3.edf,EEG P9,7710.5,128.50833333333333,538.5
data\raw\siena\PN06\PN06-3.edf,EEG P9,7711.0,128.51666666666668,547.5
data\raw\siena\PN06\PN06-3.edf,EEG P9,7711.5,128.525,541.375
data\raw\siena\PN06\PN06-3.edf,EEG P9,7712.0,128.53333333333333,534.25
data\raw\siena\PN06\PN06-3.edf,EEG P9,7712.5,128.54166666666666,537.625
data\raw\siena\PN06\PN06-3.edf,EEG P9,7713.0,128.55,533.75
data\raw\siena\PN06\PN06-3.edf,EEG P9,7713.5,128.55833333333334,547.125
data\raw\siena\PN06\PN06-3.edf,EEG P9,7714.0,128.56666666666666,538.75
data\raw\siena\PN06\PN06-3.edf,EEG P9,7714.5,128.575,532.0
data\raw\siena\PN06\PN06-3.edf,EEG P9,7715.0,128.58333333333334,532.5
data\raw\siena\PN06\PN06-3.edf,EEG P9,7715.5,128.59166666666667,541.625
data\raw\siena\PN06\PN06-3.edf,EEG P9,7716.0,128.6,541.5
data\raw\siena\PN06\PN06-3.edf,EEG P9,7716.5,128.60833333333332,539.875
data\raw\siena\PN06\PN06-3.edf,EEG P9,7717.0,128.61666666666667,537.5
data\raw\siena\PN06\PN06-3.edf,EEG P9,7717.5,128.625,548.75
data\raw\siena\PN06\PN06-3.edf,EEG P9,7718.0,128.63333333333333,546.625
data\raw\siena\PN06\PN06-3.edf,EEG P9,7718.5,128.64166666666668,541.0
data\raw\siena\PN06\PN06-3.edf,EEG P9,7719.0,128.65,525.5
data\raw\siena\PN06\PN06-3.edf,EEG P9,7719.5,128.65833333333333,531.875
data\raw\siena\PN06\PN06-3.edf,EEG P9,7720.0,128.66666666666666,535.875
data\raw\siena\PN06\PN06-3.edf,EEG P9,7720.5,128.675,543.0
data\raw\siena\PN06\PN06-3.edf,EEG P9,7721.0,128.68333333333334,564.75
data\raw\siena\PN06\PN06-3.edf,EEG P9,7721.5,128.69166666666666,565.0
data\raw\siena\PN06\PN06-3.edf,EEG P9,7722.0,128.7,555.0
data\raw\siena\PN06\PN06-3.edf,EEG P9,7722.5,128.70833333333334,554.375
data\raw\siena\PN06\PN06-3.edf,EEG P9,7723.0,128.71666666666667,560.625
data\raw\siena\PN06\PN06-3.edf,EEG P9,7723.5,128.725,548.875
data\raw\siena\PN06\PN06-3.edf,EEG P9,7724.0,128.73333333333332,543.875
data\raw\siena\PN06\PN06-3.edf,EEG P9,7724.5,128.74166666666667,546.5
data\raw\siena\PN06\PN06-3.edf,EEG P9,7725.0,128.75,567.25
data\raw\siena\PN06\PN06-3.edf,EEG P9,7725.5,128.75833333333333,531.375
data\raw\siena\PN06\PN06-3.edf,EEG P9,7726.0,128.76666666666668,530.25
data\raw\siena\PN06\PN06-3.edf,EEG P9,7726.5,128.775,530.25
data\raw\siena\PN06\PN06-3.edf,EEG P9,7727.0,128.78333333333333,526.5
data\raw\siena\PN06\PN06-3.edf,EEG P9,7727.5,128.79166666666666,524.375
data\raw\siena\PN06\PN06-3.edf,EEG P9,7728.0,128.8,533.625
data\raw\siena\PN06\PN06-3.edf,EEG P9,7728.5,128.80833333333334,535.625
data\raw\siena\PN06\PN06-3.edf,EEG P9,7729.0,128.81666666666666,540.625
data\raw\siena\PN06\PN06-3.edf,EEG P9,7729.5,128.825,545.5
data\raw\siena\PN06\PN06-3.edf,EEG P9,7730.0,128.83333333333334,538.875
data\raw\siena\PN06\PN06-3.edf,EEG P9,7730.5,128.84166666666667,528.125
data\raw\siena\PN06\PN06-3.edf,EEG P9,7731.0,128.85,528.625
data\raw\siena\PN06\PN06-3.edf,EEG P9,7731.5,128.85833333333332,523.5
data\raw\siena\PN06\PN06-3.edf,EEG P9,7732.0,128.86666666666667,517.375
data\raw\siena\PN06\PN06-3.edf,EEG P9,7732.5,128.875,493.62499999999994
data\raw\siena\PN06\PN06-3.edf,EEG P9,7733.0,128.88333333333333,493.62499999999994
data\raw\siena\PN06\PN06-3.edf,EEG P9,7733.5,128.89166666666668,536.5
data\raw\siena\PN06\PN06-3.edf,EEG P9,7734.0,128.9,544.0
data\raw\siena\PN06\PN06-3.edf,EEG P9,7734.5,128.90833333333333,535.625
data\raw\siena\PN06\PN06-3.edf,EEG P9,7735.0,128.91666666666666,539.375
data\raw\siena\PN06\PN06-3.edf,EEG P9,7735.5,128.925,535.25
data\raw\siena\PN06\PN06-3.edf,EEG P9,7736.0,128.93333333333334,539.75
data\raw\siena\PN06\PN06-3.edf,EEG P9,7736.5,128.94166666666666,557.625
data\raw\siena\PN06\PN06-3.edf,EEG P9,7737.0,128.95,551.875
data\raw\siena\PN06\PN06-3.edf,EEG P9,7737.5,128.95833333333334,545.5
data\raw\siena\PN06\PN06-3.edf,EEG P9,7738.0,128.96666666666667,546.25
data\raw\siena\PN06\PN06-3.edf,EEG P9,7738.5,128.975,555.375
data\raw\siena\PN06\PN06-3.edf,EEG P9,7739.0,128.98333333333332,557.625
data\raw\siena\PN06\PN06-3.edf,EEG P9,7739.5,128.99166666666667,556.9999999999999
data\raw\siena\PN06\PN06-3.edf,EEG P9,7740.0,129.0,555.75
data\raw\siena\PN06\PN06-3.edf,EEG P9,7740.5,129.00833333333333,566.5
data\raw\siena\PN06\PN06-3.edf,EEG P9,7741.0,129.01666666666668,562.25
data\raw\siena\PN06\PN06-3.edf,EEG P9,7741.5,129.025,565.375
data\raw\siena\PN06\PN06-3.edf,EEG P9,7742.0,129.03333333333333,566.875
data\raw\siena\PN06\PN06-3.edf,EEG P9,7742.5,129.04166666666666,550.0
data\raw\siena\PN06\PN06-3.edf,EEG P9,7743.0,129.05,549.0
data\raw\siena\PN06\PN06-3.edf,EEG P9,7743.5,129.05833333333334,558.75
data\raw\siena\PN06\PN06-3.edf,EEG P9,7744.0,129.06666666666666,569.625
data\raw\siena\PN06\PN06-3.edf,EEG P9,7744.5,129.075,563.4999999999999
data\raw\siena\PN06\PN06-3.edf,EEG P9,7745.0,129.08333333333334,566.625
data\raw\siena\PN06\PN06-3.edf,EEG P9,7745.5,129.09166666666667,562.125
data\raw\siena\PN06\PN06-3.edf,EEG P9,7746.0,129.1,556.6249999999999
data\raw\siena\PN06\PN06-3.edf,EEG P9,7746.5,129.10833333333332,563.0
data\raw\siena\PN06\PN06-3.edf,EEG P9,7747.0,129.11666666666667,555.875
data\raw\siena\PN06\PN06-3.edf,EEG P9,7747.5,129.125,562.625
data\raw\siena\PN06\PN06-3.edf,EEG P9,7748.0,129.13333333333333,562.625
data\raw\siena\PN06\PN06-3.edf,EEG P9,7748.5,129.14166666666668,577.25
data\raw\siena\PN06\PN06-3.edf,EEG P9,7749.0,129.15,570.25
data\raw\siena\PN06\PN06-3.edf,EEG P9,7749.5,129.15833333333333,554.875
data\raw\siena\PN06\PN06-3.edf,EEG P9,7750.0,129.16666666666666,554.375
data\raw\siena\PN06\PN06-3.edf,EEG P9,7750.5,129.175,557.3749999999999
data\raw\siena\PN06\PN06-3.edf,EEG P9,7751.0,129.18333333333334,552.25
data\raw\siena\PN06\PN06-3.edf,EEG P9,7751.5,129.19166666666666,559.75
data\raw\siena\PN06\PN06-3.edf,EEG P9,7752.0,129.2,558.875
data\raw\siena\PN06\PN06-3.edf,EEG P9,7752.5,129.20833333333334,559.625
data\raw\siena\PN06\PN06-3.edf,EEG P9,7753.0,129.21666666666667,563.4999999999999
data\raw\siena\PN06\PN06-3.edf,EEG P9,7753.5,129.225,561.75
data\raw\siena\PN06\PN06-3.edf,EEG P9,7754.0,129.23333333333332,561.375
data\raw\siena\PN06\PN06-3.edf,EEG P9,7754.5,129.24166666666667,561.375
data\raw\siena\PN06\PN06-3.edf,EEG P9,7755.0,129.25,558.875
data\raw\siena\PN06\PN06-3.edf,EEG P9,7755.5,129.25833333333333,559.25
data\raw\siena\PN06\PN06-3.edf,EEG P9,7756.0,129.26666666666668,558.25
data\raw\siena\PN06\PN06-3.edf,EEG P9,7756.5,129.275,560.25
data\raw\siena\PN06\PN06-3.edf,EEG P9,7757.0,129.28333333333333,560.375
data\raw\siena\PN06\PN06-3.edf,EEG P9,7757.5,129.29166666666666,548.625
data\raw\siena\PN06\PN06-3.edf,EEG P9,7758.0,129.3,556.875
data\raw\siena\PN06\PN06-3.edf,EEG P9,7758.5,129.30833333333334,553.75
data\raw\siena\PN06\PN06-3.edf,EEG P9,7759.0,129.31666666666666,549.0
data\raw\siena\PN06\PN06-3.edf,EEG P9,7759.5,129.325,552.75
data\raw\siena\PN06\PN06-3.edf,EEG P9,7760.0,129.33333333333334,531.25
data\raw\siena\PN06\PN06-3.edf,EEG P9,7760.5,129.34166666666667,503.625
data\raw\siena\PN06\PN06-3.edf,EEG P9,7761.0,129.35,526.5
data\raw\siena\PN06\PN06-3.edf,EEG P9,7761.5,129.35833333333332,528.375
data\raw\siena\PN06\PN06-3.edf,EEG P9,7762.0,129.36666666666667,519.375
data\raw\siena\PN06\PN06-3.edf,EEG P9,7762.5,129.375,517.875
data\raw\siena\PN06\PN06-3.edf,EEG P9,7763.0,129.38333333333333,526.25
data\raw\siena\PN06\PN06-3.edf,EEG P9,7763.5,129.39166666666668,512.375
data\raw\siena\PN06\PN06-3.edf,EEG P9,7764.0,129.4,521.875
data\raw\siena\PN06\PN06-3.edf,EEG P9,7764.5,129.40833333333333,515.375
data\raw\siena\PN06\PN06-3.edf,EEG P9,7765.0,129.41666666666666,519.875
data\raw\siena\PN06\PN06-3.edf,EEG P9,7765.5,129.425,514.375
data\raw\siena\PN06\PN06-3.edf,EEG P9,7766.0,129.43333333333334,516.75
data\raw\siena\PN06\PN06-3.edf,EEG P9,7766.5,129.44166666666666,519.375
data\raw\siena\PN06\PN06-3.edf,EEG P9,7767.0,129.45,520.0
data\raw\siena\PN06\PN06-3.edf,EEG P9,7767.5,129.45833333333334,517.125
data\raw\siena\PN06\PN06-3.edf,EEG P9,7768.0,129.46666666666667,531.375
data\raw\siena\PN06\PN06-3.edf,EEG P9,7768.5,129.475,518.75
data\raw\siena\PN06\PN06-3.edf,EEG P9,7769.0,129.48333333333332,517.25
data\raw\siena\PN06\PN06-3.edf,EEG P9,7769.5,129.49166666666667,522.625
data\raw\siena\PN06\PN06-3.edf,EEG P9,7770.0,129.5,517.875
data\raw\siena\PN06\PN06-3.edf,EEG P9,7770.5,129.50833333333333,517.875
data\raw\siena\PN06\PN06-3.edf,EEG P9,7771.0,129.51666666666668,510.25
data\raw\siena\PN06\PN06-3.edf,EEG P9,7771.5,129.525,523.625
data\raw\siena\PN06\PN06-3.edf,EEG P9,7772.0,129.53333333333333,523.625
data\raw\siena\PN06\PN06-3.edf,EEG P9,7772.5,129.54166666666666,522.375
data\raw\siena\PN06\PN06-3.edf,EEG P9,7773.0,129.55,541.5
data\raw\siena\PN06\PN06-3.edf,EEG P9,7773.5,129.55833333333334,541.625
data\raw\siena\PN06\PN06-3.edf,EEG P9,7774.0,129.56666666666666,537.25
data\raw\siena\PN06\PN06-3.edf,EEG P9,7774.5,129.575,537.25
data\raw\siena\PN06\PN06-3.edf,EEG P9,7775.0,129.58333333333334,542.25
data\raw\siena\PN06\PN06-3.edf,EEG P9,7775.5,129.59166666666667,553.375
data\raw\siena\PN06\PN06-3.edf,EEG P9,7776.0,129.6,548.25
data\raw\siena\PN06\PN06-3.edf,EEG P9,7776.5,129.60833333333332,546.5
data\raw\siena\PN06\PN06-3.edf,EEG P9,7777.0,129.61666666666667,550.375
data\raw\siena\PN06\PN06-3.edf,EEG P9,7777.5,129.625,565.25
data\raw\siena\PN06\PN06-3.edf,EEG P9,7778.0,129.63333333333333,559.75
data\raw\siena\PN06\PN06-3.edf,EEG P9,7778.5,129.64166666666668,548.5
data\raw\siena\PN06\PN06-3.edf,EEG P9,7779.0,129.65,542.0
data\raw\siena\PN06\PN06-3.edf,EEG P9,7779.5,129.65833333333333,542.0
data\raw\siena\PN06\PN06-3.edf,EEG P9,7780.0,129.66666666666666,532.0
data\raw\siena\PN06\PN06-3.edf,EEG P9,7780.5,129.675,509.375
data\raw\siena\PN06\PN06-3.edf,EEG P9,7781.0,129.68333333333334,507.125
data\raw\siena\PN06\PN06-3.edf,EEG P9,7781.5,129.69166666666666,533.25
data\raw\siena\PN06\PN06-3.edf,EEG P9,7782.0,129.7,542.0
data\raw\siena\PN06\PN06-3.edf,EEG P9,7782.5,129.70833333333334,533.0
data\raw\siena\PN06\PN06-3.edf,EEG P9,7783.0,129.71666666666667,523.125
data\raw\siena\PN06\PN06-3.edf,EEG P9,7783.5,129.725,530.25
data\raw\siena\PN06\PN06-3.edf,EEG P9,7784.0,129.73333333333332,545.125
data\raw\siena\PN06\PN06-3.edf,EEG P9,7784.5,129.74166666666667,545.375
data\raw\siena\PN06\PN06-3.edf,EEG P9,7785.0,129.75,532.875
data\raw\siena\PN06\PN06-3.edf,EEG P9,7785.5,129.75833333333333,543.625
data\raw\siena\PN06\PN06-3.edf,EEG P9,7786.0,129.76666666666668,538.125
data\raw\siena\PN06\PN06-3.edf,EEG P9,7786.5,129.775,559.8749999999999
data\raw\siena\PN06\PN06-3.edf,EEG P9,7787.0,129.78333333333333,555.625
data\raw\siena\PN06\PN06-3.edf,EEG P9,7787.5,129.79166666666666,555.625
data\raw\siena\PN06\PN06-3.edf,EEG P9,7788.0,129.8,533.0
data\raw\siena\PN06\PN06-3.edf,EEG P9,7788.5,129.80833333333334,550.5
data\raw\siena\PN06\PN06-3.edf,EEG P9,7789.0,129.81666666666666,552.0
data\raw\siena\PN06\PN06-3.edf,EEG P9,7789.5,129.825,538.75
data\raw\siena\PN06\PN06-3.edf,EEG P9,7790.0,129.83333333333334,542.5
data\raw\siena\PN06\PN06-3.edf,EEG P9,7790.5,129.84166666666667,541.375
data\raw\siena\PN06\PN06-3.edf,EEG P9,7791.0,129.85,552.75
data\raw\siena\PN06\PN06-3.edf,EEG P9,7791.5,129.85833333333332,553.75
data\raw\siena\PN06\PN06-3.edf,EEG P9,7792.0,129.86666666666667,545.75
data\raw\siena\PN06\PN06-3.edf,EEG P9,7792.5,129.875,541.875
data\raw\siena\PN06\PN06-3.edf,EEG P9,7793.0,129.88333333333333,537.875
data\raw\siena\PN06\PN06-3.edf,EEG P9,7793.5,129.89166666666668,554.625
data\raw\siena\PN06\PN06-3.edf,EEG P9,7794.0,129.9,554.625
data\raw\siena\PN06\PN06-3.edf,EEG P9,7794.5,129.90833333333333,550.0
data\raw\siena\PN06\PN06-3.edf,EEG P9,7795.0,129.91666666666666,543.125
data\raw\siena\PN06\PN06-3.edf,EEG P9,7795.5,129.925,547.0
data\raw\siena\PN06\PN06-3.edf,EEG P9,7796.0,129.93333333333334,553.375
data\raw\siena\PN06\PN06-3.edf,EEG P9,7796.5,129.94166666666666,546.625
data\raw\siena\PN06\PN06-3.edf,EEG P9,7797.0,129.95,550.375
data\raw\siena\PN06\PN06-3.edf,EEG P9,7797.5,129.95833333333334,555.0
data\raw\siena\PN06\PN06-3.edf,EEG P9,7798.0,129.96666666666667,552.75
data\raw\siena\PN06\PN06-3.edf,EEG P9,7798.5,129.975,558.125
data\raw\siena\PN06\PN06-3.edf,EEG P9,7799.0,129.98333333333332,553.375
data\raw\siena\PN06\PN06-3.edf,EEG P9,7799.5,129.99166666666667,554.75
data\raw\siena\PN06\PN06-3.edf,EEG P9,7800.0,130.0,555.0
data\raw\siena\PN06\PN06-3.edf,EEG P9,7800.5,130.00833333333333,559.375
data\raw\siena\PN06\PN06-3.edf,EEG P9,7801.0,130.01666666666668,569.25
data\raw\siena\PN06\PN06-3.edf,EEG P9,7801.5,130.025,569.25
data\raw\siena\PN06\PN06-3.edf,EEG P9,7802.0,130.03333333333333,547.875
data\raw\siena\PN06\PN06-3.edf,EEG P9,7802.5,130.04166666666666,557.875
data\raw\siena\PN06\PN06-3.edf,EEG P9,7803.0,130.05,557.875
data\raw\siena\PN06\PN06-3.edf,EEG P9,7803.5,130.05833333333334,561.625
data\raw\siena\PN06\PN06-3.edf,EEG P9,7804.0,130.06666666666666,567.875
data\raw\siena\PN06\PN06-3.edf,EEG P9,7804.5,130.075,547.375
data\raw\siena\PN06\PN06-3.edf,EEG P9,7805.0,130.08333333333334,557.25
data\raw\siena\PN06\PN06-3.edf,EEG P9,7805.5,130.09166666666667,557.25
data\raw\siena\PN06\PN06-3.edf,EEG P9,7806.0,130.1,556.625
data\raw\siena\PN06\PN06-3.edf,EEG P9,7806.5,130.10833333333332,554.0
data\raw\siena\PN06\PN06-3.edf,EEG P9,7807.0,130.11666666666667,515.0
data\raw\siena\PN06\PN06-3.edf,EEG P9,7807.5,130.125,513.625
data\raw\siena\PN06\PN06-3.edf,EEG P9,7808.0,130.13333333333333,521.5
data\raw\siena\PN06\PN06-3.edf,EEG P9,7808.5,130.14166666666668,523.125
data\raw\siena\PN06\PN06-3.edf,EEG P9,7809.0,130.15,523.0
data\raw\siena\PN06\PN06-3.edf,EEG P9,7809.5,130.15833333333333,526.75
data\raw\siena\PN06\PN06-3.edf,EEG P9,7810.0,130.16666666666666,532.875
data\raw\siena\PN06\PN06-3.edf,EEG P9,7810.5,130.175,531.75
data\raw\siena\PN06\PN06-3.edf,EEG P9,7811.0,130.18333333333334,530.5
data\raw\siena\PN06\PN06-3.edf,EEG P9,7811.5,130.19166666666666,530.5
data\raw\siena\PN06\PN06-3.edf,EEG P9,7812.0,130.2,532.75
data\raw\siena\PN06\PN06-3.edf,EEG P9,7812.5,130.20833333333334,524.5
data\raw\siena\PN06\PN06-3.edf,EEG P9,7813.0,130.21666666666667,527.75
data\raw\siena\PN06\PN06-3.edf,EEG P9,7813.5,130.225,529.75
data\raw\siena\PN06\PN06-3.edf,EEG P9,7814.0,130.23333333333332,525.125
data\raw\siena\PN06\PN06-3.edf,EEG P9,7814.5,130.24166666666667,519.75
data\raw\siena\PN06\PN06-3.edf,EEG P9,7815.0,130.25,531.75
data\raw\siena\PN06\PN06-3.edf,EEG P9,7815.5,130.25833333333333,517.125
data\raw\siena\PN06\PN06-3.edf,EEG P9,7816.0,130.26666666666668,530.0
data\raw\siena\PN06\PN06-3.edf,EEG P9,7816.5,130.275,525.0
data\raw\siena\PN06\PN06-3.edf,EEG P9,7817.0,130.28333333333333,531.0
data\raw\siena\PN06\PN06-3.edf,EEG P9,7817.5,130.29166666666666,526.0
data\raw\siena\PN06\PN06-3.edf,EEG P9,7818.0,130.3,532.125
data\raw\siena\PN06\PN06-3.edf,EEG P9,7818.5,130.30833333333334,533.75
data\raw\siena\PN06\PN06-3.edf,EEG P9,7819.0,130.31666666666666,556.375
data\raw\siena\PN06\PN06-3.edf,EEG P9,7819.5,130.325,537.5
data\raw\siena\PN06\PN06-3.edf,EEG P9,7820.0,130.33333333333334,536.625
data\raw\siena\PN06\PN06-3.edf,EEG P9,7820.5,130.34166666666667,528.0
data\raw\siena\PN06\PN06-3.edf,EEG P9,7821.0,130.35,521.0
data\raw\siena\PN06\PN06-3.edf,EEG P9,7821.5,130.35833333333332,531.125
data\raw\siena\PN06\PN06-3.edf,EEG P9,7822.0,130.36666666666667,530.8749999999999
data\raw\siena\PN06\PN06-3.edf,EEG P9,7822.5,130.375,548.625
data\raw\siena\PN06\PN06-3.edf,EEG P9,7823.0,130.38333333333333,539.875
data\raw\siena\PN06\PN06-3.edf,EEG P9,7823.5,130.39166666666668,534.0
data\raw\siena\PN06\PN06-3.edf,EEG P9,7824.0,130.4,535.125
data\raw\siena\PN06\PN06-3.edf,EEG P9,7824.5,130.40833333333333,531.875
data\raw\siena\PN06\PN06-3.edf,EEG P9,7825.0,130.41666666666666,523.25
data\raw\siena\PN06\PN06-3.edf,EEG P9,7825.5,130.425,518.9999999999999
data\raw\siena\PN06\PN06-3.edf,EEG P9,7826.0,130.43333333333334,525.1249999999999
data\raw\siena\PN06\PN06-3.edf,EEG P9,7826.5,130.44166666666666,531.25
data\raw\siena\PN06\PN06-3.edf,EEG P9,7827.0,130.45,541.875
data\raw\siena\PN06\PN06-3.edf,EEG P9,7827.5,130.45833333333334,536.125
data\raw\siena\PN06\PN06-3.edf,EEG P9,7828.0,130.46666666666667,535.0
data\raw\siena\PN06\PN06-3.edf,EEG P9,7828.5,130.475,535.75
data\raw\siena\PN06\PN06-3.edf,EEG P9,7829.0,130.48333333333332,541.25
data\raw\siena\PN06\PN06-3.edf,EEG P9,7829.5,130.49166666666667,528.25
data\raw\siena\PN06\PN06-3.edf,EEG P9,7830.0,130.5,529.125
data\raw\siena\PN06\PN06-3.edf,EEG P9,7830.5,130.50833333333333,522.625
data\raw\siena\PN06\PN06-3.edf,EEG P9,7831.0,130.51666666666668,546.625
data\raw\siena\PN06\PN06-3.edf,EEG P9,7831.5,130.525,561.5
data\raw\siena\PN06\PN06-3.edf,EEG P9,7832.0,130.53333333333333,540.125
data\raw\siena\PN06\PN06-3.edf,EEG P9,7832.5,130.54166666666666,540.5
data\raw\siena\PN06\PN06-3.edf,EEG P9,7833.0,130.55,525.5
data\raw\siena\PN06\PN06-3.edf,EEG P9,7833.5,130.55833333333334,532.5
data\raw\siena\PN06\PN06-3.edf,EEG P9,7834.0,130.56666666666666,540.375
data\raw\siena\PN06\PN06-3.edf,EEG P9,7834.5,130.575,547.0
data\raw\siena\PN06\PN06-3.edf,EEG P9,7835.0,130.58333333333334,547.375
data\raw\siena\PN06\PN06-3.edf,EEG P9,7835.5,130.59166666666667,546.375
data\raw\siena\PN06\PN06-3.edf,EEG P9,7836.0,130.6,534.875
data\raw\siena\PN06\PN06-3.edf,EEG P9,7836.5,130.60833333333332,541.375
data\raw\siena\PN06\PN06-3.edf,EEG P9,7837.0,130.61666666666667,547.875
data\raw\siena\PN06\PN06-3.edf,EEG P9,7837.5,130.625,534.75
data\raw\siena\PN06\PN06-3.edf,EEG P9,7838.0,130.63333333333333,533.875
data\raw\siena\PN06\PN06-3.edf,EEG P9,7838.5,130.64166666666668,529.0
data\raw\siena\PN06\PN06-3.edf,EEG P9,7839.0,130.65,525.25
data\raw\siena\PN06\PN06-3.edf,EEG P9,7839.5,130.65833333333333,528.875
data\raw\siena\PN06\PN06-3.edf,EEG P9,7840.0,130.66666666666666,520.25
data\raw\siena\PN06\PN06-3.edf,EEG P9,7840.5,130.675,527.875
data\raw\siena\PN06\PN06-3.edf,EEG P9,7841.0,130.68333333333334,541.375
data\raw\siena\PN06\PN06-3.edf,EEG P9,7841.5,130.69166666666666,539.0
data\raw\siena\PN06\PN06-3.edf,EEG P9,7842.0,130.7,557.125
data\raw\siena\PN06\PN06-3.edf,EEG P9,7842.5,130.70833333333334,565.125
data\raw\siena\PN06\PN06-3.edf,EEG P9,7843.0,130.71666666666667,567.0
data\raw\siena\PN06\PN06-3.edf,EEG P9,7843.5,130.725,554.375
data\raw\siena\PN06\PN06-3.edf,EEG P9,7844.0,130.73333333333332,556.75
data\raw\siena\PN06\PN06-3.edf,EEG P9,7844.5,130.74166666666667,559.5
data\raw\siena\PN06\PN06-3.edf,EEG P9,7845.0,130.75,569.0
data\raw\siena\PN06\PN06-3.edf,EEG P9,7845.5,130.75833333333333,570.125
data\raw\siena\PN06\PN06-3.edf,EEG P9,7846.0,130.76666666666668,576.625
data\raw\siena\PN06\PN06-3.edf,EEG P9,7846.5,130.775,565.25
data\raw\siena\PN06\PN06-3.edf,EEG P9,7847.0,130.78333333333333,568.875
data\raw\siena\PN06\PN06-3.edf,EEG P9,7847.5,130.79166666666666,571.5
data\raw\siena\PN06\PN06-3.edf,EEG P9,7848.0,130.8,560.125
data\raw\siena\PN06\PN06-3.edf,EEG P9,7848.5,130.80833333333334,559.25
data\raw\siena\PN06\PN06-3.edf,EEG P9,7849.0,130.81666666666666,551.875
data\raw\siena\PN06\PN06-3.edf,EEG P9,7849.5,130.825,527.9999999999999
data\raw\siena\PN06\PN06-3.edf,EEG P9,7850.0,130.83333333333334,519.25
data\raw\siena\PN06\PN06-3.edf,EEG P9,7850.5,130.84166666666667,526.375
data\raw\siena\PN06\PN06-3.edf,EEG P9,7851.0,130.85,526.625
data\raw\siena\PN06\PN06-3.edf,EEG P9,7851.5,130.85833333333332,543.25
data\raw\siena\PN06\PN06-3.edf,EEG P9,7852.0,130.86666666666667,558.125
data\raw\siena\PN06\PN06-3.edf,EEG P9,7852.5,130.875,561.25
data\raw\siena\PN06\PN06-3.edf,EEG P9,7853.0,130.88333333333333,558.375
data\raw\siena\PN06\PN06-3.edf,EEG P9,7853.5,130.89166666666668,539.875
data\raw\siena\PN06\PN06-3.edf,EEG P9,7854.0,130.9,533.625
data\raw\siena\PN06\PN06-3.edf,EEG P9,7854.5,130.90833333333333,532.9999999999999
data\raw\siena\PN06\PN06-3.edf,EEG P9,7855.0,130.91666666666666,537.8749999999999
data\raw\siena\PN06\PN06-3.edf,EEG P9,7855.5,130.925,535.8749999999999
data\raw\siena\PN06\PN06-3.edf,EEG P9,7856.0,130.93333333333334,542.125
data\raw\siena\PN06\PN06-3.edf,EEG P9,7856.5,130.94166666666666,538.125
data\raw\siena\PN06\PN06-3.edf,EEG P9,7857.0,130.95,535.875
data\raw\siena\PN06\PN06-3.edf,EEG P9,7857.5,130.95833333333334,533.625
data\raw\siena\PN06\PN06-3.edf,EEG P9,7858.0,130.96666666666667,538.375
data\raw\siena\PN06\PN06-3.edf,EEG P9,7858.5,130.975,544.625
data\raw\siena\PN06\PN06-3.edf,EEG P9,7859.0,130.98333333333332,536.875
data\raw\siena\PN06\PN06-3.edf,EEG P9,7859.5,130.99166666666667,532.625
data\raw\siena\PN06\PN06-3.edf,EEG P9,7860.0,131.0,549.25
data\raw\siena\PN06\PN06-3.edf,EEG P9,7860.5,131.00833333333333,543.125
data\raw\siena\PN06\PN06-3.edf,EEG P9,7861.0,131.01666666666668,542.375
data\raw\siena\PN06\PN06-3.edf,EEG P9,7861.5,131.025,533.25
data\raw\siena\PN06\PN06-3.edf,EEG P9,7862.0,131.03333333333333,530.125
data\raw\siena\PN06\PN06-3.edf,EEG P9,7862.5,131.04166666666666,548.5
data\raw\siena\PN06\PN06-3.edf,EEG P9,7863.0,131.05,537.125
data\raw\siena\PN06\PN06-3.edf,EEG P9,7863.5,131.05833333333334,528.75
data\raw\siena\PN06\PN06-3.edf,EEG P9,7864.0,131.06666666666666,537.375
data\raw\siena\PN06\PN06-3.edf,EEG P9,7864.5,131.075,543.75
data\raw\siena\PN06\PN06-3.edf,EEG P9,7865.0,131.08333333333334,589.625
data\raw\siena\PN06\PN06-3.edf,EEG P9,7865.5,131.09166666666667,562.9999999999999
data\raw\siena\PN06\PN06-3.edf,EEG P9,7866.0,131.1,579.625
data\raw\siena\PN06\PN06-3.edf,EEG P9,7866.5,131.10833333333332,590.5
data\raw\siena\PN06\PN06-3.edf,EEG P9,7867.0,131.11666666666667,551.5
data\raw\siena\PN06\PN06-3.edf,EEG P9,7867.5,131.125,534.75
data\raw\siena\PN06\PN06-3.edf,EEG P9,7868.0,131.13333333333333,548.625
data\raw\siena\PN06\PN06-3.edf,EEG P9,7868.5,131.14166666666668,544.875
data\raw\siena\PN06\PN06-3.edf,EEG P9,7869.0,131.15,524.625
data\raw\siena\PN06\PN06-3.edf,EEG P9,7869.5,131.15833333333333,515.8749999999999
data\raw\siena\PN06\PN06-3.edf,EEG P9,7870.0,131.16666666666666,521.25
data\raw\siena\PN06\PN06-3.edf,EEG P9,7870.5,131.175,515.375
data\raw\siena\PN06\PN06-3.edf,EEG P9,7871.0,131.18333333333334,531.75
data\raw\siena\PN06\PN06-3.edf,EEG P9,7871.5,131.19166666666666,535.3749999999999
data\raw\siena\PN06\PN06-3.edf,EEG P9,7872.0,131.2,542.375
data\raw\siena\PN06\PN06-3.edf,EEG P9,7872.5,131.20833333333334,527.0
data\raw\siena\PN06\PN06-3.edf,EEG P9,7873.0,131.21666666666667,525.75
data\raw\siena\PN06\PN06-3.edf,EEG P9,7873.5,131.225,529.125
data\raw\siena\PN06\PN06-3.edf,EEG P9,7874.0,131.23333333333332,530.125
data\raw\siena\PN06\PN06-3.edf,EEG P9,7874.5,131.24166666666667,518.25
data\raw\siena\PN06\PN06-3.edf,EEG P9,7875.0,131.25,522.875
data\raw\siena\PN06\PN06-3.edf,EEG P9,7875.5,131.25833333333333,538.75
data\raw\siena\PN06\PN06-3.edf,EEG P9,7876.0,131.26666666666668,538.125
data\raw\siena\PN06\PN06-3.edf,EEG P9,7876.5,131.275,550.25
data\raw\siena\PN06\PN06-3.edf,EEG P9,7877.0,131.28333333333333,540.25
data\raw\siena\PN06\PN06-3.edf,EEG P9,7877.5,131.29166666666666,540.25
data\raw\siena\PN06\PN06-3.edf,EEG P9,7878.0,131.3,529.5
data\raw\siena\PN06\PN06-3.edf,EEG P9,7878.5,131.30833333333334,517.375
data\raw\siena\PN06\PN06-3.edf,EEG P9,7879.0,131.31666666666666,545.125
data\raw\siena\PN06\PN06-3.edf,EEG P9,7879.5,131.325,552.625
data\raw\siena\PN06\PN06-3.edf,EEG P9,7880.0,131.33333333333334,537.625
data\raw\siena\PN06\PN06-3.edf,EEG P9,7880.5,131.34166666666667,562.0
data\raw\siena\PN06\PN06-3.edf,EEG P9,7881.0,131.35,550.125
data\raw\siena\PN06\PN06-3.edf,EEG P9,7881.5,131.35833333333332,577.125
data\raw\siena\PN06\PN06-3.edf,EEG P9,7882.0,131.36666666666667,573.375
data\raw\siena\PN06\PN06-3.edf,EEG P9,7882.5,131.375,550.0
data\raw\siena\PN06\PN06-3.edf,EEG P9,7883.0,131.38333333333333,547.25
data\raw\siena\PN06\PN06-3.edf,EEG P9,7883.5,131.39166666666668,562.625
data\raw\siena\PN06\PN06-3.edf,EEG P9,7884.0,131.4,569.125
data\raw\siena\PN06\PN06-3.edf,EEG P9,7884.5,131.40833333333333,569.0
data\raw\siena\PN06\PN06-3.edf,EEG P9,7885.0,131.41666666666666,558.0
data\raw\siena\PN06\PN06-3.edf,EEG P9,7885.5,131.425,564.125
data\raw\siena\PN06\PN06-3.edf,EEG P9,7886.0,131.43333333333334,562.375
data\raw\siena\PN06\PN06-3.edf,EEG P9,7886.5,131.44166666666666,559.0
data\raw\siena\PN06\PN06-3.edf,EEG P9,7887.0,131.45,557.75
data\raw\siena\PN06\PN06-3.edf,EEG P9,7887.5,131.45833333333334,568.75
data\raw\siena\PN06\PN06-3.edf,EEG P9,7888.0,131.46666666666667,568.875
data\raw\siena\PN06\PN06-3.edf,EEG P9,7888.5,131.475,561.375
data\raw\siena\PN06\PN06-3.edf,EEG P9,7889.0,131.48333333333332,547.2499999999999
data\raw\siena\PN06\PN06-3.edf,EEG P9,7889.5,131.49166666666667,550.5
data\raw\siena\PN06\PN06-3.edf,EEG P9,7890.0,131.5,579.0
data\raw\siena\PN06\PN06-3.edf,EEG P9,7890.5,131.50833333333333,531.75
data\raw\siena\PN06\PN06-3.edf,EEG P9,7891.0,131.51666666666668,509.37499999999994
data\raw\siena\PN06\PN06-3.edf,EEG P9,7891.5,131.525,540.25
data\raw\siena\PN06\PN06-3.edf,EEG P9,7892.0,131.53333333333333,547.75
data\raw\siena\PN06\PN06-3.edf,EEG P9,7892.5,131.54166666666666,535.125
data\raw\siena\PN06\PN06-3.edf,EEG P9,7893.0,131.55,528.75
data\raw\siena\PN06\PN06-3.edf,EEG P9,7893.5,131.55833333333334,532.0
data\raw\siena\PN06\PN06-3.edf,EEG P9,7894.0,131.56666666666666,540.125
data\raw\siena\PN06\PN06-3.edf,EEG P9,7894.5,131.575,530.625
data\raw\siena\PN06\PN06-3.edf,EEG P9,7895.0,131.58333333333334,540.125
data\raw\siena\PN06\PN06-3.edf,EEG P9,7895.5,131.59166666666667,523.0
data\raw\siena\PN06\PN06-3.edf,EEG P9,7896.0,131.6,525.125
data\raw\siena\PN06\PN06-3.edf,EEG P9,7896.5,131.60833333333332,524.375
data\raw\siena\PN06\PN06-3.edf,EEG P9,7897.0,131.61666666666667,535.5
data\raw\siena\PN06\PN06-3.edf,EEG P9,7897.5,131.625,518.875
data\raw\siena\PN06\PN06-3.edf,EEG P9,7898.0,131.63333333333333,521.75
data\raw\siena\PN06\PN06-3.edf,EEG P9,7898.5,131.64166666666668,550.375
data\raw\siena\PN06\PN06-3.edf,EEG P9,7899.0,131.65,532.5
data\raw\siena\PN06\PN06-3.edf,EEG P9,7899.5,131.65833333333333,530.0
data\raw\siena\PN06\PN06-3.edf,EEG P9,7900.0,131.66666666666666,531.875
data\raw\siena\PN06\PN06-3.edf,EEG P9,7900.5,131.675,535.25
data\raw\siena\PN06\PN06-3.edf,EEG P9,7901.0,131.68333333333334,530.75
data\raw\siena\PN06\PN06-3.edf,EEG P9,7901.5,131.69166666666666,525.375
data\raw\siena\PN06\PN06-3.edf,EEG P9,7902.0,131.7,535.0
data\raw\siena\PN06\PN06-3.edf,EEG P9,7902.5,131.70833333333334,522.125
data\raw\siena\PN06\PN06-3.edf,EEG P9,7903.0,131.71666666666667,522.875
data\raw\siena\PN06\PN06-3.edf,EEG P9,7903.5,131.725,525.25
data\raw\siena\PN06\PN06-3.edf,EEG P9,7904.0,131.73333333333332,514.25
data\raw\siena\PN06\PN06-3.edf,EEG P9,7904.5,131.74166666666667,520.375
data\raw\siena\PN06\PN06-3.edf,EEG P9,7905.0,131.75,524.6249999999999
data\raw\siena\PN06\PN06-3.edf,EEG P9,7905.5,131.75833333333333,522.75
data\raw\siena\PN06\PN06-3.edf,EEG P9,7906.0,131.76666666666668,544.125
data\raw\siena\PN06\PN06-3.edf,EEG P9,7906.5,131.775,555.5
data\raw\siena\PN06\PN06-3.edf,EEG P9,7907.0,131.78333333333333,541.875
data\raw\siena\PN06\PN06-3.edf,EEG P9,7907.5,131.79166666666666,514.375
data\raw\siena\PN06\PN06-3.edf,EEG P9,7908.0,131.8,522.875
data\raw\siena\PN06\PN06-3.edf,EEG P9,7908.5,131.80833333333334,526.125
data\raw\siena\PN06\PN06-3.edf,EEG P9,7909.0,131.81666666666666,526.625
data\raw\siena\PN06\PN06-3.edf,EEG P9,7909.5,131.825,522.875
data\raw\siena\PN06\PN06-3.edf,EEG P9,7910.0,131.83333333333334,524.5
data\raw\siena\PN06\PN06-3.edf,EEG P9,7910.5,131.84166666666667,523.375
data\raw\siena\PN06\PN06-3.edf,EEG P9,7911.0,131.85,534.125
data\raw\siena\PN06\PN06-3.edf,EEG P9,7911.5,131.85833333333332,533.875
data\raw\siena\PN06\PN06-3.edf,EEG P9,7912.0,131.86666666666667,528.125
data\raw\siena\PN06\PN06-3.edf,EEG P9,7912.5,131.875,526.125
data\raw\siena\PN06\PN06-3.edf,EEG P9,7913.0,131.88333333333333,530.375
data\raw\siena\PN06\PN06-3.edf,EEG P9,7913.5,131.89166666666668,539.8749999999999
data\raw\siena\PN06\PN06-3.edf,EEG P9,7914.0,131.9,535.25
data\raw\siena\PN06\PN06-3.edf,EEG P9,7914.5,131.90833333333333,537.0
data\raw\siena\PN06\PN06-3.edf,EEG P9,7915.0,131.91666666666666,536.25
data\raw\siena\PN06\PN06-3.edf,EEG P9,7915.5,131.925,520.9999999999999
data\raw\siena\PN06\PN06-3.edf,EEG P9,7916.0,131.93333333333334,513.875
data\raw\siena\PN06\PN06-3.edf,EEG P9,7916.5,131.94166666666666,535.625
data\raw\siena\PN06\PN06-3.edf,EEG P9,7917.0,131.95,539.625
data\raw\siena\PN06\PN06-3.edf,EEG P9,7917.5,131.95833333333334,517.8749999999999
data\raw\siena\PN06\PN06-3.edf,EEG P9,7918.0,131.96666666666667,529.9999999999999
data\raw\siena\PN06\PN06-3.edf,EEG P9,7918.5,131.975,525.25
data\raw\siena\PN06\PN06-3.edf,EEG P9,7919.0,131.98333333333332,529.75
data\raw\siena\PN06\PN06-3.edf,EEG P9,7919.5,131.99166666666667,532.5
data\raw\siena\PN06\PN06-3.edf,EEG P9,7920.0,132.0,527.0
data\raw\siena\PN06\PN06-3.edf,EEG P9,7920.5,132.00833333333333,522.75
data\raw\siena\PN06\PN06-3.edf,EEG P9,7921.0,132.01666666666668,520.25
data\raw\siena\PN06\PN06-3.edf,EEG P9,7921.5,132.025,521.125
data\raw\siena\PN06\PN06-3.edf,EEG P9,7922.0,132.03333333333333,527.0
data\raw\siena\PN06\PN06-3.edf,EEG P9,7922.5,132.04166666666666,525.0
data\raw\siena\PN06\PN06-3.edf,EEG P9,7923.0,132.05,552.375
data\raw\siena\PN06\PN06-3.edf,EEG P9,7923.5,132.05833333333334,555.125
data\raw\siena\PN06\PN06-3.edf,EEG P9,7924.0,132.06666666666666,531.5
data\raw\siena\PN06\PN06-3.edf,EEG P9,7924.5,132.075,532.875
data\raw\siena\PN06\PN06-3.edf,EEG P9,7925.0,132.08333333333334,535.625
data\raw\siena\PN06\PN06-3.edf,EEG P9,7925.5,132.09166666666667,545.5
data\raw\siena\PN06\PN06-3.edf,EEG P9,7926.0,132.1,545.5
data\raw\siena\PN06\PN06-3.edf,EEG P9,7926.5,132.10833333333332,537.5
data\raw\siena\PN06\PN06-3.edf,EEG P9,7927.0,132.11666666666667,520.875
data\raw\siena\PN06\PN06-3.edf,EEG P9,7927.5,132.125,525.5
data\raw\siena\PN06\PN06-3.edf,EEG P9,7928.0,132.13333333333333,531.5
data\raw\siena\PN06\PN06-3.edf,EEG P9,7928.5,132.14166666666668,523.375
data\raw\siena\PN06\PN06-3.edf,EEG P9,7929.0,132.15,543.125
data\raw\siena\PN06\PN06-3.edf,EEG P9,7929.5,132.15833333333333,543.125
data\raw\siena\PN06\PN06-3.edf,EEG P9,7930.0,132.16666666666666,534.625
data\raw\siena\PN06\PN06-3.edf,EEG P9,7930.5,132.175,544.125
data\raw\siena\PN06\PN06-3.edf,EEG P9,7931.0,132.18333333333334,568.875
data\raw\siena\PN06\PN06-3.edf,EEG P9,7931.5,132.19166666666666,542.875
data\raw\siena\PN06\PN06-3.edf,EEG P9,7932.0,132.2,534.125
data\raw\siena\PN06\PN06-3.edf,EEG P9,7932.5,132.20833333333334,531.5
data\raw\siena\PN06\PN06-3.edf,EEG P9,7933.0,132.21666666666667,522.5
data\raw\siena\PN06\PN06-3.edf,EEG P9,7933.5,132.225,522.5
data\raw\siena\PN06\PN06-3.edf,EEG P9,7934.0,132.23333333333332,538.25
data\raw\siena\PN06\PN06-3.edf,EEG P9,7934.5,132.24166666666667,538.25
data\raw\siena\PN06\PN06-3.edf,EEG P9,7935.0,132.25,546.0
data\raw\siena\PN06\PN06-3.edf,EEG P9,7935.5,132.25833333333333,545.75
data\raw\siena\PN06\PN06-3.edf,EEG P9,7936.0,132.26666666666668,532.0
data\raw\siena\PN06\PN06-3.edf,EEG P9,7936.5,132.275,536.875
data\raw\siena\PN06\PN06-3.edf,EEG P9,7937.0,132.28333333333333,556.25
data\raw\siena\PN06\PN06-3.edf,EEG P9,7937.5,132.29166666666666,539.9999999999999
data\raw\siena\PN06\PN06-3.edf,EEG P9,7938.0,132.3,526.375
data\raw\siena\PN06\PN06-3.edf,EEG P9,7938.5,132.30833333333334,532.75
data\raw\siena\PN06\PN06-3.edf,EEG P9,7939.0,132.31666666666666,546.375
data\raw\siena\PN06\PN06-3.edf,EEG P9,7939.5,132.325,530.25
data\raw\siena\PN06\PN06-3.edf,EEG P9,7940.0,132.33333333333334,561.875
data\raw\siena\PN06\PN06-3.edf,EEG P9,7940.5,132.34166666666667,539.0
data\raw\siena\PN06\PN06-3.edf,EEG P9,7941.0,132.35,530.75
data\raw\siena\PN06\PN06-3.edf,EEG P9,7941.5,132.35833333333332,537.375
data\raw\siena\PN06\PN06-3.edf,EEG P9,7942.0,132.36666666666667,532.5
data\raw\siena\PN06\PN06-3.edf,EEG P9,7942.5,132.375,534.5
data\raw\siena\PN06\PN06-3.edf,EEG P9,7943.0,132.38333333333333,536.875
data\raw\siena\PN06\PN06-3.edf,EEG P9,7943.5,132.39166666666668,542.5
data\raw\siena\PN06\PN06-3.edf,EEG P9,7944.0,132.4,547.0
data\raw\siena\PN06\PN06-3.edf,EEG P9,7944.5,132.40833333333333,536.0
data\raw\siena\PN06\PN06-3.edf,EEG P9,7945.0,132.41666666666666,537.75
data\raw\siena\PN06\PN06-3.edf,EEG P9,7945.5,132.425,534.5
data\raw\siena\PN06\PN06-3.edf,EEG P9,7946.0,132.43333333333334,530.375
data\raw\siena\PN06\PN06-3.edf,EEG P9,7946.5,132.44166666666666,542.875
data\raw\siena\PN06\PN06-3.edf,EEG P9,7947.0,132.45,551.0
data\raw\siena\PN06\PN06-3.edf,EEG P9,7947.5,132.45833333333334,537.75
data\raw\siena\PN06\PN06-3.edf,EEG P9,7948.0,132.46666666666667,537.0
data\raw\siena\PN06\PN06-3.edf,EEG P9,7948.5,132.475,553.0
data\raw\siena\PN06\PN06-3.edf,EEG P9,7949.0,132.48333333333332,539.875
data\raw\siena\PN06\PN06-3.edf,EEG P9,7949.5,132.49166666666667,562.125
data\raw\siena\PN06\PN06-3.edf,EEG P9,7950.0,132.5,560.25
data\raw\siena\PN06\PN06-3.edf,EEG P9,7950.5,132.50833333333333,565.0
data\raw\siena\PN06\PN06-3.edf,EEG P9,7951.0,132.51666666666668,561.9999999999999
data\raw\siena\PN06\PN06-3.edf,EEG P9,7951.5,132.525,562.75
data\raw\siena\PN06\PN06-3.edf,EEG P9,7952.0,132.53333333333333,562.75
data\raw\siena\PN06\PN06-3.edf,EEG P9,7952.5,132.54166666666666,572.875
data\raw\siena\PN06\PN06-3.edf,EEG P9,7953.0,132.55,569.125
data\raw\siena\PN06\PN06-3.edf,EEG P9,7953.5,132.55833333333334,592.0
data\raw\siena\PN06\PN06-3.edf,EEG P9,7954.0,132.56666666666666,582.5
data\raw\siena\PN06\PN06-3.edf,EEG P9,7954.5,132.575,583.375
data\raw\siena\PN06\PN06-3.edf,EEG P9,7955.0,132.58333333333334,571.375
data\raw\siena\PN06\PN06-3.edf,EEG P9,7955.5,132.59166666666667,565.75
data\raw\siena\PN06\PN06-3.edf,EEG P9,7956.0,132.6,566.625
data\raw\siena\PN06\PN06-3.edf,EEG P9,7956.5,132.60833333333332,612.75
data\raw\siena\PN06\PN06-3.edf,EEG P9,7957.0,132.61666666666667,596.25
data\raw\siena\PN06\PN06-3.edf,EEG P9,7957.5,132.625,559.625
data\raw\siena\PN06\PN06-3.edf,EEG P9,7958.0,132.63333333333333,541.25
data\raw\siena\PN06\PN06-3.edf,EEG P9,7958.5,132.64166666666668,526.875
data\raw\siena\PN06\PN06-3.edf,EEG P9,7959.0,132.65,541.75
data\raw\siena\PN06\PN06-3.edf,EEG P9,7959.5,132.65833333333333,547.75
data\raw\siena\PN06\PN06-3.edf,EEG P9,7960.0,132.66666666666666,549.125
data\raw\siena\PN06\PN06-3.edf,EEG P9,7960.5,132.675,540.125
data\raw\siena\PN06\PN06-3.edf,EEG P9,7961.0,132.68333333333334,543.375
data\raw\siena\PN06\PN06-3.edf,EEG P9,7961.5,132.69166666666666,536.625
data\raw\siena\PN06\PN06-3.edf,EEG P9,7962.0,132.7,544.125
data\raw\siena\PN06\PN06-3.edf,EEG P9,7962.5,132.70833333333334,545.25
data\raw\siena\PN06\PN06-3.edf,EEG P9,7963.0,132.71666666666667,537.25
data\raw\siena\PN06\PN06-3.edf,EEG P9,7963.5,132.725,547.875
data\raw\siena\PN06\PN06-3.edf,EEG P9,7964.0,132.73333333333332,561.875
data\raw\siena\PN06\PN06-3.edf,EEG P9,7964.5,132.74166666666667,547.375
data\raw\siena\PN06\PN06-3.edf,EEG P9,7965.0,132.75,554.25
data\raw\siena\PN06\PN06-3.edf,EEG P9,7965.5,132.75833333333333,554.0
data\raw\siena\PN06\PN06-3.edf,EEG P9,7966.0,132.76666666666668,545.75
data\raw\siena\PN06\PN06-3.edf,EEG P9,7966.5,132.775,542.875
data\raw\siena\PN06\PN06-3.edf,EEG P9,7967.0,132.78333333333333,548.125
data\raw\siena\PN06\PN06-3.edf,EEG P9,7967.5,132.79166666666666,550.75
data\raw\siena\PN06\PN06-3.edf,EEG P9,7968.0,132.8,545.375
data\raw\siena\PN06\PN06-3.edf,EEG P9,7968.5,132.80833333333334,535.875
data\raw\siena\PN06\PN06-3.edf,EEG P9,7969.0,132.81666666666666,542.25
data\raw\siena\PN06\PN06-3.edf,EEG P9,7969.5,132.825,535.125
data\raw\siena\PN06\PN06-3.edf,EEG P9,7970.0,132.83333333333334,556.25
data\raw\siena\PN06\PN06-3.edf,EEG P9,7970.5,132.84166666666667,556.25
data\raw\siena\PN06\PN06-3.edf,EEG P9,7971.0,132.85,557.5
data\raw\siena\PN06\PN06-3.edf,EEG P9,7971.5,132.85833333333332,541.75
data\raw\siena\PN06\PN06-3.edf,EEG P9,7972.0,132.86666666666667,537.75
data\raw\siena\PN06\PN06-3.edf,EEG P9,7972.5,132.875,542.75
data\raw\siena\PN06\PN06-3.edf,EEG P9,7973.0,132.88333333333333,553.875
data\raw\siena\PN06\PN06-3.edf,EEG P9,7973.5,132.89166666666668,545.125
data\raw\siena\PN06\PN06-3.edf,EEG P9,7974.0,132.9,543.5
data\raw\siena\PN06\PN06-3.edf,EEG P9,7974.5,132.90833333333333,552.625
data\raw\siena\PN06\PN06-3.edf,EEG P9,7975.0,132.91666666666666,568.625
data\raw\siena\PN06\PN06-3.edf,EEG P9,7975.5,132.925,555.625
data\raw\siena\PN06\PN06-3.edf,EEG P9,7976.0,132.93333333333334,553.125
data\raw\siena\PN06\PN06-3.edf,EEG P9,7976.5,132.94166666666666,553.125
data\raw\siena\PN06\PN06-3.edf,EEG P9,7977.0,132.95,545.375
data\raw\siena\PN06\PN06-3.edf,EEG P9,7977.5,132.95833333333334,536.625
data\raw\siena\PN06\PN06-3.edf,EEG P9,7978.0,132.96666666666667,544.25
data\raw\siena\PN06\PN06-3.edf,EEG P9,7978.5,132.975,540.75
data\raw\siena\PN06\PN06-3.edf,EEG P9,7979.0,132.98333333333332,547.125
data\raw\siena\PN06\PN06-3.edf,EEG P9,7979.5,132.99166666666667,550.25
data\raw\siena\PN06\PN06-3.edf,EEG P9,7980.0,133.0,543.375
data\raw\siena\PN06\PN06-3.edf,EEG P9,7980.5,133.00833333333333,548.875
data\raw\siena\PN06\PN06-3.edf,EEG P9,7981.0,133.01666666666668,548.875
data\raw\siena\PN06\PN06-3.edf,EEG P9,7981.5,133.025,552.75
data\raw\siena\PN06\PN06-3.edf,EEG P9,7982.0,133.03333333333333,567.25
data\raw\siena\PN06\PN06-3.edf,EEG P9,7982.5,133.04166666666666,566.625
data\raw\siena\PN06\PN06-3.edf,EEG P9,7983.0,133.05,569.625
data\raw\siena\PN06\PN06-3.edf,EEG P9,7983.5,133.05833333333334,561.75
data\raw\siena\PN06\PN06-3.edf,EEG P9,7984.0,133.06666666666666,558.875
data\raw\siena\PN06\PN06-3.edf,EEG P9,7984.5,133.075,559.375
data\raw\siena\PN06\PN06-3.edf,EEG P9,7985.0,133.08333333333334,560.25
data\raw\siena\PN06\PN06-3.edf,EEG P9,7985.5,133.09166666666667,564.0
data\raw\siena\PN06\PN06-3.edf,EEG P9,7986.0,133.1,560.625
data\raw\siena\PN06\PN06-3.edf,EEG P9,7986.5,133.10833333333332,541.75
data\raw\siena\PN06\PN06-3.edf,EEG P9,7987.0,133.11666666666667,556.5
data\raw\siena\PN06\PN06-3.edf,EEG P9,7987.5,133.125,551.375
data\raw\siena\PN06\PN06-3.edf,EEG P9,7988.0,133.13333333333333,558.0
data\raw\siena\PN06\PN06-3.edf,EEG P9,7988.5,133.14166666666668,555.25
data\raw\siena\PN06\PN06-3.edf,EEG P9,7989.0,133.15,553.875
data\raw\siena\PN06\PN06-3.edf,EEG P9,7989.5,133.15833333333333,564.7499999999999
data\raw\siena\PN06\PN06-3.edf,EEG P9,7990.0,133.16666666666666,568.125
data\raw\siena\PN06\PN06-3.edf,EEG P9,7990.5,133.175,1051.25
data\raw\siena\PN06\PN06-3.edf,EEG P9,7991.0,133.18333333333334,1085.1249999999998
data\raw\siena\PN06\PN06-3.edf,EEG P9,7991.5,133.19166666666666,987.4999999999999
data\raw\siena\PN06\PN06-3.edf,EEG P9,7992.0,133.2,703.125
data\raw\siena\PN06\PN06-3.edf,EEG P9,7992.5,133.20833333333334,678.375
data\raw\siena\PN06\PN06-3.edf,EEG P9,7993.0,133.21666666666667,590.8749999999999
data\raw\siena\PN06\PN06-3.edf,EEG P9,7993.5,133.225,580.125
data\raw\siena\PN06\PN06-3.edf,EEG P9,7994.0,133.23333333333332,643.875
data\raw\siena\PN06\PN06-3.edf,EEG P9,7994.5,133.24166666666667,712.75
data\raw\siena\PN06\PN06-3.edf,EEG P9,7995.0,133.25,600.5
data\raw\siena\PN06\PN06-3.edf,EEG P9,7995.5,133.25833333333333,551.75
data\raw\siena\PN06\PN06-3.edf,EEG P9,7996.0,133.26666666666668,545.5
data\raw\siena\PN06\PN06-3.edf,EEG P9,7996.5,133.275,551.75
data\raw\siena\PN06\PN06-3.edf,EEG P9,7997.0,133.28333333333333,551.0
data\raw\siena\PN06\PN06-3.edf,EEG P9,7997.5,133.29166666666666,566.125
data\raw\siena\PN06\PN06-3.edf,EEG P9,7998.0,133.3,572.625
data\raw\siena\PN06\PN06-3.edf,EEG P9,7998.5,133.30833333333334,567.625
data\raw\siena\PN06\PN06-3.edf,EEG P9,7999.0,133.31666666666666,554.625
data\raw\siena\PN06\PN06-3.edf,EEG P9,7999.5,133.325,550.875
data\raw\siena\PN06\PN06-3.edf,EEG P9,8000.0,133.33333333333334,550.875
data\raw\siena\PN06\PN06-3.edf,EEG P9,8000.5,133.34166666666667,544.125
data\raw\siena\PN06\PN06-3.edf,EEG P9,8001.0,133.35,540.625
data\raw\siena\PN06\PN06-3.edf,EEG P9,8001.5,133.35833333333332,545.6249999999999
data\raw\siena\PN06\PN06-3.edf,EEG P9,8002.0,133.36666666666667,541.625
data\raw\siena\PN06\PN06-3.edf,EEG P9,8002.5,133.375,549.875
data\raw\siena\PN06\PN06-3.edf,EEG P9,8003.0,133.38333333333333,548.625
data\raw\siena\PN06\PN06-3.edf,EEG P9,8003.5,133.39166666666668,549.25
data\raw\siena\PN06\PN06-3.edf,EEG P9,8004.0,133.4,547.0
data\raw\siena\PN06\PN06-3.edf,EEG P9,8004.5,133.40833333333333,555.75
data\raw\siena\PN06\PN06-3.edf,EEG P9,8005.0,133.41666666666666,561.625
data\raw\siena\PN06\PN06-3.edf,EEG P9,8005.5,133.425,572.25
data\raw\siena\PN06\PN06-3.edf,EEG P9,8006.0,133.43333333333334,557.625
data\raw\siena\PN06\PN06-3.edf,EEG P9,8006.5,133.44166666666666,555.5
data\raw\siena\PN06\PN06-3.edf,EEG P9,8007.0,133.45,555.5
data\raw\siena\PN06\PN06-3.edf,EEG P9,8007.5,133.45833333333334,552.375
data\raw\siena\PN06\PN06-3.edf,EEG P9,8008.0,133.46666666666667,546.25
data\raw\siena\PN06\PN06-3.edf,EEG P9,8008.5,133.475,547.75
data\raw\siena\PN06\PN06-3.edf,EEG P9,8009.0,133.48333333333332,549.125
data\raw\siena\PN06\PN06-3.edf,EEG P9,8009.5,133.49166666666667,562.0
data\raw\siena\PN06\PN06-3.edf,EEG P9,8010.0,133.5,562.0
data\raw\siena\PN06\PN06-3.edf,EEG P9,8010.5,133.50833333333333,545.375
data\raw\siena\PN06\PN06-3.edf,EEG P9,8011.0,133.51666666666668,547.375
data\raw\siena\PN06\PN06-3.edf,EEG P9,8011.5,133.525,549.375
data\raw\siena\PN06\PN06-3.edf,EEG P9,8012.0,133.53333333333333,545.375
data\raw\siena\PN06\PN06-3.edf,EEG P9,8012.5,133.54166666666666,548.8749999999999
data\raw\siena\PN06\PN06-3.edf,EEG P9,8013.0,133.55,545.375
data\raw\siena\PN06\PN06-3.edf,EEG P9,8013.5,133.55833333333334,539.125
data\raw\siena\PN06\PN06-3.edf,EEG P9,8014.0,133.56666666666666,553.375
data\raw\siena\PN06\PN06-3.edf,EEG P9,8014.5,133.575,553.375
data\raw\siena\PN06\PN06-3.edf,EEG P9,8015.0,133.58333333333334,544.0
data\raw\siena\PN06\PN06-3.edf,EEG P9,8015.5,133.59166666666667,559.0
data\raw\siena\PN06\PN06-3.edf,EEG P9,8016.0,133.6,559.0
data\raw\siena\PN06\PN06-3.edf,EEG P9,8016.5,133.60833333333332,560.125
data\raw\siena\PN06\PN06-3.edf,EEG P9,8017.0,133.61666666666667,568.625
data\raw\siena\PN06\PN06-3.edf,EEG P9,8017.5,133.625,559.375
data\raw\siena\PN06\PN06-3.edf,EEG P9,8018.0,133.63333333333333,549.125
data\raw\siena\PN06\PN06-3.edf,EEG P9,8018.5,133.64166666666668,544.375
data\raw\siena\PN06\PN06-3.edf,EEG P9,8019.0,133.65,548.875
data\raw\siena\PN06\PN06-3.edf,EEG P9,8019.5,133.65833333333333,554.25
data\raw\siena\PN06\PN06-3.edf,EEG P9,8020.0,133.66666666666666,557.375
data\raw\siena\PN06\PN06-3.edf,EEG P9,8020.5,133.675,554.625
data\raw\siena\PN06\PN06-3.edf,EEG P9,8021.0,133.68333333333334,554.625
data\raw\siena\PN06\PN06-3.edf,EEG P9,8021.5,133.69166666666666,543.75
data\raw\siena\PN06\PN06-3.edf,EEG P9,8022.0,133.7,552.125
data\raw\siena\PN06\PN06-3.edf,EEG P9,8022.5,133.70833333333334,550.125
data\raw\siena\PN06\PN06-3.edf,EEG P9,8023.0,133.71666666666667,545.1249999999999
data\raw\siena\PN06\PN06-3.edf,EEG P9,8023.5,133.725,546.625
data\raw\siena\PN06\PN06-3.edf,EEG P9,8024.0,133.73333333333332,554.875
data\raw\siena\PN06\PN06-3.edf,EEG P9,8024.5,133.74166666666667,563.875
data\raw\siena\PN06\PN06-3.edf,EEG P9,8025.0,133.75,558.125
data\raw\siena\PN06\PN06-3.edf,EEG P9,8025.5,133.75833333333333,549.6249999999999
data\raw\siena\PN06\PN06-3.edf,EEG P9,8026.0,133.76666666666668,569.375
data\raw\siena\PN06\PN06-3.edf,EEG P9,8026.5,133.775,562.875
data\raw\siena\PN06\PN06-3.edf,EEG P9,8027.0,133.78333333333333,557.25
data\raw\siena\PN06\PN06-3.edf,EEG P9,8027.5,133.79166666666666,552.75
data\raw\siena\PN06\PN06-3.edf,EEG P9,8028.0,133.8,548.25
data\raw\siena\PN06\PN06-3.edf,EEG P9,8028.5,133.80833333333334,549.5
data\raw\siena\PN06\PN06-3.edf,EEG P9,8029.0,133.81666666666666,549.5
data\raw\siena\PN06\PN06-3.edf,EEG P9,8029.5,133.825,558.375
data\raw\siena\PN06\PN06-3.edf,EEG P9,8030.0,133.83333333333334,558.125
data\raw\siena\PN06\PN06-3.edf,EEG P9,8030.5,133.84166666666667,553.875
data\raw\siena\PN06\PN06-3.edf,EEG P9,8031.0,133.85,553.25
data\raw\siena\PN06\PN06-3.edf,EEG P9,8031.5,133.85833333333332,562.375
data\raw\siena\PN06\PN06-3.edf,EEG P9,8032.0,133.86666666666667,554.5
data\raw\siena\PN06\PN06-3.edf,EEG P9,8032.5,133.875,556.125
data\raw\siena\PN06\PN06-3.edf,EEG P9,8033.0,133.88333333333333,559.125
data\raw\siena\PN06\PN06-3.edf,EEG P9,8033.5,133.89166666666668,560.0
data\raw\siena\PN06\PN06-3.edf,EEG P9,8034.0,133.9,580.2499999999999
data\raw\siena\PN06\PN06-3.edf,EEG P9,8034.5,133.90833333333333,567.375
data\raw\siena\PN06\PN06-3.edf,EEG P9,8035.0,133.91666666666666,542.5
data\raw\siena\PN06\PN06-3.edf,EEG P9,8035.5,133.925,533.8749999999999
data\raw\siena\PN06\PN06-3.edf,EEG P9,8036.0,133.93333333333334,536.4999999999999
data\raw\siena\PN06\PN06-3.edf,EEG P9,8036.5,133.94166666666666,590.625
data\raw\siena\PN06\PN06-3.edf,EEG P9,8037.0,133.95,584.375
data\raw\siena\PN06\PN06-3.edf,EEG P9,8037.5,133.95833333333334,601.375
data\raw\siena\PN06\PN06-3.edf,EEG P9,8038.0,133.96666666666667,593.25
data\raw\siena\PN06\PN06-3.edf,EEG P9,8038.5,133.975,540.0
data\raw\siena\PN06\PN06-3.edf,EEG P9,8039.0,133.98333333333332,548.5
data\raw\siena\PN06\PN06-3.edf,EEG P9,8039.5,133.99166666666667,571.0
data\raw\siena\PN06\PN06-3.edf,EEG P9,8040.0,134.0,556.25
data\raw\siena\PN06\PN06-3.edf,EEG P9,8040.5,134.00833333333333,527.7499999999999
data\raw\siena\PN06\PN06-3.edf,EEG P9,8041.0,134.01666666666668,558.5
data\raw\siena\PN06\PN06-3.edf,EEG P9,8041.5,134.025,558.5
data\raw\siena\PN06\PN06-3.edf,EEG P9,8042.0,134.03333333333333,522.75
data\raw\siena\PN06\PN06-3.edf,EEG P9,8042.5,134.04166666666666,518.375
data\raw\siena\PN06\PN06-3.edf,EEG P9,8043.0,134.05,516.875
data\raw\siena\PN06\PN06-3.edf,EEG P9,8043.5,134.05833333333334,516.875
data\raw\siena\PN06\PN06-3.edf,EEG P9,8044.0,134.06666666666666,526.5
data\raw\siena\PN06\PN06-3.edf,EEG P9,8044.5,134.075,530.75
data\raw\siena\PN06\PN06-3.edf,EEG P9,8045.0,134.08333333333334,533.75
data\raw\siena\PN06\PN06-3.edf,EEG P9,8045.5,134.09166666666667,523.5
data\raw\siena\PN06\PN06-3.edf,EEG P9,8046.0,134.1,500.625
data\raw\siena\PN06\PN06-3.edf,EEG P9,8046.5,134.10833333333332,500.625
data\raw\siena\PN06\PN06-3.edf,EEG P9,8047.0,134.11666666666667,512.75
data\raw\siena\PN06\PN06-3.edf,EEG P9,8047.5,134.125,536.75
data\raw\siena\PN06\PN06-3.edf,EEG P9,8048.0,134.13333333333333,517.125
data\raw\siena\PN06\PN06-3.edf,EEG P9,8048.5,134.14166666666668,527.5
data\raw\siena\PN06\PN06-3.edf,EEG P9,8049.0,134.15,522.625
data\raw\siena\PN06\PN06-3.edf,EEG P9,8049.5,134.15833333333333,523.25
data\raw\siena\PN06\PN06-3.edf,EEG P9,8050.0,134.16666666666666,498.5
data\raw\siena\PN06\PN06-3.edf,EEG P9,8050.5,134.175,503.75
data\raw\siena\PN06\PN06-3.edf,EEG P9,8051.0,134.18333333333334,502.875
data\raw\siena\PN06\PN06-3.edf,EEG P9,8051.5,134.19166666666666,505.75
data\raw\siena\PN06\PN06-3.edf,EEG P9,8052.0,134.2,503.25
data\raw\siena\PN06\PN06-3.edf,EEG P9,8052.5,134.20833333333334,505.875
data\raw\siena\PN06\PN06-3.edf,EEG P9,8053.0,134.21666666666667,517.0
data\raw\siena\PN06\PN06-3.edf,EEG P9,8053.5,134.225,525.0
data\raw\siena\PN06\PN06-3.edf,EEG P9,8054.0,134.23333333333332,514.125
data\raw\siena\PN06\PN06-3.edf,EEG P9,8054.5,134.24166666666667,498.875
data\raw\siena\PN06\PN06-3.edf,EEG P9,8055.0,134.25,517.375
data\raw\siena\PN06\PN06-3.edf,EEG P9,8055.5,134.25833333333333,511.25
data\raw\siena\PN06\PN06-3.edf,EEG P9,8056.0,134.26666666666668,511.3749999999999
data\raw\siena\PN06\PN06-3.edf,EEG P9,8056.5,134.275,520.6249999999999
data\raw\siena\PN06\PN06-3.edf,EEG P9,8057.0,134.28333333333333,511.49999999999994
data\raw\siena\PN06\PN06-3.edf,EEG P9,8057.5,134.29166666666666,503.125
data\raw\siena\PN06\PN06-3.edf,EEG P9,8058.0,134.3,504.5
data\raw\siena\PN06\PN06-3.edf,EEG P9,8058.5,134.30833333333334,502.375
data\raw\siena\PN06\PN06-3.edf,EEG P9,8059.0,134.31666666666666,509.5
data\raw\siena\PN06\PN06-3.edf,EEG P9,8059.5,134.325,518.25
data\raw\siena\PN06\PN06-3.edf,EEG P9,8060.0,134.33333333333334,513.625
data\raw\siena\PN06\PN06-3.edf,EEG P9,8060.5,134.34166666666667,510.8749999999999
data\raw\siena\PN06\PN06-3.edf,EEG P9,8061.0,134.35,509.5
data\raw\siena\PN06\PN06-3.edf,EEG P9,8061.5,134.35833333333332,507.0
data\raw\siena\PN06\PN06-3.edf,EEG P9,8062.0,134.36666666666667,514.75
data\raw\siena\PN06\PN06-3.edf,EEG P9,8062.5,134.375,514.75
data\raw\siena\PN06\PN06-3.edf,EEG P9,8063.0,134.38333333333333,512.875
data\raw\siena\PN06\PN06-3.edf,EEG P9,8063.5,134.39166666666668,520.875
data\raw\siena\PN06\PN06-3.edf,EEG P9,8064.0,134.4,525.5
data\raw\siena\PN06\PN06-3.edf,EEG P9,8064.5,134.40833333333333,539.3749999999999
data\raw\siena\PN06\PN06-3.edf,EEG P9,8065.0,134.41666666666666,539.3749999999999
data\raw\siena\PN06\PN06-3.edf,EEG P9,8065.5,134.425,524.875
data\raw\siena\PN06\PN06-3.edf,EEG P9,8066.0,134.43333333333334,516.75
data\raw\siena\PN06\PN06-3.edf,EEG P9,8066.5,134.44166666666666,533.5
data\raw\siena\PN06\PN06-3.edf,EEG P9,8067.0,134.45,525.5
data\raw\siena\PN06\PN06-3.edf,EEG P9,8067.5,134.45833333333334,514.375
data\raw\siena\PN06\PN06-3.edf,EEG P9,8068.0,134.46666666666667,507.37499999999994
data\raw\siena\PN06\PN06-3.edf,EEG P9,8068.5,134.475,524.25
data\raw\siena\PN06\PN06-3.edf,EEG P9,8069.0,134.48333333333332,545.625
data\raw\siena\PN06\PN06-3.edf,EEG P9,8069.5,134.49166666666667,522.0
data\raw\siena\PN06\PN06-3.edf,EEG P9,8070.0,134.5,517.5
data\raw\siena\PN06\PN06-3.edf,EEG P9,8070.5,134.50833333333333,523.5
data\raw\siena\PN06\PN06-3.edf,EEG P9,8071.0,134.51666666666668,524.125
data\raw\siena\PN06\PN06-3.edf,EEG P9,8071.5,134.525,514.8749999999999
data\raw\siena\PN06\PN06-3.edf,EEG P9,8072.0,134.53333333333333,517.3749999999999
data\raw\siena\PN06\PN06-3.edf,EEG P9,8072.5,134.54166666666666,529.9999999999999
data\raw\siena\PN06\PN06-3.edf,EEG P9,8073.0,134.55,520.125
data\raw\siena\PN06\PN06-3.edf,EEG P9,8073.5,134.55833333333334,516.375
data\raw\siena\PN06\PN06-3.edf,EEG P9,8074.0,134.56666666666666,518.9999999999999
data\raw\siena\PN06\PN06-3.edf,EEG P9,8074.5,134.575,509.74999999999994
data\raw\siena\PN06\PN06-3.edf,EEG P9,8075.0,134.58333333333334,515.75
data\raw\siena\PN06\PN06-3.edf,EEG P9,8075.5,134.59166666666667,516.25
data\raw\siena\PN06\PN06-3.edf,EEG P9,8076.0,134.6,510.125
data\raw\siena\PN06\PN06-3.edf,EEG P9,8076.5,134.60833333333332,521.5
data\raw\siena\PN06\PN06-3.edf,EEG P9,8077.0,134.61666666666667,521.5
data\raw\siena\PN06\PN06-3.edf,EEG P9,8077.5,134.625,515.0
data\raw\siena\PN06\PN06-3.edf,EEG P9,8078.0,134.63333333333333,516.375
data\raw\siena\PN06\PN06-3.edf,EEG P9,8078.5,134.64166666666668,524.375
data\raw\siena\PN06\PN06-3.edf,EEG P9,8079.0,134.65,525.0
data\raw\siena\PN06\PN06-3.edf,EEG P9,8079.5,134.65833333333333,525.4999999999999
data\raw\siena\PN06\PN06-3.edf,EEG P9,8080.0,134.66666666666666,517.875
data\raw\siena\PN06\PN06-3.edf,EEG P9,8080.5,134.675,520.75
data\raw\siena\PN06\PN06-3.edf,EEG P9,8081.0,134.68333333333334,521.375
data\raw\siena\PN06\PN06-3.edf,EEG P9,8081.5,134.69166666666666,521.125
data\raw\siena\PN06\PN06-3.edf,EEG P9,8082.0,134.7,517.0
data\raw\siena\PN06\PN06-3.edf,EEG P9,8082.5,134.70833333333334,512.5
data\raw\siena\PN06\PN06-3.edf,EEG P9,8083.0,134.71666666666667,519.125
data\raw\siena\PN06\PN06-3.edf,EEG P9,8083.5,134.725,519.125
data\raw\siena\PN06\PN06-3.edf,EEG P9,8084.0,134.73333333333332,524.25
data\raw\siena\PN06\PN06-3.edf,EEG P9,8084.5,134.74166666666667,530.125
data\raw\siena\PN06\PN06-3.edf,EEG P9,8085.0,134.75,529.5
data\raw\siena\PN06\PN06-3.edf,EEG P9,8085.5,134.75833333333333,519.5
data\raw\siena\PN06\PN06-3.edf,EEG P9,8086.0,134.76666666666668,536.75
data\raw\siena\PN06\PN06-3.edf,EEG P9,8086.5,134.775,541.125
data\raw\siena\PN06\PN06-3.edf,EEG P9,8087.0,134.78333333333333,549.75
data\raw\siena\PN06\PN06-3.edf,EEG P9,8087.5,134.79166666666666,545.6249999999999
data\raw\siena\PN06\PN06-3.edf,EEG P9,8088.0,134.8,534.2499999999999
data\raw\siena\PN06\PN06-3.edf,EEG P9,8088.5,134.80833333333334,546.5
data\raw\siena\PN06\PN06-3.edf,EEG P9,8089.0,134.81666666666666,552.75
data\raw\siena\PN06\PN06-3.edf,EEG P9,8089.5,134.825,511.5
data\raw\siena\PN06\PN06-3.edf,EEG P9,8090.0,134.83333333333334,508.125
data\raw\siena\PN06\PN06-3.edf,EEG P9,8090.5,134.84166666666667,511.125
data\raw\siena\PN06\PN06-3.edf,EEG P9,8091.0,134.85,527.375
data\raw\siena\PN06\PN06-3.edf,EEG P9,8091.5,134.85833333333332,520.125
data\raw\siena\PN06\PN06-3.edf,EEG P9,8092.0,134.86666666666667,533.75
data\raw\siena\PN06\PN06-3.edf,EEG P9,8092.5,134.875,529.875
data\raw\siena\PN06\PN06-3.edf,EEG P9,8093.0,134.88333333333333,539.0
data\raw\siena\PN06\PN06-3.edf,EEG P9,8093.5,134.89166666666668,546.0
data\raw\siena\PN06\PN06-3.edf,EEG P9,8094.0,134.9,551.25
data\raw\siena\PN06\PN06-3.edf,EEG P9,8094.5,134.90833333333333,534.125
data\raw\siena\PN06\PN06-3.edf,EEG P9,8095.0,134.91666666666666,520.0
data\raw\siena\PN06\PN06-3.edf,EEG P9,8095.5,134.925,526.375
data\raw\siena\PN06\PN06-3.edf,EEG P9,8096.0,134.93333333333334,528.25
data\raw\siena\PN06\PN06-3.edf,EEG P9,8096.5,134.94166666666666,563.875
data\raw\siena\PN06\PN06-3.edf,EEG P9,8097.0,134.95,562.625
data\raw\siena\PN06\PN06-3.edf,EEG P9,8097.5,134.95833333333334,542.25
data\raw\siena\PN06\PN06-3.edf,EEG P9,8098.0,134.96666666666667,537.375
data\raw\siena\PN06\PN06-3.edf,EEG P9,8098.5,134.975,528.75
data\raw\siena\PN06\PN06-3.edf,EEG P9,8099.0,134.98333333333332,530.0
data\raw\siena\PN06\PN06-3.edf,EEG P9,8099.5,134.99166666666667,573.875
data\raw\siena\PN06\PN06-3.edf,EEG P9,8100.0,135.0,555.5
data\raw\siena\PN06\PN06-3.edf,EEG P9,8100.5,135.00833333333333,544.875
data\raw\siena\PN06\PN06-3.edf,EEG P9,8101.0,135.01666666666668,552.25
data\raw\siena\PN06\PN06-3.edf,EEG P9,8101.5,135.025,547.375
data\raw\siena\PN06\PN06-3.edf,EEG P9,8102.0,135.03333333333333,547.625
data\raw\siena\PN06\PN06-3.edf,EEG P9,8102.5,135.04166666666666,518.125
data\raw\siena\PN06\PN06-3.edf,EEG P9,8103.0,135.05,523.75
data\raw\siena\PN06\PN06-3.edf,EEG P9,8103.5,135.05833333333334,529.375
data\raw\siena\PN06\PN06-3.edf,EEG P9,8104.0,135.06666666666666,535.875
data\raw\siena\PN06\PN06-3.edf,EEG P9,8104.5,135.075,536.375
data\raw\siena\PN06\PN06-3.edf,EEG P9,8105.0,135.08333333333334,514.25
data\raw\siena\PN06\PN06-3.edf,EEG P9,8105.5,135.09166666666667,519.875
data\raw\siena\PN06\PN06-3.edf,EEG P9,8106.0,135.1,526.0
data\raw\siena\PN06\PN06-3.edf,EEG P9,8106.5,135.10833333333332,548.125
data\raw\siena\PN06\PN06-3.edf,EEG P9,8107.0,135.11666666666667,525.625
data\raw\siena\PN06\PN06-3.edf,EEG P9,8107.5,135.125,528.5
data\raw\siena\PN06\PN06-3.edf,EEG P9,8108.0,135.13333333333333,523.875
data\raw\siena\PN06\PN06-3.edf,EEG P9,8108.5,135.14166666666668,527.5
data\raw\siena\PN06\PN06-3.edf,EEG P9,8109.0,135.15,525.375
data\raw\siena\PN06\PN06-3.edf,EEG P9,8109.5,135.15833333333333,529.375
data\raw\siena\PN06\PN06-3.edf,EEG P9,8110.0,135.16666666666666,533.125
data\raw\siena\PN06\PN06-3.edf,EEG P9,8110.5,135.175,534.25
data\raw\siena\PN06\PN06-3.edf,EEG P9,8111.0,135.18333333333334,517.5
data\raw\siena\PN06\PN06-3.edf,EEG P9,8111.5,135.19166666666666,530.875
data\raw\siena\PN06\PN06-3.edf,EEG P9,8112.0,135.2,530.375
data\raw\siena\PN06\PN06-3.edf,EEG P9,8112.5,135.20833333333334,531.25
data\raw\siena\PN06\PN06-3.edf,EEG P9,8113.0,135.21666666666667,536.875
data\raw\siena\PN06\PN06-3.edf,EEG P9,8113.5,135.225,536.875
data\raw\siena\PN06\PN06-3.edf,EEG P9,8114.0,135.23333333333332,516.125
data\raw\siena\PN06\PN06-3.edf,EEG P9,8114.5,135.24166666666667,532.875
data\raw\siena\PN06\PN06-3.edf,EEG P9,8115.0,135.25,527.875
data\raw\siena\PN06\PN06-3.edf,EEG P9,8115.5,135.25833333333333,534.875
data\raw\siena\PN06\PN06-3.edf,EEG P9,8116.0,135.26666666666668,526.3749999999999
data\raw\siena\PN06\PN06-3.edf,EEG P9,8116.5,135.275,520.875
data\raw\siena\PN06\PN06-3.edf,EEG P9,8117.0,135.28333333333333,526.5
data\raw\siena\PN06\PN06-3.edf,EEG P9,8117.5,135.29166666666666,523.25
data\raw\siena\PN06\PN06-3.edf,EEG P9,8118.0,135.3,524.125
data\raw\siena\PN06\PN06-3.edf,EEG P9,8118.5,135.30833333333334,520.125
data\raw\siena\PN06\PN06-3.edf,EEG P9,8119.0,135.31666666666666,521.625
data\raw\siena\PN06\PN06-3.edf,EEG P9,8119.5,135.325,518.75
data\raw\siena\PN06\PN06-3.edf,EEG P9,8120.0,135.33333333333334,520.0
data\raw\siena\PN06\PN06-3.edf,EEG P9,8120.5,135.34166666666667,521.5
data\raw\siena\PN06\PN06-3.edf,EEG P9,8121.0,135.35,529.75
data\raw\siena\PN06\PN06-3.edf,EEG P9,8121.5,135.35833333333332,535.25
data\raw\siena\PN06\PN06-3.edf,EEG P9,8122.0,135.36666666666667,520.625
data\raw\siena\PN06\PN06-3.edf,EEG P9,8122.5,135.375,521.75
data\raw\siena\PN06\PN06-3.edf,EEG P9,8123.0,135.38333333333333,521.25
data\raw\siena\PN06\PN06-3.edf,EEG P9,8123.5,135.39166666666668,524.625
data\raw\siena\PN06\PN06-3.edf,EEG P9,8124.0,135.4,541.75
data\raw\siena\PN06\PN06-3.edf,EEG P9,8124.5,135.40833333333333,541.75
data\raw\siena\PN06\PN06-3.edf,EEG P9,8125.0,135.41666666666666,550.0
data\raw\siena\PN06\PN06-3.edf,EEG P9,8125.5,135.425,550.0
data\raw\siena\PN06\PN06-3.edf,EEG P9,8126.0,135.43333333333334,531.75
data\raw\siena\PN06\PN06-3.edf,EEG P9,8126.5,135.44166666666666,518.125
data\raw\siena\PN06\PN06-3.edf,EEG P9,8127.0,135.45,523.125
data\raw\siena\PN06\PN06-3.edf,EEG P9,8127.5,135.45833333333334,541.25
data\raw\siena\PN06\PN06-3.edf,EEG P9,8128.0,135.46666666666667,531.625
data\raw\siena\PN06\PN06-3.edf,EEG P9,8128.5,135.475,528.625
data\raw\siena\PN06\PN06-3.edf,EEG P9,8129.0,135.48333333333332,529.625
data\raw\siena\PN06\PN06-3.edf,EEG P9,8129.5,135.49166666666667,546.75
data\raw\siena\PN06\PN06-3.edf,EEG P9,8130.0,135.5,546.75
data\raw\siena\PN06\PN06-3.edf,EEG P9,8130.5,135.50833333333333,578.75
data\raw\siena\PN06\PN06-3.edf,EEG P9,8131.0,135.51666666666668,552.125
data\raw\siena\PN06\PN06-3.edf,EEG P9,8131.5,135.525,535.75
data\raw\siena\PN06\PN06-3.edf,EEG P9,8132.0,135.53333333333333,548.375
data\raw\siena\PN06\PN06-3.edf,EEG P9,8132.5,135.54166666666666,522.125
data\raw\siena\PN06\PN06-3.edf,EEG P9,8133.0,135.55,516.2499999999999
data\raw\siena\PN06\PN06-3.edf,EEG P9,8133.5,135.55833333333334,527.75
data\raw\siena\PN06\PN06-3.edf,EEG P9,8134.0,135.56666666666666,517.8749999999999
data\raw\siena\PN06\PN06-3.edf,EEG P9,8134.5,135.575,553.25
data\raw\siena\PN06\PN06-3.edf,EEG P9,8135.0,135.58333333333334,530.125
data\raw\siena\PN06\PN06-3.edf,EEG P9,8135.5,135.59166666666667,544.625
data\raw\siena\PN06\PN06-3.edf,EEG P9,8136.0,135.6,531.0
data\raw\siena\PN06\PN06-3.edf,EEG P9,8136.5,135.60833333333332,519.75
data\raw\siena\PN06\PN06-3.edf,EEG P9,8137.0,135.61666666666667,534.75
data\raw\siena\PN06\PN06-3.edf,EEG P9,8137.5,135.625,527.125
data\raw\siena\PN06\PN06-3.edf,EEG P9,8138.0,135.63333333333333,525.875
data\raw\siena\PN06\PN06-3.edf,EEG P9,8138.5,135.64166666666668,527.25
data\raw\siena\PN06\PN06-3.edf,EEG P9,8139.0,135.65,524.0
data\raw\siena\PN06\PN06-3.edf,EEG P9,8139.5,135.65833333333333,527.9999999999999
data\raw\siena\PN06\PN06-3.edf,EEG P9,8140.0,135.66666666666666,535.625
data\raw\siena\PN06\PN06-3.edf,EEG P9,8140.5,135.675,536.5
data\raw\siena\PN06\PN06-3.edf,EEG P9,8141.0,135.68333333333334,524.875
data\raw\siena\PN06\PN06-3.edf,EEG P9,8141.5,135.69166666666666,530.125
data\raw\siena\PN06\PN06-3.edf,EEG P9,8142.0,135.7,526.375
data\raw\siena\PN06\PN06-3.edf,EEG P9,8142.5,135.70833333333334,525.0
data\raw\siena\PN06\PN06-3.edf,EEG P9,8143.0,135.71666666666667,530.0
data\raw\siena\PN06\PN06-3.edf,EEG P9,8143.5,135.725,534.875
data\raw\siena\PN06\PN06-3.edf,EEG P9,8144.0,135.73333333333332,535.75
data\raw\siena\PN06\PN06-3.edf,EEG P9,8144.5,135.74166666666667,525.125
data\raw\siena\PN06\PN06-3.edf,EEG P9,8145.0,135.75,519.625
data\raw\siena\PN06\PN06-3.edf,EEG P9,8145.5,135.75833333333333,539.125
data\raw\siena\PN06\PN06-3.edf,EEG P9,8146.0,135.76666666666668,538.0
data\raw\siena\PN06\PN06-3.edf,EEG P9,8146.5,135.775,526.125
data\raw\siena\PN06\PN06-3.edf,EEG P9,8147.0,135.78333333333333,527.75
data\raw\siena\PN06\PN06-3.edf,EEG P9,8147.5,135.79166666666666,525.125
data\raw\siena\PN06\PN06-3.edf,EEG P9,8148.0,135.8,525.0
data\raw\siena\PN06\PN06-3.edf,EEG P9,8148.5,135.80833333333334,527.125
data\raw\siena\PN06\PN06-3.edf,EEG P9,8149.0,135.81666666666666,526.75
data\raw\siena\PN06\PN06-3.edf,EEG P9,8149.5,135.825,522.5
data\raw\siena\PN06\PN06-3.edf,EEG P9,8150.0,135.83333333333334,522.25
data\raw\siena\PN06\PN06-3.edf,EEG P9,8150.5,135.84166666666667,531.375
data\raw\siena\PN06\PN06-3.edf,EEG P9,8151.0,135.85,526.5
data\raw\siena\PN06\PN06-3.edf,EEG P9,8151.5,135.85833333333332,514.75
data\raw\siena\PN06\PN06-3.edf,EEG P9,8152.0,135.86666666666667,532.5
data\raw\siena\PN06\PN06-3.edf,EEG P9,8152.5,135.875,525.625
data\raw\siena\PN06\PN06-3.edf,EEG P9,8153.0,135.88333333333333,534.875
data\raw\siena\PN06\PN06-3.edf,EEG P9,8153.5,135.89166666666668,522.375
data\raw\siena\PN06\PN06-3.edf,EEG P9,8154.0,135.9,520.0
data\raw\siena\PN06\PN06-3.edf,EEG P9,8154.5,135.90833333333333,517.25
data\raw\siena\PN06\PN06-3.edf,EEG P9,8155.0,135.91666666666666,525.75
data\raw\siena\PN06\PN06-3.edf,EEG P9,8155.5,135.925,534.375
data\raw\siena\PN06\PN06-3.edf,EEG P9,8156.0,135.93333333333334,559.375
data\raw\siena\PN06\PN06-3.edf,EEG P9,8156.5,135.94166666666666,538.375
data\raw\siena\PN06\PN06-3.edf,EEG P9,8157.0,135.95,520.875
data\raw\siena\PN06\PN06-3.edf,EEG P9,8157.5,135.95833333333334,521.375
data\raw\siena\PN06\PN06-3.edf,EEG P9,8158.0,135.96666666666667,528.875
data\raw\siena\PN06\PN06-3.edf,EEG P9,8158.5,135.975,524.5
data\raw\siena\PN06\PN06-3.edf,EEG P9,8159.0,135.98333333333332,528.5
data\raw\siena\PN06\PN06-3.edf,EEG P9,8159.5,135.99166666666667,520.5
data\raw\siena\PN06\PN06-3.edf,EEG P9,8160.0,136.0,514.875
data\raw\siena\PN06\PN06-3.edf,EEG P9,8160.5,136.00833333333333,527.875
data\raw\siena\PN06\PN06-3.edf,EEG P9,8161.0,136.01666666666668,532.0
data\raw\siena\PN06\PN06-3.edf,EEG P9,8161.5,136.025,526.625
data\raw\siena\PN06\PN06-3.edf,EEG P9,8162.0,136.03333333333333,536.125
data\raw\siena\PN06\PN06-3.edf,EEG P9,8162.5,136.04166666666666,537.5
data\raw\siena\PN06\PN06-3.edf,EEG P9,8163.0,136.05,525.75
data\raw\siena\PN06\PN06-3.edf,EEG P9,8163.5,136.05833333333334,524.375
data\raw\siena\PN06\PN06-3.edf,EEG P9,8164.0,136.06666666666666,531.625
data\raw\siena\PN06\PN06-3.edf,EEG P9,8164.5,136.075,548.0
data\raw\siena\PN06\PN06-3.edf,EEG P9,8165.0,136.08333333333334,535.3749999999999
data\raw\siena\PN06\PN06-3.edf,EEG P9,8165.5,136.09166666666667,520.75
data\raw\siena\PN06\PN06-3.edf,EEG P9,8166.0,136.1,556.75
data\raw\siena\PN06\PN06-3.edf,EEG P9,8166.5,136.10833333333332,554.625
data\raw\siena\PN06\PN06-3.edf,EEG P9,8167.0,136.11666666666667,551.375
data\raw\siena\PN06\PN06-3.edf,EEG P9,8167.5,136.125,555.375
data\raw\siena\PN06\PN06-3.edf,EEG P9,8168.0,136.13333333333333,534.1249999999999
data\raw\siena\PN06\PN06-3.edf,EEG P9,8168.5,136.14166666666668,538.5
data\raw\siena\PN06\PN06-3.edf,EEG P9,8169.0,136.15,525.75
data\raw\siena\PN06\PN06-3.edf,EEG P9,8169.5,136.15833333333333,531.7499999999999
data\raw\siena\PN06\PN06-3.edf,EEG P9,8170.0,136.16666666666666,531.7499999999999
data\raw\siena\PN06\PN06-3.edf,EEG P9,8170.5,136.175,546.25
data\raw\siena\PN06\PN06-3.edf,EEG P9,8171.0,136.18333333333334,535.25
data\raw\siena\PN06\PN06-3.edf,EEG P9,8171.5,136.19166666666666,560.625
data\raw\siena\PN06\PN06-3.edf,EEG P9,8172.0,136.2,562.75
data\raw\siena\PN06\PN06-3.edf,EEG P9,8172.5,136.20833333333334,524.125
data\raw\siena\PN06\PN06-3.edf,EEG P9,8173.0,136.21666666666667,520.625
data\raw\siena\PN06\PN06-3.edf,EEG P9,8173.5,136.225,519.875
data\raw\siena\PN06\PN06-3.edf,EEG P9,8174.0,136.23333333333332,520.25
data\raw\siena\PN06\PN06-3.edf,EEG P9,8174.5,136.24166666666667,521.875
data\raw\siena\PN06\PN06-3.edf,EEG P9,8175.0,136.25,524.625
data\raw\siena\PN06\PN06-3.edf,EEG P9,8175.5,136.25833333333333,538.5
data\raw\siena\PN06\PN06-3.edf,EEG P9,8176.0,136.26666666666668,543.1249999999999
data\raw\siena\PN06\PN06-3.edf,EEG P9,8176.5,136.275,543.1249999999999
data\raw\siena\PN06\PN06-3.edf,EEG P9,8177.0,136.28333333333333,526.125
data\raw\siena\PN06\PN06-3.edf,EEG P9,8177.5,136.29166666666666,520.125
data\raw\siena\PN06\PN06-3.edf,EEG P9,8178.0,136.3,517.75
data\raw\siena\PN06\PN06-3.edf,EEG P9,8178.5,136.30833333333334,531.2499999999999
data\raw\siena\PN06\PN06-3.edf,EEG P9,8179.0,136.31666666666666,544.625
data\raw\siena\PN06\PN06-3.edf,EEG P9,8179.5,136.325,530.125
data\raw\siena\PN06\PN06-3.edf,EEG P10,0.5,0.008333333333333333,495.125
data\raw\siena\PN06\PN06-3.edf,EEG P10,1.0,0.016666666666666666,494.5
data\raw\siena\PN06\PN06-3.edf,EEG P10,1.5,0.025,496.99999999999994
data\raw\siena\PN06\PN06-3.edf,EEG P10,2.0,0.03333333333333333,498.0
data\raw\siena\PN06\PN06-3.edf,EEG P10,2.5,0.041666666666666664,505.75
data\raw\siena\PN06\PN06-3.edf,EEG P10,3.0,0.05,483.625
data\raw\siena\PN06\PN06-3.edf,EEG P10,3.5,0.058333333333333334,491.125
data\raw\siena\PN06\PN06-3.edf,EEG P10,4.0,0.06666666666666667,485.0
data\raw\siena\PN06\PN06-3.edf,EEG P10,4.5,0.075,485.0
data\raw\siena\PN06\PN06-3.edf,EEG P10,5.0,0.08333333333333333,481.5
data\raw\siena\PN06\PN06-3.edf,EEG P10,5.5,0.09166666666666666,481.75
data\raw\siena\PN06\PN06-3.edf,EEG P10,6.0,0.1,482.75
data\raw\siena\PN06\PN06-3.edf,EEG P10,6.5,0.10833333333333334,482.125
data\raw\siena\PN06\PN06-3.edf,EEG P10,7.0,0.11666666666666667,477.5
data\raw\siena\PN06\PN06-3.edf,EEG P10,7.5,0.125,486.5
data\raw\siena\PN06\PN06-3.edf,EEG P10,8.0,0.13333333333333333,483.375
data\raw\siena\PN06\PN06-3.edf,EEG P10,8.5,0.14166666666666666,486.37499999999994
data\raw\siena\PN06\PN06-3.edf,EEG P10,9.0,0.15,490.375
data\raw\siena\PN06\PN06-3.edf,EEG P10,9.5,0.15833333333333333,487.125
data\raw\siena\PN06\PN06-3.edf,EEG P10,10.0,0.16666666666666666,501.75
data\raw\siena\PN06\PN06-3.edf,EEG P10,10.5,0.175,490.87499999999994
data\raw\siena\PN06\PN06-3.edf,EEG P10,11.0,0.18333333333333332,484.49999999999994
data\raw\siena\PN06\PN06-3.edf,EEG P10,11.5,0.19166666666666668,498.0
data\raw\siena\PN06\PN06-3.edf,EEG P10,12.0,0.2,494.875
data\raw\siena\PN06\PN06-3.edf,EEG P10,12.5,0.20833333333333334,495.25
data\raw\siena\PN06\PN06-3.edf,EEG P10,13.0,0.21666666666666667,484.875
data\raw\siena\PN06\PN06-3.edf,EEG P10,13.5,0.225,493.625
data\raw\siena\PN06\PN06-3.edf,EEG P10,14.0,0.23333333333333334,500.87499999999994
data\raw\siena\PN06\PN06-3.edf,EEG P10,14.5,0.24166666666666667,495.75
data\raw\siena\PN06\PN06-3.edf,EEG P10,15.0,0.25,507.375
data\raw\siena\PN06\PN06-3.edf,EEG P10,15.5,0.25833333333333336,485.0
data\raw\siena\PN06\PN06-3.edf,EEG P10,16.0,0.26666666666666666,484.25
data\raw\siena\PN06\PN06-3.edf,EEG P10,16.5,0.275,510.37499999999994
data\raw\siena\PN06\PN06-3.edf,EEG P10,17.0,0.2833333333333333,504.12499999999994
data\raw\siena\PN06\PN06-3.edf,EEG P10,17.5,0.2916666666666667,500.875
data\raw\siena\PN06\PN06-3.edf,EEG P10,18.0,0.3,510.75
data\raw\siena\PN06\PN06-3.edf,EEG P10,18.5,0.30833333333333335,507.375
data\raw\siena\PN06\PN06-3.edf,EEG P10,19.0,0.31666666666666665,517.5
data\raw\siena\PN06\PN06-3.edf,EEG P10,19.5,0.325,507.0
data\raw\siena\PN06\PN06-3.edf,EEG P10,20.0,0.3333333333333333,491.5
data\raw\siena\PN06\PN06-3.edf,EEG P10,20.5,0.3416666666666667,502.875
data\raw\siena\PN06\PN06-3.edf,EEG P10,21.0,0.35,509.375
data\raw\siena\PN06\PN06-3.edf,EEG P10,21.5,0.35833333333333334,506.375
data\raw\siena\PN06\PN06-3.edf,EEG P10,22.0,0.36666666666666664,494.875
data\raw\siena\PN06\PN06-3.edf,EEG P10,22.5,0.375,498.25
data\raw\siena\PN06\PN06-3.edf,EEG P10,23.0,0.38333333333333336,492.25
data\raw\siena\PN06\PN06-3.edf,EEG P10,23.5,0.39166666666666666,495.0
data\raw\siena\PN06\PN06-3.edf,EEG P10,24.0,0.4,486.875
data\raw\siena\PN06\PN06-3.edf,EEG P10,24.5,0.4083333333333333,502.375
data\raw\siena\PN06\PN06-3.edf,EEG P10,25.0,0.4166666666666667,497.625
data\raw\siena\PN06\PN06-3.edf,EEG P10,25.5,0.425,489.75
data\raw\siena\PN06\PN06-3.edf,EEG P10,26.0,0.43333333333333335,489.75
data\raw\siena\PN06\PN06-3.edf,EEG P10,26.5,0.44166666666666665,498.0
data\raw\siena\PN06\PN06-3.edf,EEG P10,27.0,0.45,498.0
data\raw\siena\PN06\PN06-3.edf,EEG P10,27.5,0.4583333333333333,495.25
data\raw\siena\PN06\PN06-3.edf,EEG P10,28.0,0.4666666666666667,494.875
data\raw\siena\PN06\PN06-3.edf,EEG P10,28.5,0.475,492.375
data\raw\siena\PN06\PN06-3.edf,EEG P10,29.0,0.48333333333333334,487.49999999999994
data\raw\siena\PN06\PN06-3.edf,EEG P10,29.5,0.49166666666666664,483.0
data\raw\siena\PN06\PN06-3.edf,EEG P10,30.0,0.5,489.75
data\raw\siena\PN06\PN06-3.edf,EEG P10,30.5,0.5083333333333333,493.5
data\raw\siena\PN06\PN06-3.edf,EEG P10,31.0,0.5166666666666667,501.625
data\raw\siena\PN06\PN06-3.edf,EEG P10,31.5,0.525,501.75
data\raw\siena\PN06\PN06-3.edf,EEG P10,32.0,0.5333333333333333,496.25
data\raw\siena\PN06\PN06-3.edf,EEG P10,32.5,0.5416666666666666,495.25
data\raw\siena\PN06\PN06-3.edf,EEG P10,33.0,0.55,492.625
data\raw\siena\PN06\PN06-3.edf,EEG P10,33.5,0.5583333333333333,490.125
data\raw\siena\PN06\PN06-3.edf,EEG P10,34.0,0.5666666666666667,488.875
data\raw\siena\PN06\PN06-3.edf,EEG P10,34.5,0.575,492.125
data\raw\siena\PN06\PN06-3.edf,EEG P10,35.0,0.5833333333333334,486.25
data\raw\siena\PN06\PN06-3.edf,EEG P10,35.5,0.5916666666666667,496.37499999999994
data\raw\siena\PN06\PN06-3.edf,EEG P10,36.0,0.6,501.62499999999994
data\raw\siena\PN06\PN06-3.edf,EEG P10,36.5,0.6083333333333333,515.7499999999999
data\raw\siena\PN06\PN06-3.edf,EEG P10,37.0,0.6166666666666667,512.75
data\raw\siena\PN06\PN06-3.edf,EEG P10,37.5,0.625,511.25
data\raw\siena\PN06\PN06-3.edf,EEG P10,38.0,0.6333333333333333,511.25
data\raw\siena\PN06\PN06-3.edf,EEG P10,38.5,0.6416666666666667,489.5
data\raw\siena\PN06\PN06-3.edf,EEG P10,39.0,0.65,480.0
data\raw\siena\PN06\PN06-3.edf,EEG P10,39.5,0.6583333333333333,500.375
data\raw\siena\PN06\PN06-3.edf,EEG P10,40.0,0.6666666666666666,500.375
data\raw\siena\PN06\PN06-3.edf,EEG P10,40.5,0.675,503.375
data\raw\siena\PN06\PN06-3.edf,EEG P10,41.0,0.6833333333333333,499.375
data\raw\siena\PN06\PN06-3.edf,EEG P10,41.5,0.6916666666666667,505.75
data\raw\siena\PN06\PN06-3.edf,EEG P10,42.0,0.7,501.625
data\raw\siena\PN06\PN06-3.edf,EEG P10,42.5,0.7083333333333334,492.625
data\raw\siena\PN06\PN06-3.edf,EEG P10,43.0,0.7166666666666667,482.0
data\raw\siena\PN06\PN06-3.edf,EEG P10,43.5,0.725,487.25
data\raw\siena\PN06\PN06-3.edf,EEG P10,44.0,0.7333333333333333,488.125
data\raw\siena\PN06\PN06-3.edf,EEG P10,44.5,0.7416666666666667,482.625
data\raw\siena\PN06\PN06-3.edf,EEG P10,45.0,0.75,499.49999999999994
data\raw\siena\PN06\PN06-3.edf,EEG P10,45.5,0.7583333333333333,497.12499999999994
data\raw\siena\PN06\PN06-3.edf,EEG P10,46.0,0.7666666666666667,490.5
data\raw\siena\PN06\PN06-3.edf,EEG P10,46.5,0.775,480.75
data\raw\siena\PN06\PN06-3.edf,EEG P10,47.0,0.7833333333333333,491.375
data\raw\siena\PN06\PN06-3.edf,EEG P10,47.5,0.7916666666666666,498.75
data\raw\siena\PN06\PN06-3.edf,EEG P10,48.0,0.8,490.0
data\raw\siena\PN06\PN06-3.edf,EEG P10,48.5,0.8083333333333333,500.0
data\raw\siena\PN06\PN06-3.edf,EEG P10,49.0,0.8166666666666667,496.75
data\raw\siena\PN06\PN06-3.edf,EEG P10,49.5,0.825,486.875
data\raw\siena\PN06\PN06-3.edf,EEG P10,50.0,0.8333333333333334,495.25
data\raw\siena\PN06\PN06-3.edf,EEG P10,50.5,0.8416666666666667,490.99999999999994
data\raw\siena\PN06\PN06-3.edf,EEG P10,51.0,0.85,485.24999999999994
data\raw\siena\PN06\PN06-3.edf,EEG P10,51.5,0.8583333333333333,480.0
data\raw\siena\PN06\PN06-3.edf,EEG P10,52.0,0.8666666666666667,489.125
data\raw\siena\PN06\PN06-3.edf,EEG P10,52.5,0.875,501.75
data\raw\siena\PN06\PN06-3.edf,EEG P10,53.0,0.8833333333333333,505.375
data\raw\siena\PN06\PN06-3.edf,EEG P10,53.5,0.8916666666666667,489.75
data\raw\siena\PN06\PN06-3.edf,EEG P10,54.0,0.9,497.875
data\raw\siena\PN06\PN06-3.edf,EEG P10,54.5,0.9083333333333333,497.875
data\raw\siena\PN06\PN06-3.edf,EEG P10,55.0,0.9166666666666666,505.875
data\raw\siena\PN06\PN06-3.edf,EEG P10,55.5,0.925,501.875
data\raw\siena\PN06\PN06-3.edf,EEG P10,56.0,0.9333333333333333,504.125
data\raw\siena\PN06\PN06-3.edf,EEG P10,56.5,0.9416666666666667,509.75
data\raw\siena\PN06\PN06-3.edf,EEG P10,57.0,0.95,501.875
data\raw\siena\PN06\PN06-3.edf,EEG P10,57.5,0.9583333333333334,494.49999999999994
data\raw\siena\PN06\PN06-3.edf,EEG P10,58.0,0.9666666666666667,491.5
data\raw\siena\PN06\PN06-3.edf,EEG P10,58.5,0.975,497.25
data\raw\siena\PN06\PN06-3.edf,EEG P10,59.0,0.9833333333333333,483.375
data\raw\siena\PN06\PN06-3.edf,EEG P10,59.5,0.9916666666666667,490.625
data\raw\siena\PN06\PN06-3.edf,EEG P10,60.0,1.0,500.74999999999994
data\raw\siena\PN06\PN06-3.edf,EEG P10,60.5,1.0083333333333333,496.875
data\raw\siena\PN06\PN06-3.edf,EEG P10,61.0,1.0166666666666666,514.25
data\raw\siena\PN06\PN06-3.edf,EEG P10,61.5,1.025,493.5
data\raw\siena\PN06\PN06-3.edf,EEG P10,62.0,1.0333333333333334,492.375
data\raw\siena\PN06\PN06-3.edf,EEG P10,62.5,1.0416666666666667,505.0
data\raw\siena\PN06\PN06-3.edf,EEG P10,63.0,1.05,505.0
data\raw\siena\PN06\PN06-3.edf,EEG P10,63.5,1.0583333333333333,489.0
data\raw\siena\PN06\PN06-3.edf,EEG P10,64.0,1.0666666666666667,493.62499999999994
data\raw\siena\PN06\PN06-3.edf,EEG P10,64.5,1.075,494.375
data\raw\siena\PN06\PN06-3.edf,EEG P10,65.0,1.0833333333333333,499.125
data\raw\siena\PN06\PN06-3.edf,EEG P10,65.5,1.0916666666666666,499.375
data\raw\siena\PN06\PN06-3.edf,EEG P10,66.0,1.1,489.99999999999994
data\raw\siena\PN06\PN06-3.edf,EEG P10,66.5,1.1083333333333334,493.0
data\raw\siena\PN06\PN06-3.edf,EEG P10,67.0,1.1166666666666667,492.5
data\raw\siena\PN06\PN06-3.edf,EEG P10,67.5,1.125,487.875
data\raw\siena\PN06\PN06-3.edf,EEG P10,68.0,1.1333333333333333,497.125
data\raw\siena\PN06\PN06-3.edf,EEG P10,68.5,1.1416666666666666,480.375
data\raw\siena\PN06\PN06-3.edf,EEG P10,69.0,1.15,485.74999999999994
data\raw\siena\PN06\PN06-3.edf,EEG P10,69.5,1.1583333333333334,485.74999999999994
data\raw\siena\PN06\PN06-3.edf,EEG P10,70.0,1.1666666666666667,487.125
data\raw\siena\PN06\PN06-3.edf,EEG P10,70.5,1.175,490.0
data\raw\siena\PN06\PN06-3.edf,EEG P10,71.0,1.1833333333333333,501.75
data\raw\siena\PN06\PN06-3.edf,EEG P10,71.5,1.1916666666666667,501.625
data\raw\siena\PN06\PN06-3.edf,EEG P10,72.0,1.2,486.375
data\raw\siena\PN06\PN06-3.edf,EEG P10,72.5,1.2083333333333333,489.25
data\raw\siena\PN06\PN06-3.edf,EEG P10,73.0,1.2166666666666666,481.25
data\raw\siena\PN06\PN06-3.edf,EEG P10,73.5,1.225,482.25
data\raw\siena\PN06\PN06-3.edf,EEG P10,74.0,1.2333333333333334,487.0
data\raw\siena\PN06\PN06-3.edf,EEG P10,74.5,1.2416666666666667,492.0
data\raw\siena\PN06\PN06-3.edf,EEG P10,75.0,1.25,492.0
data\raw\siena\PN06\PN06-3.edf,EEG P10,75.5,1.2583333333333333,487.25
data\raw\siena\PN06\PN06-3.edf,EEG P10,76.0,1.2666666666666666,480.625
data\raw\siena\PN06\PN06-3.edf,EEG P10,76.5,1.275,489.125
data\raw\siena\PN06\PN06-3.edf,EEG P10,77.0,1.2833333333333334,498.375
data\raw\siena\PN06\PN06-3.edf,EEG P10,77.5,1.2916666666666667,496.25
data\raw\siena\PN06\PN06-3.edf,EEG P10,78.0,1.3,495.75
data\raw\siena\PN06\PN06-3.edf,EEG P10,78.5,1.3083333333333333,489.5
data\raw\siena\PN06\PN06-3.edf,EEG P10,79.0,1.3166666666666667,502.125
data\raw\siena\PN06\PN06-3.edf,EEG P10,79.5,1.325,502.5
data\raw\siena\PN06\PN06-3.edf,EEG P10,80.0,1.3333333333333333,491.75
data\raw\siena\PN06\PN06-3.edf,EEG P10,80.5,1.3416666666666666,477.0
data\raw\siena\PN06\PN06-3.edf,EEG P10,81.0,1.35,494.125
data\raw\siena\PN06\PN06-3.edf,EEG P10,81.5,1.3583333333333334,497.25
data\raw\siena\PN06\PN06-3.edf,EEG P10,82.0,1.3666666666666667,503.25
data\raw\siena\PN06\PN06-3.edf,EEG P10,82.5,1.375,503.25
data\raw\siena\PN06\PN06-3.edf,EEG P10,83.0,1.3833333333333333,494.5
data\raw\siena\PN06\PN06-3.edf,EEG P10,83.5,1.3916666666666666,489.625
data\raw\siena\PN06\PN06-3.edf,EEG P10,84.0,1.4,497.625
data\raw\siena\PN06\PN06-3.edf,EEG P10,84.5,1.4083333333333334,497.625
data\raw\siena\PN06\PN06-3.edf,EEG P10,85.0,1.4166666666666667,496.875
data\raw\siena\PN06\PN06-3.edf,EEG P10,85.5,1.425,492.375
data\raw\siena\PN06\PN06-3.edf,EEG P10,86.0,1.4333333333333333,497.375
data\raw\siena\PN06\PN06-3.edf,EEG P10,86.5,1.4416666666666667,511.25
data\raw\siena\PN06\PN06-3.edf,EEG P10,87.0,1.45,518.0
data\raw\siena\PN06\PN06-3.edf,EEG P10,87.5,1.4583333333333333,490.125
data\raw\siena\PN06\PN06-3.edf,EEG P10,88.0,1.4666666666666666,501.375
data\raw\siena\PN06\PN06-3.edf,EEG P10,88.5,1.475,492.25
data\raw\siena\PN06\PN06-3.edf,EEG P10,89.0,1.4833333333333334,505.125
data\raw\siena\PN06\PN06-3.edf,EEG P10,89.5,1.4916666666666667,493.75
data\raw\siena\PN06\PN06-3.edf,EEG P10,90.0,1.5,496.0
data\raw\siena\PN06\PN06-3.edf,EEG P10,90.5,1.5083333333333333,487.875
data\raw\siena\PN06\PN06-3.edf,EEG P10,91.0,1.5166666666666666,484.5
data\raw\siena\PN06\PN06-3.edf,EEG P10,91.5,1.525,480.25
data\raw\siena\PN06\PN06-3.edf,EEG P10,92.0,1.5333333333333334,485.5
data\raw\siena\PN06\PN06-3.edf,EEG P10,92.5,1.5416666666666667,485.5
data\raw\siena\PN06\PN06-3.edf,EEG P10,93.0,1.55,481.25
data\raw\siena\PN06\PN06-3.edf,EEG P10,93.5,1.5583333333333333,495.125
data\raw\siena\PN06\PN06-3.edf,EEG P10,94.0,1.5666666666666667,491.375
data\raw\siena\PN06\PN06-3.edf,EEG P10,94.5,1.575,498.875
data\raw\siena\PN06\PN06-3.edf,EEG P10,95.0,1.5833333333333333,499.25
data\raw\siena\PN06\PN06-3.edf,EEG P10,95.5,1.5916666666666666,492.75
data\raw\siena\PN06\PN06-3.edf,EEG P10,96.0,1.6,483.5
data\raw\siena\PN06\PN06-3.edf,EEG P10,96.5,1.6083333333333334,479.375
data\raw\siena\PN06\PN06-3.edf,EEG P10,97.0,1.6166666666666667,498.75
data\raw\siena\PN06\PN06-3.edf,EEG P10,97.5,1.625,502.875
data\raw\siena\PN06\PN06-3.edf,EEG P10,98.0,1.6333333333333333,507.75
data\raw\siena\PN06\PN06-3.edf,EEG P10,98.5,1.6416666666666666,507.75
data\raw\siena\PN06\PN06-3.edf,EEG P10,99.0,1.65,488.0
data\raw\siena\PN06\PN06-3.edf,EEG P10,99.5,1.6583333333333334,489.75
data\raw\siena\PN06\PN06-3.edf,EEG P10,100.0,1.6666666666666667,495.0
data\raw\siena\PN06\PN06-3.edf,EEG P10,100.5,1.675,491.49999999999994
data\raw\siena\PN06\PN06-3.edf,EEG P10,101.0,1.6833333333333333,500.25
data\raw\siena\PN06\PN06-3.edf,EEG P10,101.5,1.6916666666666667,489.125
data\raw\siena\PN06\PN06-3.edf,EEG P10,102.0,1.7,494.125
data\raw\siena\PN06\PN06-3.edf,EEG P10,102.5,1.7083333333333333,508.75
data\raw\siena\PN06\PN06-3.edf,EEG P10,103.0,1.7166666666666666,508.75
data\raw\siena\PN06\PN06-3.edf,EEG P10,103.5,1.725,493.0
data\raw\siena\PN06\PN06-3.edf,EEG P10,104.0,1.7333333333333334,510.5
data\raw\siena\PN06\PN06-3.edf,EEG P10,104.5,1.7416666666666667,523.875
data\raw\siena\PN06\PN06-3.edf,EEG P10,105.0,1.75,489.25
data\raw\siena\PN06\PN06-3.edf,EEG P10,105.5,1.7583333333333333,496.62499999999994
data\raw\siena\PN06\PN06-3.edf,EEG P10,106.0,1.7666666666666666,496.62499999999994
data\raw\siena\PN06\PN06-3.edf,EEG P10,106.5,1.775,481.625
data\raw\siena\PN06\PN06-3.edf,EEG P10,107.0,1.7833333333333334,492.25
data\raw\siena\PN06\PN06-3.edf,EEG P10,107.5,1.7916666666666667,500.25
data\raw\siena\PN06\PN06-3.edf,EEG P10,108.0,1.8,490.25
data\raw\siena\PN06\PN06-3.edf,EEG P10,108.5,1.8083333333333333,510.625
data\raw\siena\PN06\PN06-3.edf,EEG P10,109.0,1.8166666666666667,504.375
data\raw\siena\PN06\PN06-3.edf,EEG P10,109.5,1.825,488.0
data\raw\siena\PN06\PN06-3.edf,EEG P10,110.0,1.8333333333333333,489.25
data\raw\siena\PN06\PN06-3.edf,EEG P10,110.5,1.8416666666666666,507.375
data\raw\siena\PN06\PN06-3.edf,EEG P10,111.0,1.85,498.375
data\raw\siena\PN06\PN06-3.edf,EEG P10,111.5,1.8583333333333334,491.875
data\raw\siena\PN06\PN06-3.edf,EEG P10,112.0,1.8666666666666667,490.75
data\raw\siena\PN06\PN06-3.edf,EEG P10,112.5,1.875,500.24999999999994
data\raw\siena\PN06\PN06-3.edf,EEG P10,113.0,1.8833333333333333,500.24999999999994
data\raw\siena\PN06\PN06-3.edf,EEG P10,113.5,1.8916666666666666,494.5
data\raw\siena\PN06\PN06-3.edf,EEG P10,114.0,1.9,483.625
data\raw\siena\PN06\PN06-3.edf,EEG P10,114.5,1.9083333333333334,488.625
data\raw\siena\PN06\PN06-3.edf,EEG P10,115.0,1.9166666666666667,485.625
data\raw\siena\PN06\PN06-3.edf,EEG P10,115.5,1.925,497.875
data\raw\siena\PN06\PN06-3.edf,EEG P10,116.0,1.9333333333333333,502.75
data\raw\siena\PN06\PN06-3.edf,EEG P10,116.5,1.9416666666666667,486.375
data\raw\siena\PN06\PN06-3.edf,EEG P10,117.0,1.95,486.375
data\raw\siena\PN06\PN06-3.edf,EEG P10,117.5,1.9583333333333333,488.37499999999994
data\raw\siena\PN06\PN06-3.edf,EEG P10,118.0,1.9666666666666666,488.37499999999994
data\raw\siena\PN06\PN06-3.edf,EEG P10,118.5,1.975,482.87499999999994
data\raw\siena\PN06\PN06-3.edf,EEG P10,119.0,1.9833333333333334,486.125
data\raw\siena\PN06\PN06-3.edf,EEG P10,119.5,1.9916666666666667,495.125
data\raw\siena\PN06\PN06-3.edf,EEG P10,120.0,2.0,496.75
data\raw\siena\PN06\PN06-3.edf,EEG P10,120.5,2.0083333333333333,483.75
data\raw\siena\PN06\PN06-3.edf,EEG P10,121.0,2.0166666666666666,482.25
data\raw\siena\PN06\PN06-3.edf,EEG P10,121.5,2.025,492.625
data\raw\siena\PN06\PN06-3.edf,EEG P10,122.0,2.033333333333333,496.25
data\raw\siena\PN06\PN06-3.edf,EEG P10,122.5,2.0416666666666665,490.5
data\raw\siena\PN06\PN06-3.edf,EEG P10,123.0,2.05,488.875
data\raw\siena\PN06\PN06-3.edf,EEG P10,123.5,2.058333333333333,479.875
data\raw\siena\PN06\PN06-3.edf,EEG P10,124.0,2.066666666666667,492.99999999999994
data\raw\siena\PN06\PN06-3.edf,EEG P10,124.5,2.075,492.99999999999994
data\raw\siena\PN06\PN06-3.edf,EEG P10,125.0,2.0833333333333335,482.875
data\raw\siena\PN06\PN06-3.edf,EEG P10,125.5,2.091666666666667,497.375
data\raw\siena\PN06\PN06-3.edf,EEG P10,126.0,2.1,517.875
data\raw\siena\PN06\PN06-3.edf,EEG P10,126.5,2.1083333333333334,519.625
data\raw\siena\PN06\PN06-3.edf,EEG P10,127.0,2.1166666666666667,494.875
data\raw\siena\PN06\PN06-3.edf,EEG P10,127.5,2.125,490.0
data\raw\siena\PN06\PN06-3.edf,EEG P10,128.0,2.1333333333333333,488.5
data\raw\siena\PN06\PN06-3.edf,EEG P10,128.5,2.1416666666666666,498.125
data\raw\siena\PN06\PN06-3.edf,EEG P10,129.0,2.15,498.125
data\raw\siena\PN06\PN06-3.edf,EEG P10,129.5,2.158333333333333,505.5
data\raw\siena\PN06\PN06-3.edf,EEG P10,130.0,2.1666666666666665,503.5
data\raw\siena\PN06\PN06-3.edf,EEG P10,130.5,2.175,499.75
data\raw\siena\PN06\PN06-3.edf,EEG P10,131.0,2.183333333333333,517.375
data\raw\siena\PN06\PN06-3.edf,EEG P10,131.5,2.191666666666667,515.25
data\raw\siena\PN06\PN06-3.edf,EEG P10,132.0,2.2,492.0
data\raw\siena\PN06\PN06-3.edf,EEG P10,132.5,2.2083333333333335,489.0
data\raw\siena\PN06\PN06-3.edf,EEG P10,133.0,2.216666666666667,499.25
data\raw\siena\PN06\PN06-3.edf,EEG P10,133.5,2.225,510.25
data\raw\siena\PN06\PN06-3.edf,EEG P10,134.0,2.2333333333333334,503.5
data\raw\siena\PN06\PN06-3.edf,EEG P10,134.5,2.2416666666666667,490.75
data\raw\siena\PN06\PN06-3.edf,EEG P10,135.0,2.25,489.0
data\raw\siena\PN06\PN06-3.edf,EEG P10,135.5,2.2583333333333333,495.25
data\raw\siena\PN06\PN06-3.edf,EEG P10,136.0,2.2666666666666666,507.875
data\raw\siena\PN06\PN06-3.edf,EEG P10,136.5,2.275,502.25
data\raw\siena\PN06\PN06-3.edf,EEG P10,137.0,2.283333333333333,491.125
data\raw\siena\PN06\PN06-3.edf,EEG P10,137.5,2.2916666666666665,491.625
data\raw\siena\PN06\PN06-3.edf,EEG P10,138.0,2.3,489.125
data\raw\siena\PN06\PN06-3.edf,EEG P10,138.5,2.308333333333333,484.5
data\raw\siena\PN06\PN06-3.edf,EEG P10,139.0,2.316666666666667,492.625
data\raw\siena\PN06\PN06-3.edf,EEG P10,139.5,2.325,492.25
data\raw\siena\PN06\PN06-3.edf,EEG P10,140.0,2.3333333333333335,500.49999999999994
data\raw\siena\PN06\PN06-3.edf,EEG P10,140.5,2.341666666666667,499.75
data\raw\siena\PN06\PN06-3.edf,EEG P10,141.0,2.35,500.25
data\raw\siena\PN06\PN06-3.edf,EEG P10,141.5,2.3583333333333334,494.0
data\raw\siena\PN06\PN06-3.edf,EEG P10,142.0,2.3666666666666667,496.12499999999994
data\raw\siena\PN06\PN06-3.edf,EEG P10,142.5,2.375,491.75
data\raw\siena\PN06\PN06-3.edf,EEG P10,143.0,2.3833333333333333,480.25
data\raw\siena\PN06\PN06-3.edf,EEG P10,143.5,2.3916666666666666,492.375
data\raw\siena\PN06\PN06-3.edf,EEG P10,144.0,2.4,497.0
data\raw\siena\PN06\PN06-3.edf,EEG P10,144.5,2.408333333333333,500.375
data\raw\siena\PN06\PN06-3.edf,EEG P10,145.0,2.4166666666666665,496.625
data\raw\siena\PN06\PN06-3.edf,EEG P10,145.5,2.425,492.125
data\raw\siena\PN06\PN06-3.edf,EEG P10,146.0,2.433333333333333,489.625
data\raw\siena\PN06\PN06-3.edf,EEG P10,146.5,2.441666666666667,498.75
data\raw\siena\PN06\PN06-3.edf,EEG P10,147.0,2.45,498.75
data\raw\siena\PN06\PN06-3.edf,EEG P10,147.5,2.4583333333333335,485.25
data\raw\siena\PN06\PN06-3.edf,EEG P10,148.0,2.466666666666667,492.125
data\raw\siena\PN06\PN06-3.edf,EEG P10,148.5,2.475,500.87499999999994
data\raw\siena\PN06\PN06-3.edf,EEG P10,149.0,2.4833333333333334,503.5
data\raw\siena\PN06\PN06-3.edf,EEG P10,149.5,2.4916666666666667,493.0
data\raw\siena\PN06\PN06-3.edf,EEG P10,150.0,2.5,505.0
data\raw\siena\PN06\PN06-3.edf,EEG P10,150.5,2.5083333333333333,499.25
data\raw\siena\PN06\PN06-3.edf,EEG P10,151.0,2.5166666666666666,490.375
data\raw\siena\PN06\PN06-3.edf,EEG P10,151.5,2.525,483.125
data\raw\siena\PN06\PN06-3.edf,EEG P10,152.0,2.533333333333333,484.25
data\raw\siena\PN06\PN06-3.edf,EEG P10,152.5,2.5416666666666665,485.875
data\raw\siena\PN06\PN06-3.edf,EEG P10,153.0,2.55,489.125
data\raw\siena\PN06\PN06-3.edf,EEG P10,153.5,2.558333333333333,492.0
data\raw\siena\PN06\PN06-3.edf,EEG P10,154.0,2.566666666666667,490.125
data\raw\siena\PN06\PN06-3.edf,EEG P10,154.5,2.575,490.0
data\raw\siena\PN06\PN06-3.edf,EEG P10,155.0,2.5833333333333335,495.75
data\raw\siena\PN06\PN06-3.edf,EEG P10,155.5,2.591666666666667,496.875
data\raw\siena\PN06\PN06-3.edf,EEG P10,156.0,2.6,490.0
data\raw\siena\PN06\PN06-3.edf,EEG P10,156.5,2.6083333333333334,497.875
data\raw\siena\PN06\PN06-3.edf,EEG P10,157.0,2.6166666666666667,496.0
data\raw\siena\PN06\PN06-3.edf,EEG P10,157.5,2.625,497.875
data\raw\siena\PN06\PN06-3.edf,EEG P10,158.0,2.6333333333333333,499.625
data\raw\siena\PN06\PN06-3.edf,EEG P10,158.5,2.6416666666666666,490.625
data\raw\siena\PN06\PN06-3.edf,EEG P10,159.0,2.65,493.875
data\raw\siena\PN06\PN06-3.edf,EEG P10,159.5,2.658333333333333,495.75
data\raw\siena\PN06\PN06-3.edf,EEG P10,160.0,2.6666666666666665,493.875
data\raw\siena\PN06\PN06-3.edf,EEG P10,160.5,2.675,493.875
data\raw\siena\PN06\PN06-3.edf,EEG P10,161.0,2.683333333333333,492.0
data\raw\siena\PN06\PN06-3.edf,EEG P10,161.5,2.691666666666667,500.125
data\raw\siena\PN06\PN06-3.edf,EEG P10,162.0,2.7,494.75
data\raw\siena\PN06\PN06-3.edf,EEG P10,162.5,2.7083333333333335,494.75
data\raw\siena\PN06\PN06-3.edf,EEG P10,163.0,2.716666666666667,486.25
data\raw\siena\PN06\PN06-3.edf,EEG P10,163.5,2.725,494.75
data\raw\siena\PN06\PN06-3.edf,EEG P10,164.0,2.7333333333333334,498.24999999999994
data\raw\siena\PN06\PN06-3.edf,EEG P10,164.5,2.7416666666666667,505.0
data\raw\siena\PN06\PN06-3.edf,EEG P10,165.0,2.75,507.0
data\raw\siena\PN06\PN06-3.edf,EEG P10,165.5,2.7583333333333333,509.24999999999994
data\raw\siena\PN06\PN06-3.edf,EEG P10,166.0,2.7666666666666666,497.37499999999994
data\raw\siena\PN06\PN06-3.edf,EEG P10,166.5,2.775,501.875
data\raw\siena\PN06\PN06-3.edf,EEG P10,167.0,2.783333333333333,500.75
data\raw\siena\PN06\PN06-3.edf,EEG P10,167.5,2.7916666666666665,502.25
data\raw\siena\PN06\PN06-3.edf,EEG P10,168.0,2.8,499.625
data\raw\siena\PN06\PN06-3.edf,EEG P10,168.5,2.808333333333333,487.875
data\raw\siena\PN06\PN06-3.edf,EEG P10,169.0,2.816666666666667,491.25
data\raw\siena\PN06\PN06-3.edf,EEG P10,169.5,2.825,495.75
data\raw\siena\PN06\PN06-3.edf,EEG P10,170.0,2.8333333333333335,484.625
data\raw\siena\PN06\PN06-3.edf,EEG P10,170.5,2.841666666666667,484.25
data\raw\siena\PN06\PN06-3.edf,EEG P10,171.0,2.85,506.375
data\raw\siena\PN06\PN06-3.edf,EEG P10,171.5,2.8583333333333334,497.87499999999994
data\raw\siena\PN06\PN06-3.edf,EEG P10,172.0,2.8666666666666667,497.125
data\raw\siena\PN06\PN06-3.edf,EEG P10,172.5,2.875,495.875
data\raw\siena\PN06\PN06-3.edf,EEG P10,173.0,2.8833333333333333,501.125
data\raw\siena\PN06\PN06-3.edf,EEG P10,173.5,2.8916666666666666,509.0
data\raw\siena\PN06\PN06-3.edf,EEG P10,174.0,2.9,511.5
data\raw\siena\PN06\PN06-3.edf,EEG P10,174.5,2.908333333333333,505.99999999999994
data\raw\siena\PN06\PN06-3.edf,EEG P10,175.0,2.9166666666666665,501.5
data\raw\siena\PN06\PN06-3.edf,EEG P10,175.5,2.925,492.375
data\raw\siena\PN06\PN06-3.edf,EEG P10,176.0,2.933333333333333,490.125
data\raw\siena\PN06\PN06-3.edf,EEG P10,176.5,2.941666666666667,496.0
data\raw\siena\PN06\PN06-3.edf,EEG P10,177.0,2.95,498.75
data\raw\siena\PN06\PN06-3.edf,EEG P10,177.5,2.9583333333333335,489.75
data\raw\siena\PN06\PN06-3.edf,EEG P10,178.0,2.966666666666667,502.75
data\raw\siena\PN06\PN06-3.edf,EEG P10,178.5,2.975,499.125
data\raw\siena\PN06\PN06-3.edf,EEG P10,179.0,2.9833333333333334,498.625
data\raw\siena\PN06\PN06-3.edf,EEG P10,179.5,2.9916666666666667,498.5
data\raw\siena\PN06\PN06-3.edf,EEG P10,180.0,3.0,487.0
data\raw\siena\PN06\PN06-3.edf,EEG P10,180.5,3.0083333333333333,494.0
data\raw\siena\PN06\PN06-3.edf,EEG P10,181.0,3.0166666666666666,487.875
data\raw\siena\PN06\PN06-3.edf,EEG P10,181.5,3.025,489.25
data\raw\siena\PN06\PN06-3.edf,EEG P10,182.0,3.033333333333333,500.24999999999994
data\raw\siena\PN06\PN06-3.edf,EEG P10,182.5,3.0416666666666665,500.24999999999994
data\raw\siena\PN06\PN06-3.edf,EEG P10,183.0,3.05,489.62499999999994
data\raw\siena\PN06\PN06-3.edf,EEG P10,183.5,3.058333333333333,501.625
data\raw\siena\PN06\PN06-3.edf,EEG P10,184.0,3.066666666666667,514.625
data\raw\siena\PN06\PN06-3.edf,EEG P10,184.5,3.075,510.75
data\raw\siena\PN06\PN06-3.edf,EEG P10,185.0,3.0833333333333335,495.625
data\raw\siena\PN06\PN06-3.edf,EEG P10,185.5,3.091666666666667,492.0
data\raw\siena\PN06\PN06-3.edf,EEG P10,186.0,3.1,495.625
data\raw\siena\PN06\PN06-3.edf,EEG P10,186.5,3.1083333333333334,499.62499999999994
data\raw\siena\PN06\PN06-3.edf,EEG P10,187.0,3.1166666666666667,509.37499999999994
data\raw\siena\PN06\PN06-3.edf,EEG P10,187.5,3.125,498.25
data\raw\siena\PN06\PN06-3.edf,EEG P10,188.0,3.1333333333333333,497.5
data\raw\siena\PN06\PN06-3.edf,EEG P10,188.5,3.1416666666666666,500.125
data\raw\siena\PN06\PN06-3.edf,EEG P10,189.0,3.15,504.125
data\raw\siena\PN06\PN06-3.edf,EEG P10,189.5,3.158333333333333,480.5
data\raw\siena\PN06\PN06-3.edf,EEG P10,190.0,3.1666666666666665,495.375
data\raw\siena\PN06\PN06-3.edf,EEG P10,190.5,3.175,497.0
data\raw\siena\PN06\PN06-3.edf,EEG P10,191.0,3.183333333333333,491.62499999999994
data\raw\siena\PN06\PN06-3.edf,EEG P10,191.5,3.191666666666667,496.375
data\raw\siena\PN06\PN06-3.edf,EEG P10,192.0,3.2,503.0
data\raw\siena\PN06\PN06-3.edf,EEG P10,192.5,3.2083333333333335,500.62499999999994
data\raw\siena\PN06\PN06-3.edf,EEG P10,193.0,3.216666666666667,499.12499999999994
data\raw\siena\PN06\PN06-3.edf,EEG P10,193.5,3.225,492.625
data\raw\siena\PN06\PN06-3.edf,EEG P10,194.0,3.2333333333333334,504.5
data\raw\siena\PN06\PN06-3.edf,EEG P10,194.5,3.2416666666666667,504.625
data\raw\siena\PN06\PN06-3.edf,EEG P10,195.0,3.25,501.5
data\raw\siena\PN06\PN06-3.edf,EEG P10,195.5,3.2583333333333333,499.125
data\raw\siena\PN06\PN06-3.edf,EEG P10,196.0,3.2666666666666666,485.5
data\raw\siena\PN06\PN06-3.edf,EEG P10,196.5,3.275,498.625
data\raw\siena\PN06\PN06-3.edf,EEG P10,197.0,3.283333333333333,489.875
data\raw\siena\PN06\PN06-3.edf,EEG P10,197.5,3.2916666666666665,485.0
data\raw\siena\PN06\PN06-3.edf,EEG P10,198.0,3.3,500.375
data\raw\siena\PN06\PN06-3.edf,EEG P10,198.5,3.308333333333333,500.375
data\raw\siena\PN06\PN06-3.edf,EEG P10,199.0,3.316666666666667,494.5
data\raw\siena\PN06\PN06-3.edf,EEG P10,199.5,3.325,494.5
data\raw\siena\PN06\PN06-3.edf,EEG P10,200.0,3.3333333333333335,497.75
data\raw\siena\PN06\PN06-3.edf,EEG P10,200.5,3.341666666666667,492.12499999999994
data\raw\siena\PN06\PN06-3.edf,EEG P10,201.0,3.35,515.125
data\raw\siena\PN06\PN06-3.edf,EEG P10,201.5,3.3583333333333334,509.625
data\raw\siena\PN06\PN06-3.edf,EEG P10,202.0,3.3666666666666667,487.125
data\raw\siena\PN06\PN06-3.edf,EEG P10,202.5,3.375,494.375
data\raw\siena\PN06\PN06-3.edf,EEG P10,203.0,3.3833333333333333,494.375
data\raw\siena\PN06\PN06-3.edf,EEG P10,203.5,3.3916666666666666,485.5
data\raw\siena\PN06\PN06-3.edf,EEG P10,204.0,3.4,489.375
data\raw\siena\PN06\PN06-3.edf,EEG P10,204.5,3.408333333333333,487.75
data\raw\siena\PN06\PN06-3.edf,EEG P10,205.0,3.4166666666666665,504.75
data\raw\siena\PN06\PN06-3.edf,EEG P10,205.5,3.425,502.625
data\raw\siena\PN06\PN06-3.edf,EEG P10,206.0,3.433333333333333,495.99999999999994
data\raw\siena\PN06\PN06-3.edf,EEG P10,206.5,3.441666666666667,498.5
data\raw\siena\PN06\PN06-3.edf,EEG P10,207.0,3.45,494.5
data\raw\siena\PN06\PN06-3.edf,EEG P10,207.5,3.4583333333333335,490.875
data\raw\siena\PN06\PN06-3.edf,EEG P10,208.0,3.466666666666667,494.875
data\raw\siena\PN06\PN06-3.edf,EEG P10,208.5,3.475,495.75
data\raw\siena\PN06\PN06-3.edf,EEG P10,209.0,3.4833333333333334,494.875
data\raw\siena\PN06\PN06-3.edf,EEG P10,209.5,3.4916666666666667,490.375
data\raw\siena\PN06\PN06-3.edf,EEG P10,210.0,3.5,498.375
data\raw\siena\PN06\PN06-3.edf,EEG P10,210.5,3.5083333333333333,498.375
data\raw\siena\PN06\PN06-3.edf,EEG P10,211.0,3.5166666666666666,517.5
data\raw\siena\PN06\PN06-3.edf,EEG P10,211.5,3.525,503.0
data\raw\siena\PN06\PN06-3.edf,EEG P10,212.0,3.533333333333333,507.0
data\raw\siena\PN06\PN06-3.edf,EEG P10,212.5,3.5416666666666665,487.875
data\raw\siena\PN06\PN06-3.edf,EEG P10,213.0,3.55,491.5
data\raw\siena\PN06\PN06-3.edf,EEG P10,213.5,3.558333333333333,493.125
data\raw\siena\PN06\PN06-3.edf,EEG P10,214.0,3.566666666666667,500.5
data\raw\siena\PN06\PN06-3.edf,EEG P10,214.5,3.575,506.125
data\raw\siena\PN06\PN06-3.edf,EEG P10,215.0,3.5833333333333335,497.375
data\raw\siena\PN06\PN06-3.edf,EEG P10,215.5,3.591666666666667,495.25
data\raw\siena\PN06\PN06-3.edf,EEG P10,216.0,3.6,498.74999999999994
data\raw\siena\PN06\PN06-3.edf,EEG P10,216.5,3.6083333333333334,492.5
data\raw\siena\PN06\PN06-3.edf,EEG P10,217.0,3.6166666666666667,490.0
data\raw\siena\PN06\PN06-3.edf,EEG P10,217.5,3.625,506.0
data\raw\siena\PN06\PN06-3.edf,EEG P10,218.0,3.6333333333333333,506.0
data\raw\siena\PN06\PN06-3.edf,EEG P10,218.5,3.6416666666666666,490.625
data\raw\siena\PN06\PN06-3.edf,EEG P10,219.0,3.65,504.125
data\raw\siena\PN06\PN06-3.edf,EEG P10,219.5,3.658333333333333,494.625
data\raw\siena\PN06\PN06-3.edf,EEG P10,220.0,3.6666666666666665,497.25
data\raw\siena\PN06\PN06-3.edf,EEG P10,220.5,3.675,493.125
data\raw\siena\PN06\PN06-3.edf,EEG P10,221.0,3.683333333333333,490.25
data\raw\siena\PN06\PN06-3.edf,EEG P10,221.5,3.691666666666667,498.125
data\raw\siena\PN06\PN06-3.edf,EEG P10,222.0,3.7,498.125
data\raw\siena\PN06\PN06-3.edf,EEG P10,222.5,3.7083333333333335,500.125
data\raw\siena\PN06\PN06-3.edf,EEG P10,223.0,3.716666666666667,505.25
data\raw\siena\PN06\PN06-3.edf,EEG P10,223.5,3.725,502.125
data\raw\siena\PN06\PN06-3.edf,EEG P10,224.0,3.7333333333333334,492.875
data\raw\siena\PN06\PN06-3.edf,EEG P10,224.5,3.7416666666666667,494.75
data\raw\siena\PN06\PN06-3.edf,EEG P10,225.0,3.75,494.75
data\raw\siena\PN06\PN06-3.edf,EEG P10,225.5,3.7583333333333333,499.37499999999994
data\raw\siena\PN06\PN06-3.edf,EEG P10,226.0,3.7666666666666666,499.37499999999994
data\raw\siena\PN06\PN06-3.edf,EEG P10,226.5,3.775,498.125
data\raw\siena\PN06\PN06-3.edf,EEG P10,227.0,3.783333333333333,494.75
data\raw\siena\PN06\PN06-3.edf,EEG P10,227.5,3.7916666666666665,499.5
data\raw\siena\PN06\PN06-3.edf,EEG P10,228.0,3.8,498.75
data\raw\siena\PN06\PN06-3.edf,EEG P10,228.5,3.808333333333333,496.875
data\raw\siena\PN06\PN06-3.edf,EEG P10,229.0,3.816666666666667,498.5
data\raw\siena\PN06\PN06-3.edf,EEG P10,229.5,3.825,481.125
data\raw\siena\PN06\PN06-3.edf,EEG P10,230.0,3.8333333333333335,482.62499999999994
data\raw\siena\PN06\PN06-3.edf,EEG P10,230.5,3.841666666666667,484.74999999999994
data\raw\siena\PN06\PN06-3.edf,EEG P10,231.0,3.85,510.5
data\raw\siena\PN06\PN06-3.edf,EEG P10,231.5,3.8583333333333334,499.875
data\raw\siena\PN06\PN06-3.edf,EEG P10,232.0,3.8666666666666667,497.74999999999994
data\raw\siena\PN06\PN06-3.edf,EEG P10,232.5,3.875,514.625
data\raw\siena\PN06\PN06-3.edf,EEG P10,233.0,3.8833333333333333,508.875
data\raw\siena\PN06\PN06-3.edf,EEG P10,233.5,3.8916666666666666,493.24999999999994
data\raw\siena\PN06\PN06-3.edf,EEG P10,234.0,3.9,499.25
data\raw\siena\PN06\PN06-3.edf,EEG P10,234.5,3.908333333333333,502.625
data\raw\siena\PN06\PN06-3.edf,EEG P10,235.0,3.9166666666666665,497.625
data\raw\siena\PN06\PN06-3.edf,EEG P10,235.5,3.925,505.25
data\raw\siena\PN06\PN06-3.edf,EEG P10,236.0,3.933333333333333,524.75
data\raw\siena\PN06\PN06-3.edf,EEG P10,236.5,3.941666666666667,510.37499999999994
data\raw\siena\PN06\PN06-3.edf,EEG P10,237.0,3.95,502.25
data\raw\siena\PN06\PN06-3.edf,EEG P10,237.5,3.9583333333333335,489.37499999999994
data\raw\siena\PN06\PN06-3.edf,EEG P10,238.0,3.966666666666667,487.75
data\raw\siena\PN06\PN06-3.edf,EEG P10,238.5,3.975,505.875
data\raw\siena\PN06\PN06-3.edf,EEG P10,239.0,3.9833333333333334,490.25
data\raw\siena\PN06\PN06-3.edf,EEG P10,239.5,3.9916666666666667,489.74999999999994
data\raw\siena\PN06\PN06-3.edf,EEG P10,240.0,4.0,495.12499999999994
data\raw\siena\PN06\PN06-3.edf,EEG P10,240.5,4.008333333333334,532.6249999999999
data\raw\siena\PN06\PN06-3.edf,EEG P10,241.0,4.016666666666667,567.0
data\raw\siena\PN06\PN06-3.edf,EEG P10,241.5,4.025,870.125
data\raw\siena\PN06\PN06-3.edf,EEG P10,242.0,4.033333333333333,943.0
data\raw\siena\PN06\PN06-3.edf,EEG P10,242.5,4.041666666666667,680.5
data\raw\siena\PN06\PN06-3.edf,EEG P10,243.0,4.05,661.75
data\raw\siena\PN06\PN06-3.edf,EEG P10,243.5,4.058333333333334,604.25
data\raw\siena\PN06\PN06-3.edf,EEG P10,244.0,4.066666666666666,631.5
data\raw\siena\PN06\PN06-3.edf,EEG P10,244.5,4.075,795.0
data\raw\siena\PN06\PN06-3.edf,EEG P10,245.0,4.083333333333333,954.875
data\raw\siena\PN06\PN06-3.edf,EEG P10,245.5,4.091666666666667,728.0
data\raw\siena\PN06\PN06-3.edf,EEG P10,246.0,4.1,729.5
data\raw\siena\PN06\PN06-3.edf,EEG P10,246.5,4.108333333333333,723.1249999999999
data\raw\siena\PN06\PN06-3.edf,EEG P10,247.0,4.116666666666666,627.875
data\raw\siena\PN06\PN06-3.edf,EEG P10,247.5,4.125,633.625
data\raw\siena\PN06\PN06-3.edf,EEG P10,248.0,4.133333333333334,550.75
data\raw\siena\PN06\PN06-3.edf,EEG P10,1079.0,17.983333333333334,462.375
data\raw\siena\PN06\PN06-3.edf,EEG P10,1079.5,17.991666666666667,467.0
data\raw\siena\PN06\PN06-3.edf,EEG P10,1080.0,18.0,474.875
data\raw\siena\PN06\PN06-3.edf,EEG P10,1080.5,18.008333333333333,477.0
data\raw\siena\PN06\PN06-3.edf,EEG P10,1081.0,18.016666666666666,473.5
data\raw\siena\PN06\PN06-3.edf,EEG P10,1081.5,18.025,461.0
data\raw\siena\PN06\PN06-3.edf,EEG P10,1082.0,18.033333333333335,480.125
data\raw\siena\PN06\PN06-3.edf,EEG P10,1082.5,18.041666666666668,479.125
data\raw\siena\PN06\PN06-3.edf,EEG P10,1083.0,18.05,466.5
data\raw\siena\PN06\PN06-3.edf,EEG P10,1083.5,18.058333333333334,462.25
data\raw\siena\PN06\PN06-3.edf,EEG P10,1084.0,18.066666666666666,467.0
data\raw\siena\PN06\PN06-3.edf,EEG P10,1084.5,18.075,475.375
data\raw\siena\PN06\PN06-3.edf,EEG P10,1085.0,18.083333333333332,473.375
data\raw\siena\PN06\PN06-3.edf,EEG P10,1085.5,18.091666666666665,474.75
data\raw\siena\PN06\PN06-3.edf,EEG P10,1086.0,18.1,473.5
data\raw\siena\PN06\PN06-3.edf,EEG P10,1086.5,18.108333333333334,460.125
data\raw\siena\PN06\PN06-3.edf,EEG P10,1087.0,18.116666666666667,466.125
data\raw\siena\PN06\PN06-3.edf,EEG P10,1087.5,18.125,465.75
data\raw\siena\PN06\PN06-3.edf,EEG P10,1088.0,18.133333333333333,463.875
data\raw\siena\PN06\PN06-3.edf,EEG P10,1088.5,18.141666666666666,472.87499999999994
data\raw\siena\PN06\PN06-3.edf,EEG P10,1089.0,18.15,490.5
data\raw\siena\PN06\PN06-3.edf,EEG P10,1089.5,18.158333333333335,478.375
data\raw\siena\PN06\PN06-3.edf,EEG P10,1090.0,18.166666666666668,481.24999999999994
data\raw\siena\PN06\PN06-3.edf,EEG P10,1090.5,18.175,506.625
data\raw\siena\PN06\PN06-3.edf,EEG P10,1091.0,18.183333333333334,480.75
data\raw\siena\PN06\PN06-3.edf,EEG P10,1091.5,18.191666666666666,481.875
data\raw\siena\PN06\PN06-3.edf,EEG P10,1092.0,18.2,485.62499999999994
data\raw\siena\PN06\PN06-3.edf,EEG P10,1092.5,18.208333333333332,479.74999999999994
data\raw\siena\PN06\PN06-3.edf,EEG P10,1093.0,18.216666666666665,461.5
data\raw\siena\PN06\PN06-3.edf,EEG P10,1093.5,18.225,469.25
data\raw\siena\PN06\PN06-3.edf,EEG P10,1094.0,18.233333333333334,473.125
data\raw\siena\PN06\PN06-3.edf,EEG P10,1094.5,18.241666666666667,471.25
data\raw\siena\PN06\PN06-3.edf,EEG P10,1095.0,18.25,478.375
data\raw\siena\PN06\PN06-3.edf,EEG P10,1095.5,18.258333333333333,485.125
data\raw\siena\PN06\PN06-3.edf,EEG P10,1096.0,18.266666666666666,476.0
data\raw\siena\PN06\PN06-3.edf,EEG P10,1096.5,18.275,481.62499999999994
data\raw\siena\PN06\PN06-3.edf,EEG P10,1097.0,18.283333333333335,483.75
data\raw\siena\PN06\PN06-3.edf,EEG P10,1097.5,18.291666666666668,478.125
data\raw\siena\PN06\PN06-3.edf,EEG P10,1098.0,18.3,476.125
data\raw\siena\PN06\PN06-3.edf,EEG P10,1098.5,18.308333333333334,475.24999999999994
data\raw\siena\PN06\PN06-3.edf,EEG P10,1099.0,18.316666666666666,483.37499999999994
data\raw\siena\PN06\PN06-3.edf,EEG P10,1099.5,18.325,477.375
data\raw\siena\PN06\PN06-3.edf,EEG P10,1100.0,18.333333333333332,464.0
data\raw\siena\PN06\PN06-3.edf,EEG P10,1100.5,18.341666666666665,482.25
data\raw\siena\PN06\PN06-3.edf,EEG P10,1101.0,18.35,480.125
data\raw\siena\PN06\PN06-3.edf,EEG P10,1101.5,18.358333333333334,472.75
data\raw\siena\PN06\PN06-3.edf,EEG P10,1102.0,18.366666666666667,465.125
data\raw\siena\PN06\PN06-3.edf,EEG P10,1102.5,18.375,477.5
data\raw\siena\PN06\PN06-3.edf,EEG P10,1103.0,18.383333333333333,475.875
data\raw\siena\PN06\PN06-3.edf,EEG P10,1103.5,18.391666666666666,487.125
data\raw\siena\PN06\PN06-3.edf,EEG P10,1104.0,18.4,478.75
data\raw\siena\PN06\PN06-3.edf,EEG P10,1104.5,18.408333333333335,468.0
data\raw\siena\PN06\PN06-3.edf,EEG P10,1105.0,18.416666666666668,467.875
data\raw\siena\PN06\PN06-3.edf,EEG P10,1105.5,18.425,468.375
data\raw\siena\PN06\PN06-3.edf,EEG P10,1106.0,18.433333333333334,472.875
data\raw\siena\PN06\PN06-3.edf,EEG P10,1106.5,18.441666666666666,467.125
data\raw\siena\PN06\PN06-3.edf,EEG P10,1107.0,18.45,466.25
data\raw\siena\PN06\PN06-3.edf,EEG P10,1107.5,18.458333333333332,467.99999999999994
data\raw\siena\PN06\PN06-3.edf,EEG P10,1108.0,18.466666666666665,478.875
data\raw\siena\PN06\PN06-3.edf,EEG P10,1108.5,18.475,472.875
data\raw\siena\PN06\PN06-3.edf,EEG P10,1109.0,18.483333333333334,471.125
data\raw\siena\PN06\PN06-3.edf,EEG P10,1109.5,18.491666666666667,480.375
data\raw\siena\PN06\PN06-3.edf,EEG P10,1110.0,18.5,479.625
data\raw\siena\PN06\PN06-3.edf,EEG P10,1110.5,18.508333333333333,483.375
data\raw\siena\PN06\PN06-3.edf,EEG P10,1111.0,18.516666666666666,482.25
data\raw\siena\PN06\PN06-3.edf,EEG P10,1111.5,18.525,475.0
data\raw\siena\PN06\PN06-3.edf,EEG P10,1112.0,18.533333333333335,475.0
data\raw\siena\PN06\PN06-3.edf,EEG P10,1112.5,18.541666666666668,477.375
data\raw\siena\PN06\PN06-3.edf,EEG P10,1113.0,18.55,477.375
data\raw\siena\PN06\PN06-3.edf,EEG P10,1113.5,18.558333333333334,467.875
data\raw\siena\PN06\PN06-3.edf,EEG P10,1114.0,18.566666666666666,480.125
data\raw\siena\PN06\PN06-3.edf,EEG P10,1114.5,18.575,482.75
data\raw\siena\PN06\PN06-3.edf,EEG P10,1115.0,18.583333333333332,483.625
data\raw\siena\PN06\PN06-3.edf,EEG P10,1115.5,18.591666666666665,482.25
data\raw\siena\PN06\PN06-3.edf,EEG P10,1116.0,18.6,483.875
data\raw\siena\PN06\PN06-3.edf,EEG P10,1116.5,18.608333333333334,482.5
data\raw\siena\PN06\PN06-3.edf,EEG P10,1117.0,18.616666666666667,490.125
data\raw\siena\PN06\PN06-3.edf,EEG P10,1117.5,18.625,490.5
data\raw\siena\PN06\PN06-3.edf,EEG P10,1118.0,18.633333333333333,481.25
data\raw\siena\PN06\PN06-3.edf,EEG P10,1118.5,18.641666666666666,462.25
data\raw\siena\PN06\PN06-3.edf,EEG P10,1119.0,18.65,478.5
data\raw\siena\PN06\PN06-3.edf,EEG P10,1119.5,18.658333333333335,493.375
data\raw\siena\PN06\PN06-3.edf,EEG P10,1120.0,18.666666666666668,484.24999999999994
data\raw\siena\PN06\PN06-3.edf,EEG P10,1120.5,18.675,488.625
data\raw\siena\PN06\PN06-3.edf,EEG P10,1121.0,18.683333333333334,472.375
data\raw\siena\PN06\PN06-3.edf,EEG P10,1121.5,18.691666666666666,458.625
data\raw\siena\PN06\PN06-3.edf,EEG P10,1122.0,18.7,467.125
data\raw\siena\PN06\PN06-3.edf,EEG P10,1122.5,18.708333333333332,470.5
data\raw\siena\PN06\PN06-3.edf,EEG P10,1123.0,18.716666666666665,473.75
data\raw\siena\PN06\PN06-3.edf,EEG P10,1123.5,18.725,465.75
data\raw\siena\PN06\PN06-3.edf,EEG P10,1124.0,18.733333333333334,465.875
data\raw\siena\PN06\PN06-3.edf,EEG P10,1124.5,18.741666666666667,472.125
data\raw\siena\PN06\PN06-3.edf,EEG P10,1125.0,18.75,479.625
data\raw\siena\PN06\PN06-3.edf,EEG P10,1125.5,18.758333333333333,466.99999999999994
data\raw\siena\PN06\PN06-3.edf,EEG P10,1126.0,18.766666666666666,478.62499999999994
data\raw\siena\PN06\PN06-3.edf,EEG P10,1126.5,18.775,486.0
data\raw\siena\PN06\PN06-3.edf,EEG P10,1127.0,18.783333333333335,480.25
data\raw\siena\PN06\PN06-3.edf,EEG P10,1127.5,18.791666666666668,487.875
data\raw\siena\PN06\PN06-3.edf,EEG P10,1128.0,18.8,495.0
data\raw\siena\PN06\PN06-3.edf,EEG P10,1128.5,18.808333333333334,495.0
data\raw\siena\PN06\PN06-3.edf,EEG P10,1129.0,18.816666666666666,503.375
data\raw\siena\PN06\PN06-3.edf,EEG P10,1129.5,18.825,490.625
data\raw\siena\PN06\PN06-3.edf,EEG P10,1130.0,18.833333333333332,474.87499999999994
data\raw\siena\PN06\PN06-3.edf,EEG P10,1130.5,18.841666666666665,474.875
data\raw\siena\PN06\PN06-3.edf,EEG P10,1131.0,18.85,475.375
data\raw\siena\PN06\PN06-3.edf,EEG P10,1131.5,18.858333333333334,488.875
data\raw\siena\PN06\PN06-3.edf,EEG P10,1132.0,18.866666666666667,481.625
data\raw\siena\PN06\PN06-3.edf,EEG P10,1132.5,18.875,473.625
data\raw\siena\PN06\PN06-3.edf,EEG P10,1133.0,18.883333333333333,475.0
data\raw\siena\PN06\PN06-3.edf,EEG P10,1133.5,18.891666666666666,470.0
data\raw\siena\PN06\PN06-3.edf,EEG P10,1134.0,18.9,473.375
data\raw\siena\PN06\PN06-3.edf,EEG P10,1134.5,18.908333333333335,476.25
data\raw\siena\PN06\PN06-3.edf,EEG P10,1135.0,18.916666666666668,468.5
data\raw\siena\PN06\PN06-3.edf,EEG P10,1135.5,18.925,467.25
data\raw\siena\PN06\PN06-3.edf,EEG P10,1136.0,18.933333333333334,465.25
data\raw\siena\PN06\PN06-3.edf,EEG P10,1136.5,18.941666666666666,463.49999999999994
data\raw\siena\PN06\PN06-3.edf,EEG P10,1137.0,18.95,465.0
data\raw\siena\PN06\PN06-3.edf,EEG P10,1137.5,18.958333333333332,481.125
data\raw\siena\PN06\PN06-3.edf,EEG P10,1138.0,18.966666666666665,488.625
data\raw\siena\PN06\PN06-3.edf,EEG P10,1138.5,18.975,478.625
data\raw\siena\PN06\PN06-3.edf,EEG P10,1139.0,18.983333333333334,484.25
data\raw\siena\PN06\PN06-3.edf,EEG P10,1139.5,18.991666666666667,487.75
data\raw\siena\PN06\PN06-3.edf,EEG P10,1140.0,19.0,471.5
data\raw\siena\PN06\PN06-3.edf,EEG P10,1140.5,19.008333333333333,472.625
data\raw\siena\PN06\PN06-3.edf,EEG P10,1141.0,19.016666666666666,473.5
data\raw\siena\PN06\PN06-3.edf,EEG P10,1141.5,19.025,466.75
data\raw\siena\PN06\PN06-3.edf,EEG P10,1142.0,19.033333333333335,468.125
data\raw\siena\PN06\PN06-3.edf,EEG P10,1142.5,19.041666666666668,484.625
data\raw\siena\PN06\PN06-3.edf,EEG P10,1143.0,19.05,478.62499999999994
data\raw\siena\PN06\PN06-3.edf,EEG P10,1143.5,19.058333333333334,490.87499999999994
data\raw\siena\PN06\PN06-3.edf,EEG P10,1144.0,19.066666666666666,482.375
data\raw\siena\PN06\PN06-3.edf,EEG P10,1144.5,19.075,483.125
data\raw\siena\PN06\PN06-3.edf,EEG P10,1145.0,19.083333333333332,481.5
data\raw\siena\PN06\PN06-3.edf,EEG P10,1145.5,19.091666666666665,485.875
data\raw\siena\PN06\PN06-3.edf,EEG P10,1146.0,19.1,475.37499999999994
data\raw\siena\PN06\PN06-3.edf,EEG P10,1146.5,19.108333333333334,476.12499999999994
data\raw\siena\PN06\PN06-3.edf,EEG P10,1147.0,19.116666666666667,473.375
data\raw\siena\PN06\PN06-3.edf,EEG P10,1147.5,19.125,469.0
data\raw\siena\PN06\PN06-3.edf,EEG P10,1148.0,19.133333333333333,472.62499999999994
data\raw\siena\PN06\PN06-3.edf,EEG P10,1148.5,19.141666666666666,480.99999999999994
data\raw\siena\PN06\PN06-3.edf,EEG P10,1149.0,19.15,487.87499999999994
data\raw\siena\PN06\PN06-3.edf,EEG P10,1149.5,19.158333333333335,487.625
data\raw\siena\PN06\PN06-3.edf,EEG P10,1150.0,19.166666666666668,470.125
data\raw\siena\PN06\PN06-3.edf,EEG P10,1150.5,19.175,481.75
data\raw\siena\PN06\PN06-3.edf,EEG P10,1151.0,19.183333333333334,506.375
data\raw\siena\PN06\PN06-3.edf,EEG P10,1151.5,19.191666666666666,473.6249999999999
data\raw\siena\PN06\PN06-3.edf,EEG P10,1152.0,19.2,483.24999999999994
data\raw\siena\PN06\PN06-3.edf,EEG P10,1152.5,19.208333333333332,486.74999999999994
data\raw\siena\PN06\PN06-3.edf,EEG P10,1153.0,19.216666666666665,496.0
data\raw\siena\PN06\PN06-3.edf,EEG P10,1153.5,19.225,484.125
data\raw\siena\PN06\PN06-3.edf,EEG P10,1154.0,19.233333333333334,481.375
data\raw\siena\PN06\PN06-3.edf,EEG P10,1154.5,19.241666666666667,484.12499999999994
data\raw\siena\PN06\PN06-3.edf,EEG P10,1155.0,19.25,492.0
data\raw\siena\PN06\PN06-3.edf,EEG P10,1155.5,19.258333333333333,492.0
data\raw\siena\PN06\PN06-3.edf,EEG P10,1156.0,19.266666666666666,477.625
data\raw\siena\PN06\PN06-3.edf,EEG P10,1156.5,19.275,464.25
data\raw\siena\PN06\PN06-3.edf,EEG P10,1157.0,19.283333333333335,470.375
data\raw\siena\PN06\PN06-3.edf,EEG P10,1157.5,19.291666666666668,465.0
data\raw\siena\PN06\PN06-3.edf,EEG P10,1158.0,19.3,480.5
data\raw\siena\PN06\PN06-3.edf,EEG P10,1158.5,19.308333333333334,480.5
data\raw\siena\PN06\PN06-3.edf,EEG P10,1159.0,19.316666666666666,475.12499999999994
data\raw\siena\PN06\PN06-3.edf,EEG P10,1159.5,19.325,471.375
data\raw\siena\PN06\PN06-3.edf,EEG P10,1160.0,19.333333333333332,498.24999999999994
data\raw\siena\PN06\PN06-3.edf,EEG P10,1160.5,19.341666666666665,487.75
data\raw\siena\PN06\PN06-3.edf,EEG P10,1161.0,19.35,475.375
data\raw\siena\PN06\PN06-3.edf,EEG P10,1161.5,19.358333333333334,478.25
data\raw\siena\PN06\PN06-3.edf,EEG P10,1162.0,19.366666666666667,475.125
data\raw\siena\PN06\PN06-3.edf,EEG P10,1162.5,19.375,466.625
data\raw\siena\PN06\PN06-3.edf,EEG P10,1163.0,19.383333333333333,472.87499999999994
data\raw\siena\PN06\PN06-3.edf,EEG P10,1163.5,19.391666666666666,475.125
data\raw\siena\PN06\PN06-3.edf,EEG P10,1164.0,19.4,475.125
data\raw\siena\PN06\PN06-3.edf,EEG P10,1164.5,19.408333333333335,468.75
data\raw\siena\PN06\PN06-3.edf,EEG P10,1165.0,19.416666666666668,480.25
data\raw\siena\PN06\PN06-3.edf,EEG P10,1165.5,19.425,491.125
data\raw\siena\PN06\PN06-3.edf,EEG P10,1166.0,19.433333333333334,494.5
data\raw\siena\PN06\PN06-3.edf,EEG P10,1166.5,19.441666666666666,501.62499999999994
data\raw\siena\PN06\PN06-3.edf,EEG P10,1167.0,19.45,499.75
data\raw\siena\PN06\PN06-3.edf,EEG P10,1167.5,19.458333333333332,490.75
data\raw\siena\PN06\PN06-3.edf,EEG P10,1168.0,19.466666666666665,481.625
data\raw\siena\PN06\PN06-3.edf,EEG P10,1168.5,19.475,477.375
data\raw\siena\PN06\PN06-3.edf,EEG P10,1169.0,19.483333333333334,477.875
data\raw\siena\PN06\PN06-3.edf,EEG P10,1169.5,19.491666666666667,468.25
data\raw\siena\PN06\PN06-3.edf,EEG P10,1170.0,19.5,465.5
data\raw\siena\PN06\PN06-3.edf,EEG P10,1170.5,19.508333333333333,465.5
data\raw\siena\PN06\PN06-3.edf,EEG P10,1171.0,19.516666666666666,460.125
data\raw\siena\PN06\PN06-3.edf,EEG P10,1171.5,19.525,469.125
data\raw\siena\PN06\PN06-3.edf,EEG P10,1172.0,19.533333333333335,470.375
data\raw\siena\PN06\PN06-3.edf,EEG P10,1172.5,19.541666666666668,460.62499999999994
data\raw\siena\PN06\PN06-3.edf,EEG P10,1173.0,19.55,465.37499999999994
data\raw\siena\PN06\PN06-3.edf,EEG P10,1173.5,19.558333333333334,476.5
data\raw\siena\PN06\PN06-3.edf,EEG P10,1174.0,19.566666666666666,471.625
data\raw\siena\PN06\PN06-3.edf,EEG P10,1174.5,19.575,472.125
data\raw\siena\PN06\PN06-3.edf,EEG P10,1175.0,19.583333333333332,463.25
data\raw\siena\PN06\PN06-3.edf,EEG P10,1175.5,19.591666666666665,475.12499999999994
data\raw\siena\PN06\PN06-3.edf,EEG P10,1176.0,19.6,473.0
data\raw\siena\PN06\PN06-3.edf,EEG P10,1176.5,19.608333333333334,474.625
data\raw\siena\PN06\PN06-3.edf,EEG P10,1177.0,19.616666666666667,474.625
data\raw\siena\PN06\PN06-3.edf,EEG P10,1177.5,19.625,465.625
data\raw\siena\PN06\PN06-3.edf,EEG P10,1178.0,19.633333333333333,470.375
data\raw\siena\PN06\PN06-3.edf,EEG P10,1178.5,19.641666666666666,476.625
data\raw\siena\PN06\PN06-3.edf,EEG P10,1179.0,19.65,483.375
data\raw\siena\PN06\PN06-3.edf,EEG P10,1179.5,19.658333333333335,473.3749999999999
data\raw\siena\PN06\PN06-3.edf,EEG P10,1180.0,19.666666666666668,473.3749999999999
data\raw\siena\PN06\PN06-3.edf,EEG P10,1180.5,19.675,476.5
data\raw\siena\PN06\PN06-3.edf,EEG P10,1181.0,19.683333333333334,472.125
data\raw\siena\PN06\PN06-3.edf,EEG P10,1181.5,19.691666666666666,482.0
data\raw\siena\PN06\PN06-3.edf,EEG P10,1182.0,19.7,487.75
data\raw\siena\PN06\PN06-3.edf,EEG P10,1182.5,19.708333333333332,487.25
data\raw\siena\PN06\PN06-3.edf,EEG P10,1183.0,19.716666666666665,489.375
data\raw\siena\PN06\PN06-3.edf,EEG P10,1183.5,19.725,465.37499999999994
data\raw\siena\PN06\PN06-3.edf,EEG P10,1184.0,19.733333333333334,464.49999999999994
data\raw\siena\PN06\PN06-3.edf,EEG P10,1184.5,19.741666666666667,472.125
data\raw\siena\PN06\PN06-3.edf,EEG P10,1185.0,19.75,466.375
data\raw\siena\PN06\PN06-3.edf,EEG P10,1185.5,19.758333333333333,485.25
data\raw\siena\PN06\PN06-3.edf,EEG P10,1186.0,19.766666666666666,477.375
data\raw\siena\PN06\PN06-3.edf,EEG P10,1186.5,19.775,472.375
data\raw\siena\PN06\PN06-3.edf,EEG P10,1187.0,19.783333333333335,474.12499999999994
data\raw\siena\PN06\PN06-3.edf,EEG P10,1187.5,19.791666666666668,482.375
data\raw\siena\PN06\PN06-3.edf,EEG P10,1188.0,19.8,468.5
data\raw\siena\PN06\PN06-3.edf,EEG P10,1188.5,19.808333333333334,470.125
data\raw\siena\PN06\PN06-3.edf,EEG P10,1189.0,19.816666666666666,478.25
data\raw\siena\PN06\PN06-3.edf,EEG P10,1189.5,19.825,469.0
data\raw\siena\PN06\PN06-3.edf,EEG P10,1190.0,19.833333333333332,478.87499999999994
data\raw\siena\PN06\PN06-3.edf,EEG P10,1190.5,19.841666666666665,464.125
data\raw\siena\PN06\PN06-3.edf,EEG P10,1191.0,19.85,478.875
data\raw\siena\PN06\PN06-3.edf,EEG P10,1191.5,19.858333333333334,482.625
data\raw\siena\PN06\PN06-3.edf,EEG P10,1192.0,19.866666666666667,480.0
data\raw\siena\PN06\PN06-3.edf,EEG P10,1192.5,19.875,485.875
data\raw\siena\PN06\PN06-3.edf,EEG P10,1193.0,19.883333333333333,492.625
data\raw\siena\PN06\PN06-3.edf,EEG P10,1193.5,19.891666666666666,487.875
data\raw\siena\PN06\PN06-3.edf,EEG P10,1194.0,19.9,465.875
data\raw\siena\PN06\PN06-3.edf,EEG P10,1194.5,19.908333333333335,476.125
data\raw\siena\PN06\PN06-3.edf,EEG P10,1195.0,19.916666666666668,476.125
data\raw\siena\PN06\PN06-3.edf,EEG P10,1195.5,19.925,476.5
data\raw\siena\PN06\PN06-3.edf,EEG P10,1196.0,19.933333333333334,497.74999999999994
data\raw\siena\PN06\PN06-3.edf,EEG P10,1196.5,19.941666666666666,474.12499999999994
data\raw\siena\PN06\PN06-3.edf,EEG P10,1197.0,19.95,499.87499999999994
data\raw\siena\PN06\PN06-3.edf,EEG P10,1197.5,19.958333333333332,469.625
data\raw\siena\PN06\PN06-3.edf,EEG P10,1198.0,19.966666666666665,468.625
data\raw\siena\PN06\PN06-3.edf,EEG P10,1198.5,19.975,463.5
data\raw\siena\PN06\PN06-3.edf,EEG P10,1199.0,19.983333333333334,465.125
data\raw\siena\PN06\PN06-3.edf,EEG P10,1199.5,19.991666666666667,475.49999999999994
data\raw\siena\PN06\PN06-3.edf,EEG P10,1200.0,20.0,487.875
data\raw\siena\PN06\PN06-3.edf,EEG P10,1200.5,20.008333333333333,491.5
data\raw\siena\PN06\PN06-3.edf,EEG P10,1201.0,20.016666666666666,502.625
data\raw\siena\PN06\PN06-3.edf,EEG P10,1201.5,20.025,551.625
data\raw\siena\PN06\PN06-3.edf,EEG P10,1202.0,20.033333333333335,789.25
data\raw\siena\PN06\PN06-3.edf,EEG P10,1202.5,20.041666666666668,697.125
data\raw\siena\PN06\PN06-3.edf,EEG P10,1203.0,20.05,655.25
data\raw\siena\PN06\PN06-3.edf,EEG P10,1203.5,20.058333333333334,1033.0
data\raw\siena\PN06\PN06-3.edf,EEG P10,1204.0,20.066666666666666,958.0
data\raw\siena\PN06\PN06-3.edf,EEG P10,1204.5,20.075,905.4999999999999
data\raw\siena\PN06\PN06-3.edf,EEG P10,1205.0,20.083333333333332,623.125
data\raw\siena\PN06\PN06-3.edf,EEG P10,1205.5,20.091666666666665,582.6249999999999
data\raw\siena\PN06\PN06-3.edf,EEG P10,1206.0,20.1,552.0
data\raw\siena\PN06\PN06-3.edf,EEG P10,1206.5,20.108333333333334,528.625
data\raw\siena\PN06\PN06-3.edf,EEG P10,1207.0,20.116666666666667,518.375
data\raw\siena\PN06\PN06-3.edf,EEG P10,1207.5,20.125,492.0
data\raw\siena\PN06\PN06-3.edf,EEG P10,1208.0,20.133333333333333,482.87499999999994
data\raw\siena\PN06\PN06-3.edf,EEG P10,1208.5,20.141666666666666,478.74999999999994
data\raw\siena\PN06\PN06-3.edf,EEG P10,1209.0,20.15,534.125
data\raw\siena\PN06\PN06-3.edf,EEG P10,1209.5,20.158333333333335,505.875
data\raw\siena\PN06\PN06-3.edf,EEG P10,1210.0,20.166666666666668,468.0
data\raw\siena\PN06\PN06-3.edf,EEG P10,1210.5,20.175,476.5
data\raw\siena\PN06\PN06-3.edf,EEG P10,1211.0,20.183333333333334,488.375
data\raw\siena\PN06\PN06-3.edf,EEG P10,1211.5,20.191666666666666,477.125
data\raw\siena\PN06\PN06-3.edf,EEG P10,1212.0,20.2,480.0
data\raw\siena\PN06\PN06-3.edf,EEG P10,1212.5,20.208333333333332,481.375
data\raw\siena\PN06\PN06-3.edf,EEG P10,1213.0,20.216666666666665,508.12499999999994
data\raw\siena\PN06\PN06-3.edf,EEG P10,1213.5,20.225,500.625
data\raw\siena\PN06\PN06-3.edf,EEG P10,1214.0,20.233333333333334,494.625
data\raw\siena\PN06\PN06-3.edf,EEG P10,1214.5,20.241666666666667,470.875
data\raw\siena\PN06\PN06-3.edf,EEG P10,1215.0,20.25,483.25
data\raw\siena\PN06\PN06-3.edf,EEG P10,1215.5,20.258333333333333,470.625
data\raw\siena\PN06\PN06-3.edf,EEG P10,1216.0,20.266666666666666,466.0
data\raw\siena\PN06\PN06-3.edf,EEG P10,1216.5,20.275,461.75
data\raw\siena\PN06\PN06-3.edf,EEG P10,1217.0,20.283333333333335,462.125
data\raw\siena\PN06\PN06-3.edf,EEG P10,1217.5,20.291666666666668,466.74999999999994
data\raw\siena\PN06\PN06-3.edf,EEG P10,1218.0,20.3,466.74999999999994
data\raw\siena\PN06\PN06-3.edf,EEG P10,1218.5,20.308333333333334,459.5
data\raw\siena\PN06\PN06-3.edf,EEG P10,1219.0,20.316666666666666,473.125
data\raw\siena\PN06\PN06-3.edf,EEG P10,1219.5,20.325,473.125
data\raw\siena\PN06\PN06-3.edf,EEG P10,1220.0,20.333333333333332,459.875
data\raw\siena\PN06\PN06-3.edf,EEG P10,1220.5,20.341666666666665,488.25
data\raw\siena\PN06\PN06-3.edf,EEG P10,1221.0,20.35,488.25
data\raw\siena\PN06\PN06-3.edf,EEG P10,1221.5,20.358333333333334,466.25
data\raw\siena\PN06\PN06-3.edf,EEG P10,1222.0,20.366666666666667,463.375
data\raw\siena\PN06\PN06-3.edf,EEG P10,1222.5,20.375,477.5
data\raw\siena\PN06\PN06-3.edf,EEG P10,1223.0,20.383333333333333,491.125
data\raw\siena\PN06\PN06-3.edf,EEG P10,1223.5,20.391666666666666,468.625
data\raw\siena\PN06\PN06-3.edf,EEG P10,1224.0,20.4,493.3749999999999
data\raw\siena\PN06\PN06-3.edf,EEG P10,1224.5,20.408333333333335,508.24999999999994
data\raw\siena\PN06\PN06-3.edf,EEG P10,1225.0,20.416666666666668,477.625
data\raw\siena\PN06\PN06-3.edf,EEG P10,1225.5,20.425,473.375
data\raw\siena\PN06\PN06-3.edf,EEG P10,1226.0,20.433333333333334,480.25
data\raw\siena\PN06\PN06-3.edf,EEG P10,1226.5,20.441666666666666,492.125
data\raw\siena\PN06\PN06-3.edf,EEG P10,1227.0,20.45,479.125
data\raw\siena\PN06\PN06-3.edf,EEG P10,1227.5,20.458333333333332,478.625
data\raw\siena\PN06\PN06-3.edf,EEG P10,1228.0,20.466666666666665,479.0
data\raw\siena\PN06\PN06-3.edf,EEG P10,1228.5,20.475,469.5
data\raw\siena\PN06\PN06-3.edf,EEG P10,1229.0,20.483333333333334,479.5
data\raw\siena\PN06\PN06-3.edf,EEG P10,1229.5,20.491666666666667,479.5
data\raw\siena\PN06\PN06-3.edf,EEG P10,1230.0,20.5,472.87499999999994
data\raw\siena\PN06\PN06-3.edf,EEG P10,1230.5,20.508333333333333,490.375
data\raw\siena\PN06\PN06-3.edf,EEG P10,1231.0,20.516666666666666,485.375
data\raw\siena\PN06\PN06-3.edf,EEG P10,1231.5,20.525,482.75
data\raw\siena\PN06\PN06-3.edf,EEG P10,1232.0,20.533333333333335,488.375
data\raw\siena\PN06\PN06-3.edf,EEG P10,1232.5,20.541666666666668,482.75
data\raw\siena\PN06\PN06-3.edf,EEG P10,1233.0,20.55,479.5
data\raw\siena\PN06\PN06-3.edf,EEG P10,1233.5,20.558333333333334,474.75
data\raw\siena\PN06\PN06-3.edf,EEG P10,1234.0,20.566666666666666,482.75
data\raw\siena\PN06\PN06-3.edf,EEG P10,1234.5,20.575,479.875
data\raw\siena\PN06\PN06-3.edf,EEG P10,1235.0,20.583333333333332,483.25
data\raw\siena\PN06\PN06-3.edf,EEG P10,1235.5,20.591666666666665,468.25
data\raw\siena\PN06\PN06-3.edf,EEG P10,1236.0,20.6,482.5
data\raw\siena\PN06\PN06-3.edf,EEG P10,1236.5,20.608333333333334,481.625
data\raw\siena\PN06\PN06-3.edf,EEG P10,1237.0,20.616666666666667,473.625
data\raw\siena\PN06\PN06-3.edf,EEG P10,1237.5,20.625,467.5
data\raw\siena\PN06\PN06-3.edf,EEG P10,1238.0,20.633333333333333,490.49999999999994
data\raw\siena\PN06\PN06-3.edf,EEG P10,1238.5,20.641666666666666,529.625
data\raw\siena\PN06\PN06-3.edf,EEG P10,1239.0,20.65,540.125
data\raw\siena\PN06\PN06-3.edf,EEG P10,1239.5,20.658333333333335,491.5
data\raw\siena\PN06\PN06-3.edf,EEG P10,1240.0,20.666666666666668,477.5
data\raw\siena\PN06\PN06-3.edf,EEG P10,1240.5,20.675,472.25
data\raw\siena\PN06\PN06-3.edf,EEG P10,1241.0,20.683333333333334,506.75
data\raw\siena\PN06\PN06-3.edf,EEG P10,1241.5,20.691666666666666,485.75
data\raw\siena\PN06\PN06-3.edf,EEG P10,1242.0,20.7,489.375
data\raw\siena\PN06\PN06-3.edf,EEG P10,1242.5,20.708333333333332,483.875
data\raw\siena\PN06\PN06-3.edf,EEG P10,1243.0,20.716666666666665,480.75
data\raw\siena\PN06\PN06-3.edf,EEG P10,1243.5,20.725,480.0
data\raw\siena\PN06\PN06-3.edf,EEG P10,1244.0,20.733333333333334,472.0
data\raw\siena\PN06\PN06-3.edf,EEG P10,1244.5,20.741666666666667,474.625
data\raw\siena\PN06\PN06-3.edf,EEG P10,1245.0,20.75,467.25
data\raw\siena\PN06\PN06-3.edf,EEG P10,1245.5,20.758333333333333,459.5
data\raw\siena\PN06\PN06-3.edf,EEG P10,1246.0,20.766666666666666,468.625
data\raw\siena\PN06\PN06-3.edf,EEG P10,1246.5,20.775,475.5
data\raw\siena\PN06\PN06-3.edf,EEG P10,1247.0,20.783333333333335,464.0
data\raw\siena\PN06\PN06-3.edf,EEG P10,1247.5,20.791666666666668,476.25
data\raw\siena\PN06\PN06-3.edf,EEG P10,1248.0,20.8,480.625
data\raw\siena\PN06\PN06-3.edf,EEG P10,1248.5,20.808333333333334,492.625
data\raw\siena\PN06\PN06-3.edf,EEG P10,1249.0,20.816666666666666,472.25
data\raw\siena\PN06\PN06-3.edf,EEG P10,1249.5,20.825,459.875
data\raw\siena\PN06\PN06-3.edf,EEG P10,1250.0,20.833333333333332,486.25
data\raw\siena\PN06\PN06-3.edf,EEG P10,1250.5,20.841666666666665,484.125
data\raw\siena\PN06\PN06-3.edf,EEG P10,1251.0,20.85,465.5
data\raw\siena\PN06\PN06-3.edf,EEG P10,1251.5,20.858333333333334,465.375
data\raw\siena\PN06\PN06-3.edf,EEG P10,1252.0,20.866666666666667,479.125
data\raw\siena\PN06\PN06-3.edf,EEG P10,1252.5,20.875,486.49999999999994
data\raw\siena\PN06\PN06-3.edf,EEG P10,1253.0,20.883333333333333,486.49999999999994
data\raw\siena\PN06\PN06-3.edf,EEG P10,1253.5,20.891666666666666,456.625
data\raw\siena\PN06\PN06-3.edf,EEG P10,1254.0,20.9,482.25
data\raw\siena\PN06\PN06-3.edf,EEG P10,1254.5,20.908333333333335,479.875
data\raw\siena\PN06\PN06-3.edf,EEG P10,1255.0,20.916666666666668,472.25
data\raw\siena\PN06\PN06-3.edf,EEG P10,1255.5,20.925,490.0
data\raw\siena\PN06\PN06-3.edf,EEG P10,1256.0,20.933333333333334,479.625
data\raw\siena\PN06\PN06-3.edf,EEG P10,1256.5,20.941666666666666,459.875
data\raw\siena\PN06\PN06-3.edf,EEG P10,1257.0,20.95,471.0
data\raw\siena\PN06\PN06-3.edf,EEG P10,1257.5,20.958333333333332,465.875
data\raw\siena\PN06\PN06-3.edf,EEG P10,1258.0,20.966666666666665,457.625
data\raw\siena\PN06\PN06-3.edf,EEG P10,1258.5,20.975,453.375
data\raw\siena\PN06\PN06-3.edf,EEG P10,1259.0,20.983333333333334,446.375
data\raw\siena\PN06\PN06-3.edf,EEG P10,2047.0,34.11666666666667,711.25
data\raw\siena\PN06\PN06-3.edf,EEG P10,2047.5,34.125,714.75
data\raw\siena\PN06\PN06-3.edf,EEG P10,2048.0,34.13333333333333,788.375
data\raw\siena\PN06\PN06-3.edf,EEG P10,2048.5,34.141666666666666,801.1249999999999
data\raw\siena\PN06\PN06-3.edf,EEG P10,2049.0,34.15,816.0
data\raw\siena\PN06\PN06-3.edf,EEG P10,2049.5,34.15833333333333,780.25
data\raw\siena\PN06\PN06-3.edf,EEG P10,2050.0,34.166666666666664,738.375
data\raw\siena\PN06\PN06-3.edf,EEG P10,2050.5,34.175,722.375
data\raw\siena\PN06\PN06-3.edf,EEG P10,2051.0,34.18333333333333,703.25
data\raw\siena\PN06\PN06-3.edf,EEG P10,2051.5,34.19166666666667,700.25
data\raw\siena\PN06\PN06-3.edf,EEG P10,2052.0,34.2,698.375
data\raw\siena\PN06\PN06-3.edf,EEG P10,2052.5,34.208333333333336,691.25
data\raw\siena\PN06\PN06-3.edf,EEG P10,2053.0,34.21666666666667,682.25
data\raw\siena\PN06\PN06-3.edf,EEG P10,2053.5,34.225,693.75
data\raw\siena\PN06\PN06-3.edf,EEG P10,2054.0,34.233333333333334,695.0
data\raw\siena\PN06\PN06-3.edf,EEG P10,2054.5,34.24166666666667,695.125
data\raw\siena\PN06\PN06-3.edf,EEG P10,2055.0,34.25,690.9999999999999
data\raw\siena\PN06\PN06-3.edf,EEG P10,2055.5,34.25833333333333,697.625
data\raw\siena\PN06\PN06-3.edf,EEG P10,2056.0,34.266666666666666,692.5
data\raw\siena\PN06\PN06-3.edf,EEG P10,2056.5,34.275,709.25
data\raw\siena\PN06\PN06-3.edf,EEG P10,2057.0,34.28333333333333,702.25
data\raw\siena\PN06\PN06-3.edf,EEG P10,2057.5,34.291666666666664,705.125
data\raw\siena\PN06\PN06-3.edf,EEG P10,2058.0,34.3,695.25
data\raw\siena\PN06\PN06-3.edf,EEG P10,2058.5,34.30833333333333,696.625
data\raw\siena\PN06\PN06-3.edf,EEG P10,2059.0,34.31666666666667,695.375
data\raw\siena\PN06\PN06-3.edf,EEG P10,2059.5,34.325,699.1249999999999
data\raw\siena\PN06\PN06-3.edf,EEG P10,2060.0,34.333333333333336,693.375
data\raw\siena\PN06\PN06-3.edf,EEG P10,2060.5,34.34166666666667,693.375
data\raw\siena\PN06\PN06-3.edf,EEG P10,2061.0,34.35,697.5
data\raw\siena\PN06\PN06-3.edf,EEG P10,2061.5,34.358333333333334,710.375
data\raw\siena\PN06\PN06-3.edf,EEG P10,2062.0,34.36666666666667,696.0
data\raw\siena\PN06\PN06-3.edf,EEG P10,2062.5,34.375,692.875
data\raw\siena\PN06\PN06-3.edf,EEG P10,2063.0,34.38333333333333,690.75
data\raw\siena\PN06\PN06-3.edf,EEG P10,2063.5,34.391666666666666,704.3749999999999
data\raw\siena\PN06\PN06-3.edf,EEG P10,2064.0,34.4,710.8749999999999
data\raw\siena\PN06\PN06-3.edf,EEG P10,2064.5,34.40833333333333,694.125
data\raw\siena\PN06\PN06-3.edf,EEG P10,2065.0,34.416666666666664,712.875
data\raw\siena\PN06\PN06-3.edf,EEG P10,2065.5,34.425,712.875
data\raw\siena\PN06\PN06-3.edf,EEG P10,2066.0,34.43333333333333,678.875
data\raw\siena\PN06\PN06-3.edf,EEG P10,2066.5,34.44166666666667,687.25
data\raw\siena\PN06\PN06-3.edf,EEG P10,2067.0,34.45,687.25
data\raw\siena\PN06\PN06-3.edf,EEG P10,2067.5,34.458333333333336,691.625
data\raw\siena\PN06\PN06-3.edf,EEG P10,2068.0,34.46666666666667,707.25
data\raw\siena\PN06\PN06-3.edf,EEG P10,2068.5,34.475,703.5
data\raw\siena\PN06\PN06-3.edf,EEG P10,2069.0,34.483333333333334,713.875
data\raw\siena\PN06\PN06-3.edf,EEG P10,2069.5,34.49166666666667,703.5
data\raw\siena\PN06\PN06-3.edf,EEG P10,2070.0,34.5,696.5
data\raw\siena\PN06\PN06-3.edf,EEG P10,2070.5,34.50833333333333,698.0
data\raw\siena\PN06\PN06-3.edf,EEG P10,2071.0,34.516666666666666,686.5
data\raw\siena\PN06\PN06-3.edf,EEG P10,2071.5,34.525,696.75
data\raw\siena\PN06\PN06-3.edf,EEG P10,2072.0,34.53333333333333,700.7499999999999
data\raw\siena\PN06\PN06-3.edf,EEG P10,2072.5,34.541666666666664,693.25
data\raw\siena\PN06\PN06-3.edf,EEG P10,2073.0,34.55,692.5
data\raw\siena\PN06\PN06-3.edf,EEG P10,2073.5,34.55833333333333,697.875
data\raw\siena\PN06\PN06-3.edf,EEG P10,2074.0,34.56666666666667,687.5
data\raw\siena\PN06\PN06-3.edf,EEG P10,2074.5,34.575,679.4999999999999
data\raw\siena\PN06\PN06-3.edf,EEG P10,2075.0,34.583333333333336,702.25
data\raw\siena\PN06\PN06-3.edf,EEG P10,2075.5,34.59166666666667,702.25
data\raw\siena\PN06\PN06-3.edf,EEG P10,2076.0,34.6,689.5
data\raw\siena\PN06\PN06-3.edf,EEG P10,2076.5,34.608333333333334,696.0
data\raw\siena\PN06\PN06-3.edf,EEG P10,2077.0,34.61666666666667,685.5
data\raw\siena\PN06\PN06-3.edf,EEG P10,2077.5,34.625,685.125
data\raw\siena\PN06\PN06-3.edf,EEG P10,2078.0,34.63333333333333,700.75
data\raw\siena\PN06\PN06-3.edf,EEG P10,2078.5,34.641666666666666,697.125
data\raw\siena\PN06\PN06-3.edf,EEG P10,2079.0,34.65,687.875
data\raw\siena\PN06\PN06-3.edf,EEG P10,2079.5,34.65833333333333,701.5
data\raw\siena\PN06\PN06-3.edf,EEG P10,2080.0,34.666666666666664,701.5
data\raw\siena\PN06\PN06-3.edf,EEG P10,2080.5,34.675,707.25
data\raw\siena\PN06\PN06-3.edf,EEG P10,2081.0,34.68333333333333,706.125
data\raw\siena\PN06\PN06-3.edf,EEG P10,2081.5,34.69166666666667,706.125
data\raw\siena\PN06\PN06-3.edf,EEG P10,2082.0,34.7,678.0
data\raw\siena\PN06\PN06-3.edf,EEG P10,2082.5,34.708333333333336,681.0
data\raw\siena\PN06\PN06-3.edf,EEG P10,2083.0,34.71666666666667,696.0
data\raw\siena\PN06\PN06-3.edf,EEG P10,2083.5,34.725,719.25
data\raw\siena\PN06\PN06-3.edf,EEG P10,2084.0,34.733333333333334,704.125
data\raw\siena\PN06\PN06-3.edf,EEG P10,2084.5,34.74166666666667,703.25
data\raw\siena\PN06\PN06-3.edf,EEG P10,2085.0,34.75,716.125
data\raw\siena\PN06\PN06-3.edf,EEG P10,2085.5,34.75833333333333,729.625
data\raw\siena\PN06\PN06-3.edf,EEG P10,2086.0,34.766666666666666,706.5
data\raw\siena\PN06\PN06-3.edf,EEG P10,2086.5,34.775,704.875
data\raw\siena\PN06\PN06-3.edf,EEG P10,2087.0,34.78333333333333,698.25
data\raw\siena\PN06\PN06-3.edf,EEG P10,2087.5,34.791666666666664,699.75
data\raw\siena\PN06\PN06-3.edf,EEG P10,2088.0,34.8,691.5
data\raw\siena\PN06\PN06-3.edf,EEG P10,2088.5,34.80833333333333,689.625
data\raw\siena\PN06\PN06-3.edf,EEG P10,2089.0,34.81666666666667,692.9999999999999
data\raw\siena\PN06\PN06-3.edf,EEG P10,2089.5,34.825,698.625
data\raw\siena\PN06\PN06-3.edf,EEG P10,2090.0,34.833333333333336,695.5
data\raw\siena\PN06\PN06-3.edf,EEG P10,2090.5,34.84166666666667,683.125
data\raw\siena\PN06\PN06-3.edf,EEG P10,2091.0,34.85,697.25
data\raw\siena\PN06\PN06-3.edf,EEG P10,2091.5,34.858333333333334,701.5
data\raw\siena\PN06\PN06-3.edf,EEG P10,2092.0,34.86666666666667,707.75
data\raw\siena\PN06\PN06-3.edf,EEG P10,2092.5,34.875,709.875
data\raw\siena\PN06\PN06-3.edf,EEG P10,2093.0,34.88333333333333,713.3749999999999
data\raw\siena\PN06\PN06-3.edf,EEG P10,2093.5,34.891666666666666,706.75
data\raw\siena\PN06\PN06-3.edf,EEG P10,2094.0,34.9,709.0
data\raw\siena\PN06\PN06-3.edf,EEG P10,2094.5,34.90833333333333,697.25
data\raw\siena\PN06\PN06-3.edf,EEG P10,2095.0,34.916666666666664,703.25
data\raw\siena\PN06\PN06-3.edf,EEG P10,2095.5,34.925,719.1249999999999
data\raw\siena\PN06\PN06-3.edf,EEG P10,2096.0,34.93333333333333,734.9999999999999
data\raw\siena\PN06\PN06-3.edf,EEG P10,2096.5,34.94166666666667,710.625
data\raw\siena\PN06\PN06-3.edf,EEG P10,2097.0,34.95,695.0
data\raw\siena\PN06\PN06-3.edf,EEG P10,2097.5,34.958333333333336,695.25
data\raw\siena\PN06\PN06-3.edf,EEG P10,2098.0,34.96666666666667,690.125
data\raw\siena\PN06\PN06-3.edf,EEG P10,2098.5,34.975,706.25
data\raw\siena\PN06\PN06-3.edf,EEG P10,2099.0,34.983333333333334,702.125
data\raw\siena\PN06\PN06-3.edf,EEG P10,2099.5,34.99166666666667,716.875
data\raw\siena\PN06\PN06-3.edf,EEG P10,2100.0,35.0,688.75
data\raw\siena\PN06\PN06-3.edf,EEG P10,2100.5,35.00833333333333,685.625
data\raw\siena\PN06\PN06-3.edf,EEG P10,2101.0,35.016666666666666,679.875
data\raw\siena\PN06\PN06-3.edf,EEG P10,2101.5,35.025,687.125
data\raw\siena\PN06\PN06-3.edf,EEG P10,2102.0,35.03333333333333,699.0
data\raw\siena\PN06\PN06-3.edf,EEG P10,2102.5,35.041666666666664,699.0
data\raw\siena\PN06\PN06-3.edf,EEG P10,2103.0,35.05,688.375
data\raw\siena\PN06\PN06-3.edf,EEG P10,2103.5,35.05833333333333,692.875
data\raw\siena\PN06\PN06-3.edf,EEG P10,2104.0,35.06666666666667,725.0
data\raw\siena\PN06\PN06-3.edf,EEG P10,2104.5,35.075,722.375
data\raw\siena\PN06\PN06-3.edf,EEG P10,2105.0,35.083333333333336,722.375
data\raw\siena\PN06\PN06-3.edf,EEG P10,2105.5,35.09166666666667,710.75
data\raw\siena\PN06\PN06-3.edf,EEG P10,2106.0,35.1,718.125
data\raw\siena\PN06\PN06-3.edf,EEG P10,2106.5,35.108333333333334,740.5
data\raw\siena\PN06\PN06-3.edf,EEG P10,2107.0,35.11666666666667,782.625
data\raw\siena\PN06\PN06-3.edf,EEG P10,2107.5,35.125,786.875
data\raw\siena\PN06\PN06-3.edf,EEG P10,2108.0,35.13333333333333,758.25
data\raw\siena\PN06\PN06-3.edf,EEG P10,2108.5,35.141666666666666,723.5
data\raw\siena\PN06\PN06-3.edf,EEG P10,2109.0,35.15,747.0
data\raw\siena\PN06\PN06-3.edf,EEG P10,2109.5,35.15833333333333,720.5
data\raw\siena\PN06\PN06-3.edf,EEG P10,2110.0,35.166666666666664,719.8749999999999
data\raw\siena\PN06\PN06-3.edf,EEG P10,2110.5,35.175,733.625
data\raw\siena\PN06\PN06-3.edf,EEG P10,2111.0,35.18333333333333,747.875
data\raw\siena\PN06\PN06-3.edf,EEG P10,2111.5,35.19166666666667,774.9999999999999
data\raw\siena\PN06\PN06-3.edf,EEG P10,2112.0,35.2,772.75
data\raw\siena\PN06\PN06-3.edf,EEG P10,2112.5,35.208333333333336,755.875
data\raw\siena\PN06\PN06-3.edf,EEG P10,2113.0,35.21666666666667,704.25
data\raw\siena\PN06\PN06-3.edf,EEG P10,2113.5,35.225,710.875
data\raw\siena\PN06\PN06-3.edf,EEG P10,2114.0,35.233333333333334,736.0
data\raw\siena\PN06\PN06-3.edf,EEG P10,2114.5,35.24166666666667,718.75
data\raw\siena\PN06\PN06-3.edf,EEG P10,2115.0,35.25,715.875
data\raw\siena\PN06\PN06-3.edf,EEG P10,2115.5,35.25833333333333,687.2499999999999
data\raw\siena\PN06\PN06-3.edf,EEG P10,2116.0,35.266666666666666,701.0
data\raw\siena\PN06\PN06-3.edf,EEG P10,2116.5,35.275,718.875
data\raw\siena\PN06\PN06-3.edf,EEG P10,2117.0,35.28333333333333,709.25
data\raw\siena\PN06\PN06-3.edf,EEG P10,2117.5,35.291666666666664,700.625
data\raw\siena\PN06\PN06-3.edf,EEG P10,2118.0,35.3,697.125
data\raw\siena\PN06\PN06-3.edf,EEG P10,2118.5,35.30833333333333,698.25
data\raw\siena\PN06\PN06-3.edf,EEG P10,2119.0,35.31666666666667,702.875
data\raw\siena\PN06\PN06-3.edf,EEG P10,2119.5,35.325,714.0
data\raw\siena\PN06\PN06-3.edf,EEG P10,2120.0,35.333333333333336,704.5
data\raw\siena\PN06\PN06-3.edf,EEG P10,2120.5,35.34166666666667,716.25
data\raw\siena\PN06\PN06-3.edf,EEG P10,2121.0,35.35,716.25
data\raw\siena\PN06\PN06-3.edf,EEG P10,2121.5,35.358333333333334,690.25
data\raw\siena\PN06\PN06-3.edf,EEG P10,2122.0,35.36666666666667,693.125
data\raw\siena\PN06\PN06-3.edf,EEG P10,2122.5,35.375,685.9999999999999
data\raw\siena\PN06\PN06-3.edf,EEG P10,2123.0,35.38333333333333,698.875
data\raw\siena\PN06\PN06-3.edf,EEG P10,2123.5,35.391666666666666,697.125
data\raw\siena\PN06\PN06-3.edf,EEG P10,2124.0,35.4,687.125
data\raw\siena\PN06\PN06-3.edf,EEG P10,2124.5,35.40833333333333,700.5
data\raw\siena\PN06\PN06-3.edf,EEG P10,2125.0,35.416666666666664,719.375
data\raw\siena\PN06\PN06-3.edf,EEG P10,2125.5,35.425,705.75
data\raw\siena\PN06\PN06-3.edf,EEG P10,2126.0,35.43333333333333,702.25
data\raw\siena\PN06\PN06-3.edf,EEG P10,2126.5,35.44166666666667,696.125
data\raw\siena\PN06\PN06-3.edf,EEG P10,2127.0,35.45,706.75
data\raw\siena\PN06\PN06-3.edf,EEG P10,2127.5,35.458333333333336,706.75
data\raw\siena\PN06\PN06-3.edf,EEG P10,2128.0,35.46666666666667,693.625
data\raw\siena\PN06\PN06-3.edf,EEG P10,2128.5,35.475,705.125
data\raw\siena\PN06\PN06-3.edf,EEG P10,2129.0,35.483333333333334,724.625
data\raw\siena\PN06\PN06-3.edf,EEG P10,2129.5,35.49166666666667,716.75
data\raw\siena\PN06\PN06-3.edf,EEG P10,2130.0,35.5,696.125
data\raw\siena\PN06\PN06-3.edf,EEG P10,2130.5,35.50833333333333,692.5
data\raw\siena\PN06\PN06-3.edf,EEG P10,2131.0,35.516666666666666,701.625
data\raw\siena\PN06\PN06-3.edf,EEG P10,2131.5,35.525,710.5
data\raw\siena\PN06\PN06-3.edf,EEG P10,2132.0,35.53333333333333,714.0
data\raw\siena\PN06\PN06-3.edf,EEG P10,2132.5,35.541666666666664,712.25
data\raw\siena\PN06\PN06-3.edf,EEG P10,2133.0,35.55,709.125
data\raw\siena\PN06\PN06-3.edf,EEG P10,2133.5,35.55833333333333,719.8749999999999
data\raw\siena\PN06\PN06-3.edf,EEG P10,2134.0,35.56666666666667,719.8749999999999
data\raw\siena\PN06\PN06-3.edf,EEG P10,2134.5,35.575,697.125
data\raw\siena\PN06\PN06-3.edf,EEG P10,2135.0,35.583333333333336,707.625
data\raw\siena\PN06\PN06-3.edf,EEG P10,2135.5,35.59166666666667,691.25
data\raw\siena\PN06\PN06-3.edf,EEG P10,2136.0,35.6,695.75
data\raw\siena\PN06\PN06-3.edf,EEG P10,2136.5,35.608333333333334,698.375
data\raw\siena\PN06\PN06-3.edf,EEG P10,2137.0,35.61666666666667,703.125
data\raw\siena\PN06\PN06-3.edf,EEG P10,2137.5,35.625,697.875
data\raw\siena\PN06\PN06-3.edf,EEG P10,2138.0,35.63333333333333,694.5
data\raw\siena\PN06\PN06-3.edf,EEG P10,2138.5,35.641666666666666,695.625
data\raw\siena\PN06\PN06-3.edf,EEG P10,2139.0,35.65,689.75
data\raw\siena\PN06\PN06-3.edf,EEG P10,2139.5,35.65833333333333,694.0
data\raw\siena\PN06\PN06-3.edf,EEG P10,2140.0,35.666666666666664,695.5
data\raw\siena\PN06\PN06-3.edf,EEG P10,2140.5,35.675,686.375
data\raw\siena\PN06\PN06-3.edf,EEG P10,2141.0,35.68333333333333,691.5
data\raw\siena\PN06\PN06-3.edf,EEG P10,2141.5,35.69166666666667,691.375
data\raw\siena\PN06\PN06-3.edf,EEG P10,2142.0,35.7,710.625
data\raw\siena\PN06\PN06-3.edf,EEG P10,2142.5,35.708333333333336,710.625
data\raw\siena\PN06\PN06-3.edf,EEG P10,2143.0,35.71666666666667,702.5
data\raw\siena\PN06\PN06-3.edf,EEG P10,2143.5,35.725,687.2499999999999
data\raw\siena\PN06\PN06-3.edf,EEG P10,2144.0,35.733333333333334,685.75
data\raw\siena\PN06\PN06-3.edf,EEG P10,2144.5,35.74166666666667,697.375
data\raw\siena\PN06\PN06-3.edf,EEG P10,2145.0,35.75,697.375
data\raw\siena\PN06\PN06-3.edf,EEG P10,2145.5,35.75833333333333,702.25
data\raw\siena\PN06\PN06-3.edf,EEG P10,2146.0,35.766666666666666,702.25
data\raw\siena\PN06\PN06-3.edf,EEG P10,2146.5,35.775,705.125
data\raw\siena\PN06\PN06-3.edf,EEG P10,2147.0,35.78333333333333,716.125
data\raw\siena\PN06\PN06-3.edf,EEG P10,2147.5,35.791666666666664,705.75
data\raw\siena\PN06\PN06-3.edf,EEG P10,2148.0,35.8,690.875
data\raw\siena\PN06\PN06-3.edf,EEG P10,2148.5,35.80833333333333,697.375
data\raw\siena\PN06\PN06-3.edf,EEG P10,2149.0,35.81666666666667,697.375
data\raw\siena\PN06\PN06-3.edf,EEG P10,2149.5,35.825,701.0
data\raw\siena\PN06\PN06-3.edf,EEG P10,2150.0,35.833333333333336,700.625
data\raw\siena\PN06\PN06-3.edf,EEG P10,2150.5,35.84166666666667,700.3749999999999
data\raw\siena\PN06\PN06-3.edf,EEG P10,2151.0,35.85,700.3749999999999
data\raw\siena\PN06\PN06-3.edf,EEG P10,2151.5,35.858333333333334,690.75
data\raw\siena\PN06\PN06-3.edf,EEG P10,2152.0,35.86666666666667,696.125
data\raw\siena\PN06\PN06-3.edf,EEG P10,2152.5,35.875,704.375
data\raw\siena\PN06\PN06-3.edf,EEG P10,2153.0,35.88333333333333,710.75
data\raw\siena\PN06\PN06-3.edf,EEG P10,2153.5,35.891666666666666,694.2499999999999
data\raw\siena\PN06\PN06-3.edf,EEG P10,2154.0,35.9,691.75
data\raw\siena\PN06\PN06-3.edf,EEG P10,2154.5,35.90833333333333,687.375
data\raw\siena\PN06\PN06-3.edf,EEG P10,2155.0,35.916666666666664,695.875
data\raw\siena\PN06\PN06-3.edf,EEG P10,2155.5,35.925,711.5
data\raw\siena\PN06\PN06-3.edf,EEG P10,2156.0,35.93333333333333,715.125
data\raw\siena\PN06\PN06-3.edf,EEG P10,2156.5,35.94166666666667,724.625
data\raw\siena\PN06\PN06-3.edf,EEG P10,2157.0,35.95,701.375
data\raw\siena\PN06\PN06-3.edf,EEG P10,2157.5,35.958333333333336,714.375
data\raw\siena\PN06\PN06-3.edf,EEG P10,2158.0,35.96666666666667,714.375
data\raw\siena\PN06\PN06-3.edf,EEG P10,2158.5,35.975,718.125
data\raw\siena\PN06\PN06-3.edf,EEG P10,2159.0,35.983333333333334,718.125
data\raw\siena\PN06\PN06-3.edf,EEG P10,2159.5,35.99166666666667,703.375
data\raw\siena\PN06\PN06-3.edf,EEG P10,2160.0,36.0,735.625
data\raw\siena\PN06\PN06-3.edf,EEG P10,2160.5,36.00833333333333,734.75
data\raw\siena\PN06\PN06-3.edf,EEG P10,2161.0,36.016666666666666,712.375
data\raw\siena\PN06\PN06-3.edf,EEG P10,2161.5,36.025,738.125
data\raw\siena\PN06\PN06-3.edf,EEG P10,2162.0,36.03333333333333,761.625
data\raw\siena\PN06\PN06-3.edf,EEG P10,2162.5,36.041666666666664,766.625
data\raw\siena\PN06\PN06-3.edf,EEG P10,2163.0,36.05,721.9999999999999
data\raw\siena\PN06\PN06-3.edf,EEG P10,2163.5,36.05833333333333,721.9999999999999
data\raw\siena\PN06\PN06-3.edf,EEG P10,2164.0,36.06666666666667,694.875
data\raw\siena\PN06\PN06-3.edf,EEG P10,2164.5,36.075,722.375
data\raw\siena\PN06\PN06-3.edf,EEG P10,2165.0,36.083333333333336,722.375
data\raw\siena\PN06\PN06-3.edf,EEG P10,2165.5,36.09166666666667,696.375
data\raw\siena\PN06\PN06-3.edf,EEG P10,2166.0,36.1,691.625
data\raw\siena\PN06\PN06-3.edf,EEG P10,2166.5,36.108333333333334,708.625
data\raw\siena\PN06\PN06-3.edf,EEG P10,2167.0,36.11666666666667,700.25
data\raw\siena\PN06\PN06-3.edf,EEG P10,2167.5,36.125,687.75
data\raw\siena\PN06\PN06-3.edf,EEG P10,2168.0,36.13333333333333,685.1249999999999
data\raw\siena\PN06\PN06-3.edf,EEG P10,2168.5,36.141666666666666,713.25
data\raw\siena\PN06\PN06-3.edf,EEG P10,2169.0,36.15,735.5
data\raw\siena\PN06\PN06-3.edf,EEG P10,2169.5,36.15833333333333,723.75
data\raw\siena\PN06\PN06-3.edf,EEG P10,2170.0,36.166666666666664,715.25
data\raw\siena\PN06\PN06-3.edf,EEG P10,2170.5,36.175,703.375
data\raw\siena\PN06\PN06-3.edf,EEG P10,2171.0,36.18333333333333,685.375
data\raw\siena\PN06\PN06-3.edf,EEG P10,2171.5,36.19166666666667,705.125
data\raw\siena\PN06\PN06-3.edf,EEG P10,2172.0,36.2,744.875
data\raw\siena\PN06\PN06-3.edf,EEG P10,2172.5,36.208333333333336,745.125
data\raw\siena\PN06\PN06-3.edf,EEG P10,2173.0,36.21666666666667,713.25
data\raw\siena\PN06\PN06-3.edf,EEG P10,2173.5,36.225,692.875
data\raw\siena\PN06\PN06-3.edf,EEG P10,2174.0,36.233333333333334,692.4999999999999
data\raw\siena\PN06\PN06-3.edf,EEG P10,2174.5,36.24166666666667,687.875
data\raw\siena\PN06\PN06-3.edf,EEG P10,2175.0,36.25,686.8749999999999
data\raw\siena\PN06\PN06-3.edf,EEG P10,2175.5,36.25833333333333,696.375
data\raw\siena\PN06\PN06-3.edf,EEG P10,2176.0,36.266666666666666,697.5
data\raw\siena\PN06\PN06-3.edf,EEG P10,2176.5,36.275,695.0
data\raw\siena\PN06\PN06-3.edf,EEG P10,2177.0,36.28333333333333,697.625
data\raw\siena\PN06\PN06-3.edf,EEG P10,2177.5,36.291666666666664,694.75
data\raw\siena\PN06\PN06-3.edf,EEG P10,2178.0,36.3,699.625
data\raw\siena\PN06\PN06-3.edf,EEG P10,2178.5,36.30833333333333,699.625
data\raw\siena\PN06\PN06-3.edf,EEG P10,2179.0,36.31666666666667,704.125
data\raw\siena\PN06\PN06-3.edf,EEG P10,2179.5,36.325,707.125
data\raw\siena\PN06\PN06-3.edf,EEG P10,2180.0,36.333333333333336,706.625
data\raw\siena\PN06\PN06-3.edf,EEG P10,2180.5,36.34166666666667,706.625
data\raw\siena\PN06\PN06-3.edf,EEG P10,2181.0,36.35,704.75
data\raw\siena\PN06\PN06-3.edf,EEG P10,2181.5,36.358333333333334,704.375
data\raw\siena\PN06\PN06-3.edf,EEG P10,2182.0,36.36666666666667,704.375
data\raw\siena\PN06\PN06-3.edf,EEG P10,2182.5,36.375,694.0
data\raw\siena\PN06\PN06-3.edf,EEG P10,2183.0,36.38333333333333,701.5
data\raw\siena\PN06\PN06-3.edf,EEG P10,2183.5,36.391666666666666,702.75
data\raw\siena\PN06\PN06-3.edf,EEG P10,2184.0,36.4,707.5
data\raw\siena\PN06\PN06-3.edf,EEG P10,2184.5,36.40833333333333,713.25
data\raw\siena\PN06\PN06-3.edf,EEG P10,2185.0,36.416666666666664,718.375
data\raw\siena\PN06\PN06-3.edf,EEG P10,2185.5,36.425,714.375
data\raw\siena\PN06\PN06-3.edf,EEG P10,2186.0,36.43333333333333,743.5
data\raw\siena\PN06\PN06-3.edf,EEG P10,2186.5,36.44166666666667,735.25
data\raw\siena\PN06\PN06-3.edf,EEG P10,2187.0,36.45,703.125
data\raw\siena\PN06\PN06-3.edf,EEG P10,2187.5,36.458333333333336,699.5
data\raw\siena\PN06\PN06-3.edf,EEG P10,2188.0,36.46666666666667,699.5
data\raw\siena\PN06\PN06-3.edf,EEG P10,2188.5,36.475,712.25
data\raw\siena\PN06\PN06-3.edf,EEG P10,2189.0,36.483333333333334,712.25
data\raw\siena\PN06\PN06-3.edf,EEG P10,2189.5,36.49166666666667,691.0
data\raw\siena\PN06\PN06-3.edf,EEG P10,2190.0,36.5,703.5
data\raw\siena\PN06\PN06-3.edf,EEG P10,2190.5,36.50833333333333,742.5
data\raw\siena\PN06\PN06-3.edf,EEG P10,2191.0,36.516666666666666,715.5
data\raw\siena\PN06\PN06-3.edf,EEG P10,2191.5,36.525,707.5
data\raw\siena\PN06\PN06-3.edf,EEG P10,2192.0,36.53333333333333,721.125
data\raw\siena\PN06\PN06-3.edf,EEG P10,2192.5,36.541666666666664,709.375
data\raw\siena\PN06\PN06-3.edf,EEG P10,2193.0,36.55,699.0
data\raw\siena\PN06\PN06-3.edf,EEG P10,2193.5,36.55833333333333,689.0
data\raw\siena\PN06\PN06-3.edf,EEG P10,2194.0,36.56666666666667,701.625
data\raw\siena\PN06\PN06-3.edf,EEG P10,2194.5,36.575,694.375
data\raw\siena\PN06\PN06-3.edf,EEG P10,2195.0,36.583333333333336,718.6249999999999
data\raw\siena\PN06\PN06-3.edf,EEG P10,2195.5,36.59166666666667,690.4999999999999
data\raw\siena\PN06\PN06-3.edf,EEG P10,2196.0,36.6,700.5
data\raw\siena\PN06\PN06-3.edf,EEG P10,2196.5,36.608333333333334,695.25
data\raw\siena\PN06\PN06-3.edf,EEG P10,2197.0,36.61666666666667,688.75
data\raw\siena\PN06\PN06-3.edf,EEG P10,2197.5,36.625,698.0
data\raw\siena\PN06\PN06-3.edf,EEG P10,2198.0,36.63333333333333,683.125
data\raw\siena\PN06\PN06-3.edf,EEG P10,2198.5,36.641666666666666,688.75
data\raw\siena\PN06\PN06-3.edf,EEG P10,2199.0,36.65,698.125
data\raw\siena\PN06\PN06-3.edf,EEG P10,2199.5,36.65833333333333,690.125
data\raw\siena\PN06\PN06-3.edf,EEG P10,2200.0,36.666666666666664,701.0
data\raw\siena\PN06\PN06-3.edf,EEG P10,2200.5,36.675,710.75
data\raw\siena\PN06\PN06-3.edf,EEG P10,2201.0,36.68333333333333,702.7499999999999
data\raw\siena\PN06\PN06-3.edf,EEG P10,2201.5,36.69166666666667,693.0
data\raw\siena\PN06\PN06-3.edf,EEG P10,2202.0,36.7,701.5
data\raw\siena\PN06\PN06-3.edf,EEG P10,2202.5,36.708333333333336,711.75
data\raw\siena\PN06\PN06-3.edf,EEG P10,2203.0,36.71666666666667,706.125
data\raw\siena\PN06\PN06-3.edf,EEG P10,2203.5,36.725,699.875
data\raw\siena\PN06\PN06-3.edf,EEG P10,2204.0,36.733333333333334,686.625
data\raw\siena\PN06\PN06-3.edf,EEG P10,2204.5,36.74166666666667,718.625
data\raw\siena\PN06\PN06-3.edf,EEG P10,2205.0,36.75,718.625
data\raw\siena\PN06\PN06-3.edf,EEG P10,2205.5,36.75833333333333,696.6249999999999
data\raw\siena\PN06\PN06-3.edf,EEG P10,2206.0,36.766666666666666,704.375
data\raw\siena\PN06\PN06-3.edf,EEG P10,2206.5,36.775,724.125
data\raw\siena\PN06\PN06-3.edf,EEG P10,2207.0,36.78333333333333,739.375
data\raw\siena\PN06\PN06-3.edf,EEG P10,2207.5,36.791666666666664,739.375
data\raw\siena\PN06\PN06-3.edf,EEG P10,2208.0,36.8,726.375
data\raw\siena\PN06\PN06-3.edf,EEG P10,2208.5,36.80833333333333,724.125
data\raw\siena\PN06\PN06-3.edf,EEG P10,2209.0,36.81666666666667,716.625
data\raw\siena\PN06\PN06-3.edf,EEG P10,2209.5,36.825,716.0
data\raw\siena\PN06\PN06-3.edf,EEG P10,2210.0,36.833333333333336,723.375
data\raw\siena\PN06\PN06-3.edf,EEG P10,2210.5,36.84166666666667,712.5
data\raw\siena\PN06\PN06-3.edf,EEG P10,2211.0,36.85,699.875
data\raw\siena\PN06\PN06-3.edf,EEG P10,2211.5,36.858333333333334,703.5
data\raw\siena\PN06\PN06-3.edf,EEG P10,2212.0,36.86666666666667,695.75
data\raw\siena\PN06\PN06-3.edf,EEG P10,2212.5,36.875,701.875
data\raw\siena\PN06\PN06-3.edf,EEG P10,2213.0,36.88333333333333,705.875
data\raw\siena\PN06\PN06-3.edf,EEG P10,2213.5,36.891666666666666,714.75
data\raw\siena\PN06\PN06-3.edf,EEG P10,2214.0,36.9,711.5
data\raw\siena\PN06\PN06-3.edf,EEG P10,2214.5,36.90833333333333,699.75
data\raw\siena\PN06\PN06-3.edf,EEG P10,2215.0,36.916666666666664,709.125
data\raw\siena\PN06\PN06-3.edf,EEG P10,2215.5,36.925,728.75
data\raw\siena\PN06\PN06-3.edf,EEG P10,2216.0,36.93333333333333,730.625
data\raw\siena\PN06\PN06-3.edf,EEG P10,2216.5,36.94166666666667,701.625
data\raw\siena\PN06\PN06-3.edf,EEG P10,2217.0,36.95,690.875
data\raw\siena\PN06\PN06-3.edf,EEG P10,2217.5,36.958333333333336,700.5
data\raw\siena\PN06\PN06-3.edf,EEG P10,2218.0,36.96666666666667,695.0
data\raw\siena\PN06\PN06-3.edf,EEG P10,2218.5,36.975,686.0
data\raw\siena\PN06\PN06-3.edf,EEG P10,2219.0,36.983333333333334,707.375
data\raw\siena\PN06\PN06-3.edf,EEG P10,2219.5,36.99166666666667,707.375
data\raw\siena\PN06\PN06-3.edf,EEG P10,2220.0,37.0,715.125
data\raw\siena\PN06\PN06-3.edf,EEG P10,2220.5,37.00833333333333,715.125
data\raw\siena\PN06\PN06-3.edf,EEG P10,2221.0,37.016666666666666,713.125
data\raw\siena\PN06\PN06-3.edf,EEG P10,2221.5,37.025,710.75
data\raw\siena\PN06\PN06-3.edf,EEG P10,2222.0,37.03333333333333,706.625
data\raw\siena\PN06\PN06-3.edf,EEG P10,2222.5,37.041666666666664,701.125
data\raw\siena\PN06\PN06-3.edf,EEG P10,2223.0,37.05,782.25
data\raw\siena\PN06\PN06-3.edf,EEG P10,2223.5,37.05833333333333,782.25
data\raw\siena\PN06\PN06-3.edf,EEG P10,2224.0,37.06666666666667,737.125
data\raw\siena\PN06\PN06-3.edf,EEG P10,2224.5,37.075,718.875
data\raw\siena\PN06\PN06-3.edf,EEG P10,2225.0,37.083333333333336,714.375
data\raw\siena\PN06\PN06-3.edf,EEG P10,2225.5,37.09166666666667,689.875
data\raw\siena\PN06\PN06-3.edf,EEG P10,2226.0,37.1,690.0
data\raw\siena\PN06\PN06-3.edf,EEG P10,2226.5,37.108333333333334,709.0
data\raw\siena\PN06\PN06-3.edf,EEG P10,2227.0,37.11666666666667,722.5
data\raw\siena\PN06\PN06-3.edf,EEG P10,2227.5,37.125,749.375
data\raw\siena\PN06\PN06-3.edf,EEG P10,2228.0,37.13333333333333,747.125
data\raw\siena\PN06\PN06-3.edf,EEG P10,2228.5,37.141666666666666,735.8749999999999
data\raw\siena\PN06\PN06-3.edf,EEG P10,2229.0,37.15,704.8749999999999
data\raw\siena\PN06\PN06-3.edf,EEG P10,2229.5,37.15833333333333,714.2499999999999
data\raw\siena\PN06\PN06-3.edf,EEG P10,2230.0,37.166666666666664,714.2499999999999
data\raw\siena\PN06\PN06-3.edf,EEG P10,2230.5,37.175,695.5
data\raw\siena\PN06\PN06-3.edf,EEG P10,2231.0,37.18333333333333,718.25
data\raw\siena\PN06\PN06-3.edf,EEG P10,2231.5,37.19166666666667,720.625
data\raw\siena\PN06\PN06-3.edf,EEG P10,2232.0,37.2,711.25
data\raw\siena\PN06\PN06-3.edf,EEG P10,2232.5,37.208333333333336,696.625
data\raw\siena\PN06\PN06-3.edf,EEG P10,2233.0,37.21666666666667,702.25
data\raw\siena\PN06\PN06-3.edf,EEG P10,2233.5,37.225,692.375
data\raw\siena\PN06\PN06-3.edf,EEG P10,2234.0,37.233333333333334,697.25
data\raw\siena\PN06\PN06-3.edf,EEG P10,2234.5,37.24166666666667,695.625
data\raw\siena\PN06\PN06-3.edf,EEG P10,2235.0,37.25,697.75
data\raw\siena\PN06\PN06-3.edf,EEG P10,2235.5,37.25833333333333,698.0
data\raw\siena\PN06\PN06-3.edf,EEG P10,2236.0,37.266666666666666,700.625
data\raw\siena\PN06\PN06-3.edf,EEG P10,2236.5,37.275,695.625
data\raw\siena\PN06\PN06-3.edf,EEG P10,2237.0,37.28333333333333,703.75
data\raw\siena\PN06\PN06-3.edf,EEG P10,2237.5,37.291666666666664,716.875
data\raw\siena\PN06\PN06-3.edf,EEG P10,2238.0,37.3,706.5
data\raw\siena\PN06\PN06-3.edf,EEG P10,2238.5,37.30833333333333,704.625
data\raw\siena\PN06\PN06-3.edf,EEG P10,2239.0,37.31666666666667,697.25
data\raw\siena\PN06\PN06-3.edf,EEG P10,2239.5,37.325,709.875
data\raw\siena\PN06\PN06-3.edf,EEG P10,2240.0,37.333333333333336,726.75
data\raw\siena\PN06\PN06-3.edf,EEG P10,2240.5,37.34166666666667,706.125
data\raw\siena\PN06\PN06-3.edf,EEG P10,2241.0,37.35,701.25
data\raw\siena\PN06\PN06-3.edf,EEG P10,2241.5,37.358333333333334,695.875
data\raw\siena\PN06\PN06-3.edf,EEG P10,2242.0,37.36666666666667,694.625
data\raw\siena\PN06\PN06-3.edf,EEG P10,2242.5,37.375,720.875
data\raw\siena\PN06\PN06-3.edf,EEG P10,2243.0,37.38333333333333,720.875
data\raw\siena\PN06\PN06-3.edf,EEG P10,2243.5,37.391666666666666,696.625
data\raw\siena\PN06\PN06-3.edf,EEG P10,2244.0,37.4,717.375
data\raw\siena\PN06\PN06-3.edf,EEG P10,2244.5,37.40833333333333,717.375
data\raw\siena\PN06\PN06-3.edf,EEG P10,2245.0,37.416666666666664,699.0
data\raw\siena\PN06\PN06-3.edf,EEG P10,2245.5,37.425,702.25
data\raw\siena\PN06\PN06-3.edf,EEG P10,2246.0,37.43333333333333,704.75
data\raw\siena\PN06\PN06-3.edf,EEG P10,2246.5,37.44166666666667,695.375
data\raw\siena\PN06\PN06-3.edf,EEG P10,2247.0,37.45,703.375
data\raw\siena\PN06\PN06-3.edf,EEG P10,2247.5,37.458333333333336,707.0
data\raw\siena\PN06\PN06-3.edf,EEG P10,2248.0,37.46666666666667,693.0
data\raw\siena\PN06\PN06-3.edf,EEG P10,2248.5,37.475,693.5
data\raw\siena\PN06\PN06-3.edf,EEG P10,2249.0,37.483333333333334,684.75
data\raw\siena\PN06\PN06-3.edf,EEG P10,2249.5,37.49166666666667,712.2499999999999
data\raw\siena\PN06\PN06-3.edf,EEG P10,2250.0,37.5,708.375
data\raw\siena\PN06\PN06-3.edf,EEG P10,2250.5,37.50833333333333,700.875
data\raw\siena\PN06\PN06-3.edf,EEG P10,2251.0,37.516666666666666,695.75
data\raw\siena\PN06\PN06-3.edf,EEG P10,2251.5,37.525,711.25
data\raw\siena\PN06\PN06-3.edf,EEG P10,2252.0,37.53333333333333,724.125
data\raw\siena\PN06\PN06-3.edf,EEG P10,2252.5,37.541666666666664,736.375
data\raw\siena\PN06\PN06-3.edf,EEG P10,2253.0,37.55,744.0
data\raw\siena\PN06\PN06-3.edf,EEG P10,2253.5,37.55833333333333,813.875
data\raw\siena\PN06\PN06-3.edf,EEG P10,2254.0,37.56666666666667,813.0
data\raw\siena\PN06\PN06-3.edf,EEG P10,2254.5,37.575,754.125
data\raw\siena\PN06\PN06-3.edf,EEG P10,2255.0,37.583333333333336,753.875
data\raw\siena\PN06\PN06-3.edf,EEG P10,2255.5,37.59166666666667,719.625
data\raw\siena\PN06\PN06-3.edf,EEG P10,2256.0,37.6,708.75
data\raw\siena\PN06\PN06-3.edf,EEG P10,2256.5,37.608333333333334,689.75
data\raw\siena\PN06\PN06-3.edf,EEG P10,2257.0,37.61666666666667,692.375
data\raw\siena\PN06\PN06-3.edf,EEG P10,2257.5,37.625,705.375
data\raw\siena\PN06\PN06-3.edf,EEG P10,2258.0,37.63333333333333,718.375
data\raw\siena\PN06\PN06-3.edf,EEG P10,2258.5,37.641666666666666,694.125
data\raw\siena\PN06\PN06-3.edf,EEG P10,2259.0,37.65,699.375
data\raw\siena\PN06\PN06-3.edf,EEG P10,2259.5,37.65833333333333,694.75
data\raw\siena\PN06\PN06-3.edf,EEG P10,2260.0,37.666666666666664,707.375
data\raw\siena\PN06\PN06-3.edf,EEG P10,2260.5,37.675,698.125
data\raw\siena\PN06\PN06-3.edf,EEG P10,2261.0,37.68333333333333,698.5
data\raw\siena\PN06\PN06-3.edf,EEG P10,2261.5,37.69166666666667,699.5
data\raw\siena\PN06\PN06-3.edf,EEG P10,2262.0,37.7,702.75
data\raw\siena\PN06\PN06-3.edf,EEG P10,2262.5,37.708333333333336,692.2499999999999
data\raw\siena\PN06\PN06-3.edf,EEG P10,2263.0,37.71666666666667,697.75
data\raw\siena\PN06\PN06-3.edf,EEG P10,2263.5,37.725,715.125
data\raw\siena\PN06\PN06-3.edf,EEG P10,2264.0,37.733333333333334,709.25
data\raw\siena\PN06\PN06-3.edf,EEG P10,2264.5,37.74166666666667,711.375
data\raw\siena\PN06\PN06-3.edf,EEG P10,2265.0,37.75,711.375
data\raw\siena\PN06\PN06-3.edf,EEG P10,2265.5,37.75833333333333,706.5
data\raw\siena\PN06\PN06-3.edf,EEG P10,2266.0,37.766666666666666,723.0
data\raw\siena\PN06\PN06-3.edf,EEG P10,2266.5,37.775,702.625
data\raw\siena\PN06\PN06-3.edf,EEG P10,2267.0,37.78333333333333,710.5
data\raw\siena\PN06\PN06-3.edf,EEG P10,2267.5,37.791666666666664,699.625
data\raw\siena\PN06\PN06-3.edf,EEG P10,2268.0,37.8,689.625
data\raw\siena\PN06\PN06-3.edf,EEG P10,2268.5,37.80833333333333,705.75
data\raw\siena\PN06\PN06-3.edf,EEG P10,2269.0,37.81666666666667,705.75
data\raw\siena\PN06\PN06-3.edf,EEG P10,2269.5,37.825,706.5
data\raw\siena\PN06\PN06-3.edf,EEG P10,2270.0,37.833333333333336,723.75
data\raw\siena\PN06\PN06-3.edf,EEG P10,2270.5,37.84166666666667,692.875
data\raw\siena\PN06\PN06-3.edf,EEG P10,2271.0,37.85,684.5
data\raw\siena\PN06\PN06-3.edf,EEG P10,2271.5,37.858333333333334,689.875
data\raw\siena\PN06\PN06-3.edf,EEG P10,2272.0,37.86666666666667,696.625
data\raw\siena\PN06\PN06-3.edf,EEG P10,2272.5,37.875,706.0
data\raw\siena\PN06\PN06-3.edf,EEG P10,2273.0,37.88333333333333,706.0
data\raw\siena\PN06\PN06-3.edf,EEG P10,2273.5,37.891666666666666,699.8749999999999
data\raw\siena\PN06\PN06-3.edf,EEG P10,2274.0,37.9,698.6249999999999
data\raw\siena\PN06\PN06-3.edf,EEG P10,2274.5,37.90833333333333,698.0
data\raw\siena\PN06\PN06-3.edf,EEG P10,2275.0,37.916666666666664,721.375
data\raw\siena\PN06\PN06-3.edf,EEG P10,2275.5,37.925,741.75
data\raw\siena\PN06\PN06-3.edf,EEG P10,2276.0,37.93333333333333,735.25
data\raw\siena\PN06\PN06-3.edf,EEG P10,2276.5,37.94166666666667,740.25
data\raw\siena\PN06\PN06-3.edf,EEG P10,2277.0,37.95,740.25
data\raw\siena\PN06\PN06-3.edf,EEG P10,2277.5,37.958333333333336,709.125
data\raw\siena\PN06\PN06-3.edf,EEG P10,2278.0,37.96666666666667,691.75
data\raw\siena\PN06\PN06-3.edf,EEG P10,2278.5,37.975,696.5
data\raw\siena\PN06\PN06-3.edf,EEG P10,2279.0,37.983333333333334,697.625
data\raw\siena\PN06\PN06-3.edf,EEG P10,2279.5,37.99166666666667,691.875
data\raw\siena\PN06\PN06-3.edf,EEG P10,2280.0,38.0,688.0
data\raw\siena\PN06\PN06-3.edf,EEG P10,2280.5,38.00833333333333,694.375
data\raw\siena\PN06\PN06-3.edf,EEG P10,2281.0,38.016666666666666,693.5
data\raw\siena\PN06\PN06-3.edf,EEG P10,2281.5,38.025,691.875
data\raw\siena\PN06\PN06-3.edf,EEG P10,2282.0,38.03333333333333,691.875
data\raw\siena\PN06\PN06-3.edf,EEG P10,2282.5,38.041666666666664,691.875
data\raw\siena\PN06\PN06-3.edf,EEG P10,2283.0,38.05,696.0
data\raw\siena\PN06\PN06-3.edf,EEG P10,2283.5,38.05833333333333,700.5
data\raw\siena\PN06\PN06-3.edf,EEG P10,2284.0,38.06666666666667,702.75
data\raw\siena\PN06\PN06-3.edf,EEG P10,2284.5,38.075,700.5
data\raw\siena\PN06\PN06-3.edf,EEG P10,2285.0,38.083333333333336,694.25
data\raw\siena\PN06\PN06-3.edf,EEG P10,2285.5,38.09166666666667,694.25
data\raw\siena\PN06\PN06-3.edf,EEG P10,2286.0,38.1,689.5
data\raw\siena\PN06\PN06-3.edf,EEG P10,2286.5,38.108333333333334,697.75
data\raw\siena\PN06\PN06-3.edf,EEG P10,2287.0,38.11666666666667,702.875
data\raw\siena\PN06\PN06-3.edf,EEG P10,2287.5,38.125,699.75
data\raw\siena\PN06\PN06-3.edf,EEG P10,2288.0,38.13333333333333,690.75
data\raw\siena\PN06\PN06-3.edf,EEG P10,2288.5,38.141666666666666,688.625
data\raw\siena\PN06\PN06-3.edf,EEG P10,2289.0,38.15,707.2499999999999
data\raw\siena\PN06\PN06-3.edf,EEG P10,2289.5,38.15833333333333,703.875
data\raw\siena\PN06\PN06-3.edf,EEG P10,2290.0,38.166666666666664,714.5
data\raw\siena\PN06\PN06-3.edf,EEG P10,2290.5,38.175,715.8749999999999
data\raw\siena\PN06\PN06-3.edf,EEG P10,2291.0,38.18333333333333,714.375
data\raw\siena\PN06\PN06-3.edf,EEG P10,2291.5,38.19166666666667,724.125
data\raw\siena\PN06\PN06-3.edf,EEG P10,2292.0,38.2,724.125
data\raw\siena\PN06\PN06-3.edf,EEG P10,2292.5,38.208333333333336,702.625
data\raw\siena\PN06\PN06-3.edf,EEG P10,2293.0,38.21666666666667,715.125
data\raw\siena\PN06\PN06-3.edf,EEG P10,2293.5,38.225,735.5
data\raw\siena\PN06\PN06-3.edf,EEG P10,2294.0,38.233333333333334,716.625
data\raw\siena\PN06\PN06-3.edf,EEG P10,2294.5,38.24166666666667,702.5
data\raw\siena\PN06\PN06-3.edf,EEG P10,2295.0,38.25,702.375
data\raw\siena\PN06\PN06-3.edf,EEG P10,2295.5,38.25833333333333,697.5
data\raw\siena\PN06\PN06-3.edf,EEG P10,2296.0,38.266666666666666,699.1249999999999
data\raw\siena\PN06\PN06-3.edf,EEG P10,2296.5,38.275,699.1249999999999
data\raw\siena\PN06\PN06-3.edf,EEG P10,2297.0,38.28333333333333,687.125
data\raw\siena\PN06\PN06-3.edf,EEG P10,3071.0,51.18333333333333,695.375
data\raw\siena\PN06\PN06-3.edf,EEG P10,3071.5,51.19166666666667,704.375
data\raw\siena\PN06\PN06-3.edf,EEG P10,3072.0,51.2,714.0
data\raw\siena\PN06\PN06-3.edf,EEG P10,3072.5,51.208333333333336,738.875
data\raw\siena\PN06\PN06-3.edf,EEG P10,3073.0,51.21666666666667,739.1249999999999
data\raw\siena\PN06\PN06-3.edf,EEG P10,3073.5,51.225,722.7499999999999
data\raw\siena\PN06\PN06-3.edf,EEG P10,3074.0,51.233333333333334,717.25
data\raw\siena\PN06\PN06-3.edf,EEG P10,3074.5,51.24166666666667,738.875
data\raw\siena\PN06\PN06-3.edf,EEG P10,3075.0,51.25,752.375
data\raw\siena\PN06\PN06-3.edf,EEG P10,3075.5,51.25833333333333,741.875
data\raw\siena\PN06\PN06-3.edf,EEG P10,3076.0,51.266666666666666,744.25
data\raw\siena\PN06\PN06-3.edf,EEG P10,3076.5,51.275,725.875
data\raw\siena\PN06\PN06-3.edf,EEG P10,3077.0,51.28333333333333,713.875
data\raw\siena\PN06\PN06-3.edf,EEG P10,3077.5,51.291666666666664,706.875
data\raw\siena\PN06\PN06-3.edf,EEG P10,3078.0,51.3,711.125
data\raw\siena\PN06\PN06-3.edf,EEG P10,3078.5,51.30833333333333,713.25
data\raw\siena\PN06\PN06-3.edf,EEG P10,3079.0,51.31666666666667,704.625
data\raw\siena\PN06\PN06-3.edf,EEG P10,3079.5,51.325,703.375
data\raw\siena\PN06\PN06-3.edf,EEG P10,3080.0,51.333333333333336,738.25
data\raw\siena\PN06\PN06-3.edf,EEG P10,3080.5,51.34166666666667,738.25
data\raw\siena\PN06\PN06-3.edf,EEG P10,3081.0,51.35,716.5
data\raw\siena\PN06\PN06-3.edf,EEG P10,3081.5,51.358333333333334,716.125
data\raw\siena\PN06\PN06-3.edf,EEG P10,3082.0,51.36666666666667,710.25
data\raw\siena\PN06\PN06-3.edf,EEG P10,3082.5,51.375,713.375
data\raw\siena\PN06\PN06-3.edf,EEG P10,3083.0,51.38333333333333,733.125
data\raw\siena\PN06\PN06-3.edf,EEG P10,3083.5,51.391666666666666,730.875
data\raw\siena\PN06\PN06-3.edf,EEG P10,3084.0,51.4,704.4999999999999
data\raw\siena\PN06\PN06-3.edf,EEG P10,3084.5,51.40833333333333,719.375
data\raw\siena\PN06\PN06-3.edf,EEG P10,3085.0,51.416666666666664,726.5
data\raw\siena\PN06\PN06-3.edf,EEG P10,3085.5,51.425,712.5
data\raw\siena\PN06\PN06-3.edf,EEG P10,3086.0,51.43333333333333,721.75
data\raw\siena\PN06\PN06-3.edf,EEG P10,3086.5,51.44166666666667,716.25
data\raw\siena\PN06\PN06-3.edf,EEG P10,3087.0,51.45,714.2499999999999
data\raw\siena\PN06\PN06-3.edf,EEG P10,3087.5,51.458333333333336,722.875
data\raw\siena\PN06\PN06-3.edf,EEG P10,3088.0,51.46666666666667,717.5
data\raw\siena\PN06\PN06-3.edf,EEG P10,3088.5,51.475,718.875
data\raw\siena\PN06\PN06-3.edf,EEG P10,3089.0,51.483333333333334,723.9999999999999
data\raw\siena\PN06\PN06-3.edf,EEG P10,3089.5,51.49166666666667,723.9999999999999
data\raw\siena\PN06\PN06-3.edf,EEG P10,3090.0,51.5,714.375
data\raw\siena\PN06\PN06-3.edf,EEG P10,3090.5,51.50833333333333,711.25
data\raw\siena\PN06\PN06-3.edf,EEG P10,3091.0,51.516666666666666,722.75
data\raw\siena\PN06\PN06-3.edf,EEG P10,3091.5,51.525,719.875
data\raw\siena\PN06\PN06-3.edf,EEG P10,3092.0,51.53333333333333,720.75
data\raw\siena\PN06\PN06-3.edf,EEG P10,3092.5,51.541666666666664,720.75
data\raw\siena\PN06\PN06-3.edf,EEG P10,3093.0,51.55,710.25
data\raw\siena\PN06\PN06-3.edf,EEG P10,3093.5,51.55833333333333,712.0
data\raw\siena\PN06\PN06-3.edf,EEG P10,3094.0,51.56666666666667,716.125
data\raw\siena\PN06\PN06-3.edf,EEG P10,3094.5,51.575,719.625
data\raw\siena\PN06\PN06-3.edf,EEG P10,3095.0,51.583333333333336,726.75
data\raw\siena\PN06\PN06-3.edf,EEG P10,3095.5,51.59166666666667,726.75
data\raw\siena\PN06\PN06-3.edf,EEG P10,3096.0,51.6,705.0
data\raw\siena\PN06\PN06-3.edf,EEG P10,3096.5,51.608333333333334,725.125
data\raw\siena\PN06\PN06-3.edf,EEG P10,3097.0,51.61666666666667,727.0
data\raw\siena\PN06\PN06-3.edf,EEG P10,3097.5,51.625,724.75
data\raw\siena\PN06\PN06-3.edf,EEG P10,3098.0,51.63333333333333,732.25
data\raw\siena\PN06\PN06-3.edf,EEG P10,3098.5,51.641666666666666,735.375
data\raw\siena\PN06\PN06-3.edf,EEG P10,3099.0,51.65,739.4999999999999
data\raw\siena\PN06\PN06-3.edf,EEG P10,3099.5,51.65833333333333,726.125
data\raw\siena\PN06\PN06-3.edf,EEG P10,3100.0,51.666666666666664,720.625
data\raw\siena\PN06\PN06-3.edf,EEG P10,3100.5,51.675,713.25
data\raw\siena\PN06\PN06-3.edf,EEG P10,3101.0,51.68333333333333,738.625
data\raw\siena\PN06\PN06-3.edf,EEG P10,3101.5,51.69166666666667,738.625
data\raw\siena\PN06\PN06-3.edf,EEG P10,3102.0,51.7,710.125
data\raw\siena\PN06\PN06-3.edf,EEG P10,3102.5,51.708333333333336,717.0
data\raw\siena\PN06\PN06-3.edf,EEG P10,3103.0,51.71666666666667,728.625
data\raw\siena\PN06\PN06-3.edf,EEG P10,3103.5,51.725,736.875
data\raw\siena\PN06\PN06-3.edf,EEG P10,3104.0,51.733333333333334,724.375
data\raw\siena\PN06\PN06-3.edf,EEG P10,3104.5,51.74166666666667,723.5
data\raw\siena\PN06\PN06-3.edf,EEG P10,3105.0,51.75,718.7499999999999
data\raw\siena\PN06\PN06-3.edf,EEG P10,3105.5,51.75833333333333,725.75
data\raw\siena\PN06\PN06-3.edf,EEG P10,3106.0,51.766666666666666,711.0
data\raw\siena\PN06\PN06-3.edf,EEG P10,3106.5,51.775,703.0
data\raw\siena\PN06\PN06-3.edf,EEG P10,3107.0,51.78333333333333,704.625
data\raw\siena\PN06\PN06-3.edf,EEG P10,3107.5,51.791666666666664,712.875
data\raw\siena\PN06\PN06-3.edf,EEG P10,3108.0,51.8,700.375
data\raw\siena\PN06\PN06-3.edf,EEG P10,3108.5,51.80833333333333,706.375
data\raw\siena\PN06\PN06-3.edf,EEG P10,3109.0,51.81666666666667,713.125
data\raw\siena\PN06\PN06-3.edf,EEG P10,3109.5,51.825,705.75
data\raw\siena\PN06\PN06-3.edf,EEG P10,3110.0,51.833333333333336,716.375
data\raw\siena\PN06\PN06-3.edf,EEG P10,3110.5,51.84166666666667,704.875
data\raw\siena\PN06\PN06-3.edf,EEG P10,3111.0,51.85,707.25
data\raw\siena\PN06\PN06-3.edf,EEG P10,3111.5,51.858333333333334,705.125
data\raw\siena\PN06\PN06-3.edf,EEG P10,3112.0,51.86666666666667,705.5
data\raw\siena\PN06\PN06-3.edf,EEG P10,3112.5,51.875,709.625
data\raw\siena\PN06\PN06-3.edf,EEG P10,3113.0,51.88333333333333,709.625
data\raw\siena\PN06\PN06-3.edf,EEG P10,3113.5,51.891666666666666,708.75
data\raw\siena\PN06\PN06-3.edf,EEG P10,3114.0,51.9,715.125
data\raw\siena\PN06\PN06-3.edf,EEG P10,3114.5,51.90833333333333,711.25
data\raw\siena\PN06\PN06-3.edf,EEG P10,3115.0,51.916666666666664,718.0
data\raw\siena\PN06\PN06-3.edf,EEG P10,3115.5,51.925,708.375
data\raw\siena\PN06\PN06-3.edf,EEG P10,3116.0,51.93333333333333,701.375
data\raw\siena\PN06\PN06-3.edf,EEG P10,3116.5,51.94166666666667,694.875
data\raw\siena\PN06\PN06-3.edf,EEG P10,3117.0,51.95,712.5
data\raw\siena\PN06\PN06-3.edf,EEG P10,3117.5,51.958333333333336,712.5
data\raw\siena\PN06\PN06-3.edf,EEG P10,3118.0,51.96666666666667,719.625
data\raw\siena\PN06\PN06-3.edf,EEG P10,3118.5,51.975,719.625
data\raw\siena\PN06\PN06-3.edf,EEG P10,3119.0,51.983333333333334,718.7499999999999
data\raw\siena\PN06\PN06-3.edf,EEG P10,3119.5,51.99166666666667,718.25
data\raw\siena\PN06\PN06-3.edf,EEG P10,3120.0,52.0,714.5
data\raw\siena\PN06\PN06-3.edf,EEG P10,3120.5,52.00833333333333,712.1249999999999
data\raw\siena\PN06\PN06-3.edf,EEG P10,3121.0,52.016666666666666,708.25
data\raw\siena\PN06\PN06-3.edf,EEG P10,3121.5,52.025,712.125
data\raw\siena\PN06\PN06-3.edf,EEG P10,3122.0,52.03333333333333,711.625
data\raw\siena\PN06\PN06-3.edf,EEG P10,3122.5,52.041666666666664,724.875
data\raw\siena\PN06\PN06-3.edf,EEG P10,3123.0,52.05,726.125
data\raw\siena\PN06\PN06-3.edf,EEG P10,3123.5,52.05833333333333,736.0
data\raw\siena\PN06\PN06-3.edf,EEG P10,3124.0,52.06666666666667,721.75
data\raw\siena\PN06\PN06-3.edf,EEG P10,3124.5,52.075,698.125
data\raw\siena\PN06\PN06-3.edf,EEG P10,3125.0,52.083333333333336,701.875
data\raw\siena\PN06\PN06-3.edf,EEG P10,3125.5,52.09166666666667,710.625
data\raw\siena\PN06\PN06-3.edf,EEG P10,3126.0,52.1,706.5
data\raw\siena\PN06\PN06-3.edf,EEG P10,3126.5,52.108333333333334,701.5
data\raw\siena\PN06\PN06-3.edf,EEG P10,3127.0,52.11666666666667,716.75
data\raw\siena\PN06\PN06-3.edf,EEG P10,3127.5,52.125,718.875
data\raw\siena\PN06\PN06-3.edf,EEG P10,3128.0,52.13333333333333,705.875
data\raw\siena\PN06\PN06-3.edf,EEG P10,3128.5,52.141666666666666,705.25
data\raw\siena\PN06\PN06-3.edf,EEG P10,3129.0,52.15,711.875
data\raw\siena\PN06\PN06-3.edf,EEG P10,3129.5,52.15833333333333,739.25
data\raw\siena\PN06\PN06-3.edf,EEG P10,3130.0,52.166666666666664,730.75
data\raw\siena\PN06\PN06-3.edf,EEG P10,3130.5,52.175,715.75
data\raw\siena\PN06\PN06-3.edf,EEG P10,3131.0,52.18333333333333,711.875
data\raw\siena\PN06\PN06-3.edf,EEG P10,3131.5,52.19166666666667,735.375
data\raw\siena\PN06\PN06-3.edf,EEG P10,3132.0,52.2,727.625
data\raw\siena\PN06\PN06-3.edf,EEG P10,3132.5,52.208333333333336,704.5
data\raw\siena\PN06\PN06-3.edf,EEG P10,3133.0,52.21666666666667,710.375
data\raw\siena\PN06\PN06-3.edf,EEG P10,3133.5,52.225,710.375
data\raw\siena\PN06\PN06-3.edf,EEG P10,3134.0,52.233333333333334,720.125
data\raw\siena\PN06\PN06-3.edf,EEG P10,3134.5,52.24166666666667,724.75
data\raw\siena\PN06\PN06-3.edf,EEG P10,3135.0,52.25,748.0
data\raw\siena\PN06\PN06-3.edf,EEG P10,3135.5,52.25833333333333,759.625
data\raw\siena\PN06\PN06-3.edf,EEG P10,3136.0,52.266666666666666,746.0
data\raw\siena\PN06\PN06-3.edf,EEG P10,3136.5,52.275,741.0
data\raw\siena\PN06\PN06-3.edf,EEG P10,3137.0,52.28333333333333,731.875
data\raw\siena\PN06\PN06-3.edf,EEG P10,3137.5,52.291666666666664,724.75
data\raw\siena\PN06\PN06-3.edf,EEG P10,3138.0,52.3,727.5
data\raw\siena\PN06\PN06-3.edf,EEG P10,3138.5,52.30833333333333,725.2499999999999
data\raw\siena\PN06\PN06-3.edf,EEG P10,3139.0,52.31666666666667,698.875
data\raw\siena\PN06\PN06-3.edf,EEG P10,3139.5,52.325,700.25
data\raw\siena\PN06\PN06-3.edf,EEG P10,3140.0,52.333333333333336,707.625
data\raw\siena\PN06\PN06-3.edf,EEG P10,3140.5,52.34166666666667,708.125
data\raw\siena\PN06\PN06-3.edf,EEG P10,3141.0,52.35,714.25
data\raw\siena\PN06\PN06-3.edf,EEG P10,3141.5,52.358333333333334,709.625
data\raw\siena\PN06\PN06-3.edf,EEG P10,3142.0,52.36666666666667,704.625
data\raw\siena\PN06\PN06-3.edf,EEG P10,3142.5,52.375,714.25
data\raw\siena\PN06\PN06-3.edf,EEG P10,3143.0,52.38333333333333,713.0
data\raw\siena\PN06\PN06-3.edf,EEG P10,3143.5,52.391666666666666,719.0
data\raw\siena\PN06\PN06-3.edf,EEG P10,3144.0,52.4,714.25
data\raw\siena\PN06\PN06-3.edf,EEG P10,3144.5,52.40833333333333,746.625
data\raw\siena\PN06\PN06-3.edf,EEG P10,3145.0,52.416666666666664,717.875
data\raw\siena\PN06\PN06-3.edf,EEG P10,3145.5,52.425,718.25
data\raw\siena\PN06\PN06-3.edf,EEG P10,3146.0,52.43333333333333,722.3749999999999
data\raw\siena\PN06\PN06-3.edf,EEG P10,3146.5,52.44166666666667,720.25
data\raw\siena\PN06\PN06-3.edf,EEG P10,3147.0,52.45,725.0
data\raw\siena\PN06\PN06-3.edf,EEG P10,3147.5,52.458333333333336,729.25
data\raw\siena\PN06\PN06-3.edf,EEG P10,3148.0,52.46666666666667,729.125
data\raw\siena\PN06\PN06-3.edf,EEG P10,3148.5,52.475,737.0
data\raw\siena\PN06\PN06-3.edf,EEG P10,3149.0,52.483333333333334,731.25
data\raw\siena\PN06\PN06-3.edf,EEG P10,3149.5,52.49166666666667,731.625
data\raw\siena\PN06\PN06-3.edf,EEG P10,3150.0,52.5,726.0
data\raw\siena\PN06\PN06-3.edf,EEG P10,3150.5,52.50833333333333,718.875
data\raw\siena\PN06\PN06-3.edf,EEG P10,3151.0,52.516666666666666,715.5
data\raw\siena\PN06\PN06-3.edf,EEG P10,3151.5,52.525,712.5
data\raw\siena\PN06\PN06-3.edf,EEG P10,3152.0,52.53333333333333,715.75
data\raw\siena\PN06\PN06-3.edf,EEG P10,3152.5,52.541666666666664,726.625
data\raw\siena\PN06\PN06-3.edf,EEG P10,3153.0,52.55,728.625
data\raw\siena\PN06\PN06-3.edf,EEG P10,3153.5,52.55833333333333,728.5
data\raw\siena\PN06\PN06-3.edf,EEG P10,3154.0,52.56666666666667,735.25
data\raw\siena\PN06\PN06-3.edf,EEG P10,3154.5,52.575,737.125
data\raw\siena\PN06\PN06-3.edf,EEG P10,3155.0,52.583333333333336,735.75
data\raw\siena\PN06\PN06-3.edf,EEG P10,3155.5,52.59166666666667,741.875
data\raw\siena\PN06\PN06-3.edf,EEG P10,3156.0,52.6,729.125
data\raw\siena\PN06\PN06-3.edf,EEG P10,3156.5,52.608333333333334,725.125
data\raw\siena\PN06\PN06-3.edf,EEG P10,3157.0,52.61666666666667,711.0
data\raw\siena\PN06\PN06-3.edf,EEG P10,3157.5,52.625,713.375
data\raw\siena\PN06\PN06-3.edf,EEG P10,3158.0,52.63333333333333,713.375
data\raw\siena\PN06\PN06-3.edf,EEG P10,3158.5,52.641666666666666,709.125
data\raw\siena\PN06\PN06-3.edf,EEG P10,3159.0,52.65,702.0
data\raw\siena\PN06\PN06-3.edf,EEG P10,3159.5,52.65833333333333,717.0
data\raw\siena\PN06\PN06-3.edf,EEG P10,3160.0,52.666666666666664,718.625
data\raw\siena\PN06\PN06-3.edf,EEG P10,3160.5,52.675,718.25
data\raw\siena\PN06\PN06-3.edf,EEG P10,3161.0,52.68333333333333,716.25
data\raw\siena\PN06\PN06-3.edf,EEG P10,3161.5,52.69166666666667,722.7499999999999
data\raw\siena\PN06\PN06-3.edf,EEG P10,3162.0,52.7,722.7499999999999
data\raw\siena\PN06\PN06-3.edf,EEG P10,3162.5,52.708333333333336,726.75
data\raw\siena\PN06\PN06-3.edf,EEG P10,3163.0,52.71666666666667,719.0
data\raw\siena\PN06\PN06-3.edf,EEG P10,3163.5,52.725,719.0
data\raw\siena\PN06\PN06-3.edf,EEG P10,3164.0,52.733333333333334,733.0
data\raw\siena\PN06\PN06-3.edf,EEG P10,3164.5,52.74166666666667,715.75
data\raw\siena\PN06\PN06-3.edf,EEG P10,3165.0,52.75,729.7499999999999
data\raw\siena\PN06\PN06-3.edf,EEG P10,3165.5,52.75833333333333,720.875
data\raw\siena\PN06\PN06-3.edf,EEG P10,3166.0,52.766666666666666,729.2499999999999
data\raw\siena\PN06\PN06-3.edf,EEG P10,3166.5,52.775,725.75
data\raw\siena\PN06\PN06-3.edf,EEG P10,3167.0,52.78333333333333,708.125
data\raw\siena\PN06\PN06-3.edf,EEG P10,3167.5,52.791666666666664,708.5
data\raw\siena\PN06\PN06-3.edf,EEG P10,3168.0,52.8,727.0
data\raw\siena\PN06\PN06-3.edf,EEG P10,3168.5,52.80833333333333,719.375
data\raw\siena\PN06\PN06-3.edf,EEG P10,3169.0,52.81666666666667,711.5
data\raw\siena\PN06\PN06-3.edf,EEG P10,3169.5,52.825,721.125
data\raw\siena\PN06\PN06-3.edf,EEG P10,3170.0,52.833333333333336,724.375
data\raw\siena\PN06\PN06-3.edf,EEG P10,3170.5,52.84166666666667,711.75
data\raw\siena\PN06\PN06-3.edf,EEG P10,3171.0,52.85,742.125
data\raw\siena\PN06\PN06-3.edf,EEG P10,3171.5,52.858333333333334,750.375
data\raw\siena\PN06\PN06-3.edf,EEG P10,3172.0,52.86666666666667,755.5
data\raw\siena\PN06\PN06-3.edf,EEG P10,3172.5,52.875,754.25
data\raw\siena\PN06\PN06-3.edf,EEG P10,3173.0,52.88333333333333,722.75
data\raw\siena\PN06\PN06-3.edf,EEG P10,3173.5,52.891666666666666,723.0
data\raw\siena\PN06\PN06-3.edf,EEG P10,3174.0,52.9,727.2499999999999
data\raw\siena\PN06\PN06-3.edf,EEG P10,3174.5,52.90833333333333,737.5
data\raw\siena\PN06\PN06-3.edf,EEG P10,3175.0,52.916666666666664,720.625
data\raw\siena\PN06\PN06-3.edf,EEG P10,3175.5,52.925,728.4999999999999
data\raw\siena\PN06\PN06-3.edf,EEG P10,3176.0,52.93333333333333,768.625
data\raw\siena\PN06\PN06-3.edf,EEG P10,3176.5,52.94166666666667,768.625
data\raw\siena\PN06\PN06-3.edf,EEG P10,3177.0,52.95,725.125
data\raw\siena\PN06\PN06-3.edf,EEG P10,3177.5,52.958333333333336,724.25
data\raw\siena\PN06\PN06-3.edf,EEG P10,3178.0,52.96666666666667,735.875
data\raw\siena\PN06\PN06-3.edf,EEG P10,3178.5,52.975,745.125
data\raw\siena\PN06\PN06-3.edf,EEG P10,3179.0,52.983333333333334,713.375
data\raw\siena\PN06\PN06-3.edf,EEG P10,3179.5,52.99166666666667,725.375
data\raw\siena\PN06\PN06-3.edf,EEG P10,3180.0,53.0,716.125
data\raw\siena\PN06\PN06-3.edf,EEG P10,3180.5,53.00833333333333,702.375
data\raw\siena\PN06\PN06-3.edf,EEG P10,3181.0,53.016666666666666,697.875
data\raw\siena\PN06\PN06-3.edf,EEG P10,3181.5,53.025,714.875
data\raw\siena\PN06\PN06-3.edf,EEG P10,3182.0,53.03333333333333,714.875
data\raw\siena\PN06\PN06-3.edf,EEG P10,3182.5,53.041666666666664,712.25
data\raw\siena\PN06\PN06-3.edf,EEG P10,3183.0,53.05,723.75
data\raw\siena\PN06\PN06-3.edf,EEG P10,3183.5,53.05833333333333,733.0
data\raw\siena\PN06\PN06-3.edf,EEG P10,3184.0,53.06666666666667,733.0
data\raw\siena\PN06\PN06-3.edf,EEG P10,3184.5,53.075,718.125
data\raw\siena\PN06\PN06-3.edf,EEG P10,3185.0,53.083333333333336,719.375
data\raw\siena\PN06\PN06-3.edf,EEG P10,3185.5,53.09166666666667,716.375
data\raw\siena\PN06\PN06-3.edf,EEG P10,3186.0,53.1,705.125
data\raw\siena\PN06\PN06-3.edf,EEG P10,3186.5,53.108333333333334,715.375
data\raw\siena\PN06\PN06-3.edf,EEG P10,3187.0,53.11666666666667,711.8749999999999
data\raw\siena\PN06\PN06-3.edf,EEG P10,3187.5,53.125,712.0
data\raw\siena\PN06\PN06-3.edf,EEG P10,3188.0,53.13333333333333,732.625
data\raw\siena\PN06\PN06-3.edf,EEG P10,3188.5,53.141666666666666,724.75
data\raw\siena\PN06\PN06-3.edf,EEG P10,3189.0,53.15,721.125
data\raw\siena\PN06\PN06-3.edf,EEG P10,3189.5,53.15833333333333,733.375
data\raw\siena\PN06\PN06-3.edf,EEG P10,3190.0,53.166666666666664,733.375
data\raw\siena\PN06\PN06-3.edf,EEG P10,3190.5,53.175,723.625
data\raw\siena\PN06\PN06-3.edf,EEG P10,3191.0,53.18333333333333,710.625
data\raw\siena\PN06\PN06-3.edf,EEG P10,3191.5,53.19166666666667,717.875
data\raw\siena\PN06\PN06-3.edf,EEG P10,3192.0,53.2,714.25
data\raw\siena\PN06\PN06-3.edf,EEG P10,3192.5,53.208333333333336,719.75
data\raw\siena\PN06\PN06-3.edf,EEG P10,3193.0,53.21666666666667,737.25
data\raw\siena\PN06\PN06-3.edf,EEG P10,3193.5,53.225,725.625
data\raw\siena\PN06\PN06-3.edf,EEG P10,3194.0,53.233333333333334,714.375
data\raw\siena\PN06\PN06-3.edf,EEG P10,3194.5,53.24166666666667,714.375
data\raw\siena\PN06\PN06-3.edf,EEG P10,3195.0,53.25,713.25
data\raw\siena\PN06\PN06-3.edf,EEG P10,3195.5,53.25833333333333,727.875
data\raw\siena\PN06\PN06-3.edf,EEG P10,3196.0,53.266666666666666,720.5
data\raw\siena\PN06\PN06-3.edf,EEG P10,3196.5,53.275,720.875
data\raw\siena\PN06\PN06-3.edf,EEG P10,3197.0,53.28333333333333,720.75
data\raw\siena\PN06\PN06-3.edf,EEG P10,3197.5,53.291666666666664,714.875
data\raw\siena\PN06\PN06-3.edf,EEG P10,3198.0,53.3,726.0
data\raw\siena\PN06\PN06-3.edf,EEG P10,3198.5,53.30833333333333,722.75
data\raw\siena\PN06\PN06-3.edf,EEG P10,3199.0,53.31666666666667,725.125
data\raw\siena\PN06\PN06-3.edf,EEG P10,3199.5,53.325,714.875
data\raw\siena\PN06\PN06-3.edf,EEG P10,3200.0,53.333333333333336,715.75
data\raw\siena\PN06\PN06-3.edf,EEG P10,3200.5,53.34166666666667,723.625
data\raw\siena\PN06\PN06-3.edf,EEG P10,3201.0,53.35,726.125
data\raw\siena\PN06\PN06-3.edf,EEG P10,3201.5,53.358333333333334,717.75
data\raw\siena\PN06\PN06-3.edf,EEG P10,3202.0,53.36666666666667,707.375
data\raw\siena\PN06\PN06-3.edf,EEG P10,3202.5,53.375,717.0
data\raw\siena\PN06\PN06-3.edf,EEG P10,3203.0,53.38333333333333,727.75
data\raw\siena\PN06\PN06-3.edf,EEG P10,3203.5,53.391666666666666,727.2499999999999
data\raw\siena\PN06\PN06-3.edf,EEG P10,3204.0,53.4,727.2499999999999
data\raw\siena\PN06\PN06-3.edf,EEG P10,3204.5,53.40833333333333,712.25
data\raw\siena\PN06\PN06-3.edf,EEG P10,3205.0,53.416666666666664,712.25
data\raw\siena\PN06\PN06-3.edf,EEG P10,3205.5,53.425,742.0
data\raw\siena\PN06\PN06-3.edf,EEG P10,3206.0,53.43333333333333,742.0
data\raw\siena\PN06\PN06-3.edf,EEG P10,3206.5,53.44166666666667,724.375
data\raw\siena\PN06\PN06-3.edf,EEG P10,3207.0,53.45,712.5
data\raw\siena\PN06\PN06-3.edf,EEG P10,3207.5,53.458333333333336,712.5
data\raw\siena\PN06\PN06-3.edf,EEG P10,3208.0,53.46666666666667,713.125
data\raw\siena\PN06\PN06-3.edf,EEG P10,3208.5,53.475,716.25
data\raw\siena\PN06\PN06-3.edf,EEG P10,3209.0,53.483333333333334,714.25
data\raw\siena\PN06\PN06-3.edf,EEG P10,3209.5,53.49166666666667,731.625
data\raw\siena\PN06\PN06-3.edf,EEG P10,3210.0,53.5,720.625
data\raw\siena\PN06\PN06-3.edf,EEG P10,3210.5,53.50833333333333,708.125
data\raw\siena\PN06\PN06-3.edf,EEG P10,3211.0,53.516666666666666,704.625
data\raw\siena\PN06\PN06-3.edf,EEG P10,3211.5,53.525,726.5
data\raw\siena\PN06\PN06-3.edf,EEG P10,3212.0,53.53333333333333,726.125
data\raw\siena\PN06\PN06-3.edf,EEG P10,3212.5,53.541666666666664,722.3749999999999
data\raw\siena\PN06\PN06-3.edf,EEG P10,3213.0,53.55,721.1249999999999
data\raw\siena\PN06\PN06-3.edf,EEG P10,3213.5,53.55833333333333,731.5
data\raw\siena\PN06\PN06-3.edf,EEG P10,3214.0,53.56666666666667,752.125
data\raw\siena\PN06\PN06-3.edf,EEG P10,3214.5,53.575,734.875
data\raw\siena\PN06\PN06-3.edf,EEG P10,3215.0,53.583333333333336,733.25
data\raw\siena\PN06\PN06-3.edf,EEG P10,3215.5,53.59166666666667,724.75
data\raw\siena\PN06\PN06-3.edf,EEG P10,3216.0,53.6,726.125
data\raw\siena\PN06\PN06-3.edf,EEG P10,3216.5,53.608333333333334,729.5
data\raw\siena\PN06\PN06-3.edf,EEG P10,3217.0,53.61666666666667,730.125
data\raw\siena\PN06\PN06-3.edf,EEG P10,3217.5,53.625,731.5
data\raw\siena\PN06\PN06-3.edf,EEG P10,3218.0,53.63333333333333,725.6249999999999
data\raw\siena\PN06\PN06-3.edf,EEG P10,3218.5,53.641666666666666,722.0
data\raw\siena\PN06\PN06-3.edf,EEG P10,3219.0,53.65,723.0
data\raw\siena\PN06\PN06-3.edf,EEG P10,3219.5,53.65833333333333,738.875
data\raw\siena\PN06\PN06-3.edf,EEG P10,3220.0,53.666666666666664,725.0
data\raw\siena\PN06\PN06-3.edf,EEG P10,3220.5,53.675,720.75
data\raw\siena\PN06\PN06-3.edf,EEG P10,3221.0,53.68333333333333,729.125
data\raw\siena\PN06\PN06-3.edf,EEG P10,3221.5,53.69166666666667,721.9999999999999
data\raw\siena\PN06\PN06-3.edf,EEG P10,3222.0,53.7,725.375
data\raw\siena\PN06\PN06-3.edf,EEG P10,3222.5,53.708333333333336,729.0
data\raw\siena\PN06\PN06-3.edf,EEG P10,3223.0,53.71666666666667,736.375
data\raw\siena\PN06\PN06-3.edf,EEG P10,3223.5,53.725,738.0
data\raw\siena\PN06\PN06-3.edf,EEG P10,3224.0,53.733333333333334,731.875
data\raw\siena\PN06\PN06-3.edf,EEG P10,3224.5,53.74166666666667,750.875
data\raw\siena\PN06\PN06-3.edf,EEG P10,3225.0,53.75,734.25
data\raw\siena\PN06\PN06-3.edf,EEG P10,3225.5,53.75833333333333,719.625
data\raw\siena\PN06\PN06-3.edf,EEG P10,3226.0,53.766666666666666,751.125
data\raw\siena\PN06\PN06-3.edf,EEG P10,3226.5,53.775,759.2499999999999
data\raw\siena\PN06\PN06-3.edf,EEG P10,3227.0,53.78333333333333,759.375
data\raw\siena\PN06\PN06-3.edf,EEG P10,3227.5,53.791666666666664,754.125
data\raw\siena\PN06\PN06-3.edf,EEG P10,3228.0,53.8,720.75
data\raw\siena\PN06\PN06-3.edf,EEG P10,3228.5,53.80833333333333,717.0
data\raw\siena\PN06\PN06-3.edf,EEG P10,3229.0,53.81666666666667,717.125
data\raw\siena\PN06\PN06-3.edf,EEG P10,3229.5,53.825,751.75
data\raw\siena\PN06\PN06-3.edf,EEG P10,3230.0,53.833333333333336,751.75
data\raw\siena\PN06\PN06-3.edf,EEG P10,3230.5,53.84166666666667,715.375
data\raw\siena\PN06\PN06-3.edf,EEG P10,3231.0,53.85,731.375
data\raw\siena\PN06\PN06-3.edf,EEG P10,3231.5,53.858333333333334,731.375
data\raw\siena\PN06\PN06-3.edf,EEG P10,3232.0,53.86666666666667,711.5
data\raw\siena\PN06\PN06-3.edf,EEG P10,3232.5,53.875,759.5
data\raw\siena\PN06\PN06-3.edf,EEG P10,3233.0,53.88333333333333,768.875
data\raw\siena\PN06\PN06-3.edf,EEG P10,3233.5,53.891666666666666,756.5
data\raw\siena\PN06\PN06-3.edf,EEG P10,3234.0,53.9,716.2499999999999
data\raw\siena\PN06\PN06-3.edf,EEG P10,3234.5,53.90833333333333,735.125
data\raw\siena\PN06\PN06-3.edf,EEG P10,3235.0,53.916666666666664,734.125
data\raw\siena\PN06\PN06-3.edf,EEG P10,3235.5,53.925,734.125
data\raw\siena\PN06\PN06-3.edf,EEG P10,3236.0,53.93333333333333,731.375
data\raw\siena\PN06\PN06-3.edf,EEG P10,3236.5,53.94166666666667,728.75
data\raw\siena\PN06\PN06-3.edf,EEG P10,3237.0,53.95,714.375
data\raw\siena\PN06\PN06-3.edf,EEG P10,3237.5,53.958333333333336,722.875
data\raw\siena\PN06\PN06-3.edf,EEG P10,3238.0,53.96666666666667,723.125
data\raw\siena\PN06\PN06-3.edf,EEG P10,3238.5,53.975,722.375
data\raw\siena\PN06\PN06-3.edf,EEG P10,3239.0,53.983333333333334,722.375
data\raw\siena\PN06\PN06-3.edf,EEG P10,3239.5,53.99166666666667,735.375
data\raw\siena\PN06\PN06-3.edf,EEG P10,3240.0,54.0,726.125
data\raw\siena\PN06\PN06-3.edf,EEG P10,3240.5,54.00833333333333,721.5
data\raw\siena\PN06\PN06-3.edf,EEG P10,3241.0,54.016666666666666,721.25
data\raw\siena\PN06\PN06-3.edf,EEG P10,3241.5,54.025,715.5
data\raw\siena\PN06\PN06-3.edf,EEG P10,3242.0,54.03333333333333,707.125
data\raw\siena\PN06\PN06-3.edf,EEG P10,3242.5,54.041666666666664,712.25
data\raw\siena\PN06\PN06-3.edf,EEG P10,3243.0,54.05,722.5
data\raw\siena\PN06\PN06-3.edf,EEG P10,3243.5,54.05833333333333,713.0
data\raw\siena\PN06\PN06-3.edf,EEG P10,3244.0,54.06666666666667,710.375
data\raw\siena\PN06\PN06-3.edf,EEG P10,3244.5,54.075,721.0
data\raw\siena\PN06\PN06-3.edf,EEG P10,3245.0,54.083333333333336,731.375
data\raw\siena\PN06\PN06-3.edf,EEG P10,3245.5,54.09166666666667,724.875
data\raw\siena\PN06\PN06-3.edf,EEG P10,3246.0,54.1,724.875
data\raw\siena\PN06\PN06-3.edf,EEG P10,3246.5,54.108333333333334,713.25
data\raw\siena\PN06\PN06-3.edf,EEG P10,3247.0,54.11666666666667,712.375
data\raw\siena\PN06\PN06-3.edf,EEG P10,3247.5,54.125,716.625
data\raw\siena\PN06\PN06-3.edf,EEG P10,3248.0,54.13333333333333,717.5
data\raw\siena\PN06\PN06-3.edf,EEG P10,3248.5,54.141666666666666,711.875
data\raw\siena\PN06\PN06-3.edf,EEG P10,3249.0,54.15,708.625
data\raw\siena\PN06\PN06-3.edf,EEG P10,3249.5,54.15833333333333,722.625
data\raw\siena\PN06\PN06-3.edf,EEG P10,3250.0,54.166666666666664,722.625
data\raw\siena\PN06\PN06-3.edf,EEG P10,3250.5,54.175,727.625
data\raw\siena\PN06\PN06-3.edf,EEG P10,3251.0,54.18333333333333,735.625
data\raw\siena\PN06\PN06-3.edf,EEG P10,3251.5,54.19166666666667,702.125
data\raw\siena\PN06\PN06-3.edf,EEG P10,3252.0,54.2,712.375
data\raw\siena\PN06\PN06-3.edf,EEG P10,3252.5,54.208333333333336,729.875
data\raw\siena\PN06\PN06-3.edf,EEG P10,3253.0,54.21666666666667,716.6249999999999
data\raw\siena\PN06\PN06-3.edf,EEG P10,3253.5,54.225,725.5
data\raw\siena\PN06\PN06-3.edf,EEG P10,3254.0,54.233333333333334,721.375
data\raw\siena\PN06\PN06-3.edf,EEG P10,3254.5,54.24166666666667,702.0
data\raw\siena\PN06\PN06-3.edf,EEG P10,3255.0,54.25,703.75
data\raw\siena\PN06\PN06-3.edf,EEG P10,3255.5,54.25833333333333,699.875
data\raw\siena\PN06\PN06-3.edf,EEG P10,3256.0,54.266666666666666,699.625
data\raw\siena\PN06\PN06-3.edf,EEG P10,3256.5,54.275,702.625
data\raw\siena\PN06\PN06-3.edf,EEG P10,3257.0,54.28333333333333,705.25
data\raw\siena\PN06\PN06-3.edf,EEG P10,3257.5,54.291666666666664,705.125
data\raw\siena\PN06\PN06-3.edf,EEG P10,3258.0,54.3,735.0
data\raw\siena\PN06\PN06-3.edf,EEG P10,3258.5,54.30833333333333,738.5
data\raw\siena\PN06\PN06-3.edf,EEG P10,3259.0,54.31666666666667,717.375
data\raw\siena\PN06\PN06-3.edf,EEG P10,3259.5,54.325,727.0
data\raw\siena\PN06\PN06-3.edf,EEG P10,3260.0,54.333333333333336,727.0
data\raw\siena\PN06\PN06-3.edf,EEG P10,3260.5,54.34166666666667,717.8749999999999
data\raw\siena\PN06\PN06-3.edf,EEG P10,3261.0,54.35,741.375
data\raw\siena\PN06\PN06-3.edf,EEG P10,3261.5,54.358333333333334,738.125
data\raw\siena\PN06\PN06-3.edf,EEG P10,3262.0,54.36666666666667,719.625
data\raw\siena\PN06\PN06-3.edf,EEG P10,3262.5,54.375,724.625
data\raw\siena\PN06\PN06-3.edf,EEG P10,3263.0,54.38333333333333,712.0
data\raw\siena\PN06\PN06-3.edf,EEG P10,3263.5,54.391666666666666,703.875
data\raw\siena\PN06\PN06-3.edf,EEG P10,3264.0,54.4,727.125
data\raw\siena\PN06\PN06-3.edf,EEG P10,3264.5,54.40833333333333,725.75
data\raw\siena\PN06\PN06-3.edf,EEG P10,3265.0,54.416666666666664,736.25
data\raw\siena\PN06\PN06-3.edf,EEG P10,3265.5,54.425,744.75
data\raw\siena\PN06\PN06-3.edf,EEG P10,3266.0,54.43333333333333,745.625
data\raw\siena\PN06\PN06-3.edf,EEG P10,3266.5,54.44166666666667,739.25
data\raw\siena\PN06\PN06-3.edf,EEG P10,3267.0,54.45,764.0
data\raw\siena\PN06\PN06-3.edf,EEG P10,3267.5,54.458333333333336,748.75
data\raw\siena\PN06\PN06-3.edf,EEG P10,3268.0,54.46666666666667,749.375
data\raw\siena\PN06\PN06-3.edf,EEG P10,3268.5,54.475,770.875
data\raw\siena\PN06\PN06-3.edf,EEG P10,3269.0,54.483333333333334,770.875
data\raw\siena\PN06\PN06-3.edf,EEG P10,3269.5,54.49166666666667,742.25
data\raw\siena\PN06\PN06-3.edf,EEG P10,3270.0,54.5,732.75
data\raw\siena\PN06\PN06-3.edf,EEG P10,3270.5,54.50833333333333,709.875
data\raw\siena\PN06\PN06-3.edf,EEG P10,3271.0,54.516666666666666,715.75
data\raw\siena\PN06\PN06-3.edf,EEG P10,3271.5,54.525,715.75
data\raw\siena\PN06\PN06-3.edf,EEG P10,3272.0,54.53333333333333,713.7499999999999
data\raw\siena\PN06\PN06-3.edf,EEG P10,3272.5,54.541666666666664,715.25
data\raw\siena\PN06\PN06-3.edf,EEG P10,3273.0,54.55,733.875
data\raw\siena\PN06\PN06-3.edf,EEG P10,3273.5,54.55833333333333,725.0
data\raw\siena\PN06\PN06-3.edf,EEG P10,3274.0,54.56666666666667,710.25
data\raw\siena\PN06\PN06-3.edf,EEG P10,3274.5,54.575,709.375
data\raw\siena\PN06\PN06-3.edf,EEG P10,3275.0,54.583333333333336,709.25
data\raw\siena\PN06\PN06-3.edf,EEG P10,3275.5,54.59166666666667,711.625
data\raw\siena\PN06\PN06-3.edf,EEG P10,3276.0,54.6,711.625
data\raw\siena\PN06\PN06-3.edf,EEG P10,3276.5,54.608333333333334,723.875
data\raw\siena\PN06\PN06-3.edf,EEG P10,3277.0,54.61666666666667,723.875
data\raw\siena\PN06\PN06-3.edf,EEG P10,3277.5,54.625,717.375
data\raw\siena\PN06\PN06-3.edf,EEG P10,3278.0,54.63333333333333,717.75
data\raw\siena\PN06\PN06-3.edf,EEG P10,3278.5,54.641666666666666,717.75
data\raw\siena\PN06\PN06-3.edf,EEG P10,3279.0,54.65,739.1249999999999
data\raw\siena\PN06\PN06-3.edf,EEG P10,3279.5,54.65833333333333,730.1249999999999
data\raw\siena\PN06\PN06-3.edf,EEG P10,3280.0,54.666666666666664,730.0
data\raw\siena\PN06\PN06-3.edf,EEG P10,3280.5,54.675,725.25
data\raw\siena\PN06\PN06-3.edf,EEG P10,3281.0,54.68333333333333,714.625
data\raw\siena\PN06\PN06-3.edf,EEG P10,3281.5,54.69166666666667,740.75
data\raw\siena\PN06\PN06-3.edf,EEG P10,3282.0,54.7,740.75
data\raw\siena\PN06\PN06-3.edf,EEG P10,3282.5,54.708333333333336,726.625
data\raw\siena\PN06\PN06-3.edf,EEG P10,3283.0,54.71666666666667,733.125
data\raw\siena\PN06\PN06-3.edf,EEG P10,3283.5,54.725,719.125
data\raw\siena\PN06\PN06-3.edf,EEG P10,3284.0,54.733333333333334,721.375
data\raw\siena\PN06\PN06-3.edf,EEG P10,3284.5,54.74166666666667,721.375
data\raw\siena\PN06\PN06-3.edf,EEG P10,3285.0,54.75,709.75
data\raw\siena\PN06\PN06-3.edf,EEG P10,3285.5,54.75833333333333,731.75
data\raw\siena\PN06\PN06-3.edf,EEG P10,3286.0,54.766666666666666,782.75
data\raw\siena\PN06\PN06-3.edf,EEG P10,3286.5,54.775,788.25
data\raw\siena\PN06\PN06-3.edf,EEG P10,3287.0,54.78333333333333,774.0
data\raw\siena\PN06\PN06-3.edf,EEG P10,3287.5,54.791666666666664,767.625
data\raw\siena\PN06\PN06-3.edf,EEG P10,3288.0,54.8,771.5
data\raw\siena\PN06\PN06-3.edf,EEG P10,3288.5,54.80833333333333,746.75
data\raw\siena\PN06\PN06-3.edf,EEG P10,3289.0,54.81666666666667,756.875
data\raw\siena\PN06\PN06-3.edf,EEG P10,3289.5,54.825,756.125
data\raw\siena\PN06\PN06-3.edf,EEG P10,3290.0,54.833333333333336,721.75
data\raw\siena\PN06\PN06-3.edf,EEG P10,3290.5,54.84166666666667,743.6249999999999
data\raw\siena\PN06\PN06-3.edf,EEG P10,3291.0,54.85,759.8749999999999
data\raw\siena\PN06\PN06-3.edf,EEG P10,3291.5,54.858333333333334,817.75
data\raw\siena\PN06\PN06-3.edf,EEG P10,3292.0,54.86666666666667,784.0
data\raw\siena\PN06\PN06-3.edf,EEG P10,3292.5,54.875,767.625
data\raw\siena\PN06\PN06-3.edf,EEG P10,3293.0,54.88333333333333,759.625
data\raw\siena\PN06\PN06-3.edf,EEG P10,3293.5,54.891666666666666,762.625
data\raw\siena\PN06\PN06-3.edf,EEG P10,3294.0,54.9,831.75
data\raw\siena\PN06\PN06-3.edf,EEG P10,3294.5,54.90833333333333,911.375
data\raw\siena\PN06\PN06-3.edf,EEG P10,3295.0,54.916666666666664,775.5
data\raw\siena\PN06\PN06-3.edf,EEG P10,3295.5,54.925,875.75
data\raw\siena\PN06\PN06-3.edf,EEG P10,3296.0,54.93333333333333,764.25
data\raw\siena\PN06\PN06-3.edf,EEG P10,3296.5,54.94166666666667,724.125
data\raw\siena\PN06\PN06-3.edf,EEG P10,3297.0,54.95,737.625
data\raw\siena\PN06\PN06-3.edf,EEG P10,3297.5,54.958333333333336,735.25
data\raw\siena\PN06\PN06-3.edf,EEG P10,3298.0,54.96666666666667,730.25
data\raw\siena\PN06\PN06-3.edf,EEG P10,3298.5,54.975,777.875
data\raw\siena\PN06\PN06-3.edf,EEG P10,3299.0,54.983333333333334,734.25
data\raw\siena\PN06\PN06-3.edf,EEG P10,3299.5,54.99166666666667,726.875
data\raw\siena\PN06\PN06-3.edf,EEG P10,3300.0,55.0,737.875
data\raw\siena\PN06\PN06-3.edf,EEG P10,3300.5,55.00833333333333,756.75
data\raw\siena\PN06\PN06-3.edf,EEG P10,3301.0,55.016666666666666,734.875
data\raw\siena\PN06\PN06-3.edf,EEG P10,3301.5,55.025,728.25
data\raw\siena\PN06\PN06-3.edf,EEG P10,3302.0,55.03333333333333,707.125
data\raw\siena\PN06\PN06-3.edf,EEG P10,3302.5,55.041666666666664,712.75
data\raw\siena\PN06\PN06-3.edf,EEG P10,3303.0,55.05,731.125
data\raw\siena\PN06\PN06-3.edf,EEG P10,3303.5,55.05833333333333,731.875
data\raw\siena\PN06\PN06-3.edf,EEG P10,3304.0,55.06666666666667,710.125
data\raw\siena\PN06\PN06-3.edf,EEG P10,3304.5,55.075,715.25
data\raw\siena\PN06\PN06-3.edf,EEG P10,3305.0,55.083333333333336,715.625
data\raw\siena\PN06\PN06-3.edf,EEG P10,3305.5,55.09166666666667,715.5
data\raw\siena\PN06\PN06-3.edf,EEG P10,3306.0,55.1,728.5
data\raw\siena\PN06\PN06-3.edf,EEG P10,3306.5,55.108333333333334,728.5
data\raw\siena\PN06\PN06-3.edf,EEG P10,3307.0,55.11666666666667,726.625
data\raw\siena\PN06\PN06-3.edf,EEG P10,3307.5,55.125,725.625
data\raw\siena\PN06\PN06-3.edf,EEG P10,3308.0,55.13333333333333,738.125
data\raw\siena\PN06\PN06-3.edf,EEG P10,3308.5,55.141666666666666,730.75
data\raw\siena\PN06\PN06-3.edf,EEG P10,3309.0,55.15,716.0
data\raw\siena\PN06\PN06-3.edf,EEG P10,3309.5,55.15833333333333,714.625
data\raw\siena\PN06\PN06-3.edf,EEG P10,3310.0,55.166666666666664,756.625
data\raw\siena\PN06\PN06-3.edf,EEG P10,3310.5,55.175,756.625
data\raw\siena\PN06\PN06-3.edf,EEG P10,3311.0,55.18333333333333,728.625
data\raw\siena\PN06\PN06-3.edf,EEG P10,3311.5,55.19166666666667,728.625
data\raw\siena\PN06\PN06-3.edf,EEG P10,3312.0,55.2,724.125
data\raw\siena\PN06\PN06-3.edf,EEG P10,3312.5,55.208333333333336,710.75
data\raw\siena\PN06\PN06-3.edf,EEG P10,3313.0,55.21666666666667,712.5
data\raw\siena\PN06\PN06-3.edf,EEG P10,3313.5,55.225,741.125
data\raw\siena\PN06\PN06-3.edf,EEG P10,3314.0,55.233333333333334,751.7499999999999
data\raw\siena\PN06\PN06-3.edf,EEG P10,3314.5,55.24166666666667,733.125
data\raw\siena\PN06\PN06-3.edf,EEG P10,3315.0,55.25,703.75
data\raw\siena\PN06\PN06-3.edf,EEG P10,3315.5,55.25833333333333,702.125
data\raw\siena\PN06\PN06-3.edf,EEG P10,3316.0,55.266666666666666,726.25
data\raw\siena\PN06\PN06-3.edf,EEG P10,3316.5,55.275,726.25
data\raw\siena\PN06\PN06-3.edf,EEG P10,3317.0,55.28333333333333,721.875
data\raw\siena\PN06\PN06-3.edf,EEG P10,3317.5,55.291666666666664,713.625
data\raw\siena\PN06\PN06-3.edf,EEG P10,3318.0,55.3,750.1249999999999
data\raw\siena\PN06\PN06-3.edf,EEG P10,3318.5,55.30833333333333,750.1249999999999
data\raw\siena\PN06\PN06-3.edf,EEG P10,3319.0,55.31666666666667,728.125
data\raw\siena\PN06\PN06-3.edf,EEG P10,3319.5,55.325,739.5
data\raw\siena\PN06\PN06-3.edf,EEG P10,3320.0,55.333333333333336,728.5
data\raw\siena\PN06\PN06-3.edf,EEG P10,4649.0,77.48333333333333,427.5
data\raw\siena\PN06\PN06-3.edf,EEG P10,4649.5,77.49166666666666,434.625
data\raw\siena\PN06\PN06-3.edf,EEG P10,4650.0,77.5,444.375
data\raw\siena\PN06\PN06-3.edf,EEG P10,4650.5,77.50833333333334,446.25
data\raw\siena\PN06\PN06-3.edf,EEG P10,4651.0,77.51666666666667,439.125
data\raw\siena\PN06\PN06-3.edf,EEG P10,4651.5,77.525,456.75
data\raw\siena\PN06\PN06-3.edf,EEG P10,4652.0,77.53333333333333,444.125
data\raw\siena\PN06\PN06-3.edf,EEG P10,4652.5,77.54166666666667,445.875
data\raw\siena\PN06\PN06-3.edf,EEG P10,4653.0,77.55,449.5
data\raw\siena\PN06\PN06-3.edf,EEG P10,4653.5,77.55833333333334,436.25
data\raw\siena\PN06\PN06-3.edf,EEG P10,4654.0,77.56666666666666,432.99999999999994
data\raw\siena\PN06\PN06-3.edf,EEG P10,4654.5,77.575,432.5
data\raw\siena\PN06\PN06-3.edf,EEG P10,4655.0,77.58333333333333,441.5
data\raw\siena\PN06\PN06-3.edf,EEG P10,4655.5,77.59166666666667,442.0
data\raw\siena\PN06\PN06-3.edf,EEG P10,4656.0,77.6,449.75
data\raw\siena\PN06\PN06-3.edf,EEG P10,4656.5,77.60833333333333,452.625
data\raw\siena\PN06\PN06-3.edf,EEG P10,4657.0,77.61666666666666,448.5
data\raw\siena\PN06\PN06-3.edf,EEG P10,4657.5,77.625,448.625
data\raw\siena\PN06\PN06-3.edf,EEG P10,4658.0,77.63333333333334,448.625
data\raw\siena\PN06\PN06-3.edf,EEG P10,4658.5,77.64166666666667,432.75
data\raw\siena\PN06\PN06-3.edf,EEG P10,4659.0,77.65,439.5
data\raw\siena\PN06\PN06-3.edf,EEG P10,4659.5,77.65833333333333,466.875
data\raw\siena\PN06\PN06-3.edf,EEG P10,4660.0,77.66666666666667,466.875
data\raw\siena\PN06\PN06-3.edf,EEG P10,4660.5,77.675,451.625
data\raw\siena\PN06\PN06-3.edf,EEG P10,4661.0,77.68333333333334,442.75
data\raw\siena\PN06\PN06-3.edf,EEG P10,4661.5,77.69166666666666,445.625
data\raw\siena\PN06\PN06-3.edf,EEG P10,4662.0,77.7,439.375
data\raw\siena\PN06\PN06-3.edf,EEG P10,4662.5,77.70833333333333,436.375
data\raw\siena\PN06\PN06-3.edf,EEG P10,4663.0,77.71666666666667,434.5
data\raw\siena\PN06\PN06-3.edf,EEG P10,4663.5,77.725,452.0
data\raw\siena\PN06\PN06-3.edf,EEG P10,4664.0,77.73333333333333,457.375
data\raw\siena\PN06\PN06-3.edf,EEG P10,4664.5,77.74166666666666,443.125
data\raw\siena\PN06\PN06-3.edf,EEG P10,4665.0,77.75,461.125
data\raw\siena\PN06\PN06-3.edf,EEG P10,4665.5,77.75833333333334,448.75
data\raw\siena\PN06\PN06-3.edf,EEG P10,4666.0,77.76666666666667,451.25
data\raw\siena\PN06\PN06-3.edf,EEG P10,4666.5,77.775,464.3749999999999
data\raw\siena\PN06\PN06-3.edf,EEG P10,4667.0,77.78333333333333,485.37499999999994
data\raw\siena\PN06\PN06-3.edf,EEG P10,4667.5,77.79166666666667,470.375
data\raw\siena\PN06\PN06-3.edf,EEG P10,4668.0,77.8,460.375
data\raw\siena\PN06\PN06-3.edf,EEG P10,4668.5,77.80833333333334,442.0
data\raw\siena\PN06\PN06-3.edf,EEG P10,4669.0,77.81666666666666,453.125
data\raw\siena\PN06\PN06-3.edf,EEG P10,4669.5,77.825,509.1249999999999
data\raw\siena\PN06\PN06-3.edf,EEG P10,4670.0,77.83333333333333,530.5
data\raw\siena\PN06\PN06-3.edf,EEG P10,4670.5,77.84166666666667,533.625
data\raw\siena\PN06\PN06-3.edf,EEG P10,4671.0,77.85,457.75
data\raw\siena\PN06\PN06-3.edf,EEG P10,4671.5,77.85833333333333,474.875
data\raw\siena\PN06\PN06-3.edf,EEG P10,4672.0,77.86666666666666,489.875
data\raw\siena\PN06\PN06-3.edf,EEG P10,4672.5,77.875,482.75
data\raw\siena\PN06\PN06-3.edf,EEG P10,4673.0,77.88333333333334,478.625
data\raw\siena\PN06\PN06-3.edf,EEG P10,4673.5,77.89166666666667,522.125
data\raw\siena\PN06\PN06-3.edf,EEG P10,4674.0,77.9,458.25
data\raw\siena\PN06\PN06-3.edf,EEG P10,4674.5,77.90833333333333,441.625
data\raw\siena\PN06\PN06-3.edf,EEG P10,4675.0,77.91666666666667,441.625
data\raw\siena\PN06\PN06-3.edf,EEG P10,4675.5,77.925,443.0
data\raw\siena\PN06\PN06-3.edf,EEG P10,4676.0,77.93333333333334,463.875
data\raw\siena\PN06\PN06-3.edf,EEG P10,4676.5,77.94166666666666,439.62499999999994
data\raw\siena\PN06\PN06-3.edf,EEG P10,4677.0,77.95,449.25
data\raw\siena\PN06\PN06-3.edf,EEG P10,4677.5,77.95833333333333,449.25
data\raw\siena\PN06\PN06-3.edf,EEG P10,4678.0,77.96666666666667,440.5
data\raw\siena\PN06\PN06-3.edf,EEG P10,4678.5,77.975,436.0
data\raw\siena\PN06\PN06-3.edf,EEG P10,4679.0,77.98333333333333,437.99999999999994
data\raw\siena\PN06\PN06-3.edf,EEG P10,4679.5,77.99166666666666,442.5
data\raw\siena\PN06\PN06-3.edf,EEG P10,4680.0,78.0,450.25
data\raw\siena\PN06\PN06-3.edf,EEG P10,4680.5,78.00833333333334,460.875
data\raw\siena\PN06\PN06-3.edf,EEG P10,4681.0,78.01666666666667,451.25
data\raw\siena\PN06\PN06-3.edf,EEG P10,4681.5,78.025,492.25
data\raw\siena\PN06\PN06-3.edf,EEG P10,4682.0,78.03333333333333,490.375
data\raw\siena\PN06\PN06-3.edf,EEG P10,4682.5,78.04166666666667,462.5
data\raw\siena\PN06\PN06-3.edf,EEG P10,4683.0,78.05,466.625
data\raw\siena\PN06\PN06-3.edf,EEG P10,4683.5,78.05833333333334,483.12499999999994
data\raw\siena\PN06\PN06-3.edf,EEG P10,4684.0,78.06666666666666,457.37499999999994
data\raw\siena\PN06\PN06-3.edf,EEG P10,4684.5,78.075,457.875
data\raw\siena\PN06\PN06-3.edf,EEG P10,4685.0,78.08333333333333,451.625
data\raw\siena\PN06\PN06-3.edf,EEG P10,4685.5,78.09166666666667,463.74999999999994
data\raw\siena\PN06\PN06-3.edf,EEG P10,4686.0,78.1,459.24999999999994
data\raw\siena\PN06\PN06-3.edf,EEG P10,4686.5,78.10833333333333,468.74999999999994
data\raw\siena\PN06\PN06-3.edf,EEG P10,4687.0,78.11666666666666,468.74999999999994
data\raw\siena\PN06\PN06-3.edf,EEG P10,4687.5,78.125,457.125
data\raw\siena\PN06\PN06-3.edf,EEG P10,4688.0,78.13333333333334,451.75
data\raw\siena\PN06\PN06-3.edf,EEG P10,4688.5,78.14166666666667,474.375
data\raw\siena\PN06\PN06-3.edf,EEG P10,4689.0,78.15,474.12499999999994
data\raw\siena\PN06\PN06-3.edf,EEG P10,4689.5,78.15833333333333,461.75
data\raw\siena\PN06\PN06-3.edf,EEG P10,4690.0,78.16666666666667,456.37499999999994
data\raw\siena\PN06\PN06-3.edf,EEG P10,4690.5,78.175,456.37499999999994
data\raw\siena\PN06\PN06-3.edf,EEG P10,4691.0,78.18333333333334,443.75
data\raw\siena\PN06\PN06-3.edf,EEG P10,4691.5,78.19166666666666,456.875
data\raw\siena\PN06\PN06-3.edf,EEG P10,4692.0,78.2,463.625
data\raw\siena\PN06\PN06-3.edf,EEG P10,4692.5,78.20833333333333,453.25
data\raw\siena\PN06\PN06-3.edf,EEG P10,4693.0,78.21666666666667,446.25
data\raw\siena\PN06\PN06-3.edf,EEG P10,4693.5,78.225,448.125
data\raw\siena\PN06\PN06-3.edf,EEG P10,4694.0,78.23333333333333,440.875
data\raw\siena\PN06\PN06-3.edf,EEG P10,4694.5,78.24166666666666,475.37499999999994
data\raw\siena\PN06\PN06-3.edf,EEG P10,4695.0,78.25,464.12499999999994
data\raw\siena\PN06\PN06-3.edf,EEG P10,4695.5,78.25833333333334,457.5
data\raw\siena\PN06\PN06-3.edf,EEG P10,4696.0,78.26666666666667,461.25
data\raw\siena\PN06\PN06-3.edf,EEG P10,4696.5,78.275,464.375
data\raw\siena\PN06\PN06-3.edf,EEG P10,4697.0,78.28333333333333,468.62499999999994
data\raw\siena\PN06\PN06-3.edf,EEG P10,4697.5,78.29166666666667,468.62499999999994
data\raw\siena\PN06\PN06-3.edf,EEG P10,4698.0,78.3,451.875
data\raw\siena\PN06\PN06-3.edf,EEG P10,4698.5,78.30833333333334,451.5
data\raw\siena\PN06\PN06-3.edf,EEG P10,4699.0,78.31666666666666,443.375
data\raw\siena\PN06\PN06-3.edf,EEG P10,4699.5,78.325,464.375
data\raw\siena\PN06\PN06-3.edf,EEG P10,4700.0,78.33333333333333,468.5
data\raw\siena\PN06\PN06-3.edf,EEG P10,4700.5,78.34166666666667,456.625
data\raw\siena\PN06\PN06-3.edf,EEG P10,4701.0,78.35,457.5
data\raw\siena\PN06\PN06-3.edf,EEG P10,4701.5,78.35833333333333,457.5
data\raw\siena\PN06\PN06-3.edf,EEG P10,4702.0,78.36666666666666,452.62499999999994
data\raw\siena\PN06\PN06-3.edf,EEG P10,4702.5,78.375,467.0
data\raw\siena\PN06\PN06-3.edf,EEG P10,4703.0,78.38333333333334,474.625
data\raw\siena\PN06\PN06-3.edf,EEG P10,4703.5,78.39166666666667,474.625
data\raw\siena\PN06\PN06-3.edf,EEG P10,4704.0,78.4,465.75
data\raw\siena\PN06\PN06-3.edf,EEG P10,4704.5,78.40833333333333,458.125
data\raw\siena\PN06\PN06-3.edf,EEG P10,4705.0,78.41666666666667,452.25
data\raw\siena\PN06\PN06-3.edf,EEG P10,4705.5,78.425,439.5
data\raw\siena\PN06\PN06-3.edf,EEG P10,4706.0,78.43333333333334,516.75
data\raw\siena\PN06\PN06-3.edf,EEG P10,4706.5,78.44166666666666,660.6249999999999
data\raw\siena\PN06\PN06-3.edf,EEG P10,4707.0,78.45,660.6249999999999
data\raw\siena\PN06\PN06-3.edf,EEG P10,4707.5,78.45833333333333,475.62499999999994
data\raw\siena\PN06\PN06-3.edf,EEG P10,4708.0,78.46666666666667,492.75
data\raw\siena\PN06\PN06-3.edf,EEG P10,4708.5,78.475,492.75
data\raw\siena\PN06\PN06-3.edf,EEG P10,4709.0,78.48333333333333,518.875
data\raw\siena\PN06\PN06-3.edf,EEG P10,4709.5,78.49166666666666,634.0
data\raw\siena\PN06\PN06-3.edf,EEG P10,4710.0,78.5,753.875
data\raw\siena\PN06\PN06-3.edf,EEG P10,4710.5,78.50833333333334,895.5
data\raw\siena\PN06\PN06-3.edf,EEG P10,4711.0,78.51666666666667,895.5
data\raw\siena\PN06\PN06-3.edf,EEG P10,4711.5,78.525,787.125
data\raw\siena\PN06\PN06-3.edf,EEG P10,4712.0,78.53333333333333,768.125
data\raw\siena\PN06\PN06-3.edf,EEG P10,4712.5,78.54166666666667,727.0
data\raw\siena\PN06\PN06-3.edf,EEG P10,4713.0,78.55,585.625
data\raw\siena\PN06\PN06-3.edf,EEG P10,4713.5,78.55833333333334,486.625
data\raw\siena\PN06\PN06-3.edf,EEG P10,4714.0,78.56666666666666,652.75
data\raw\siena\PN06\PN06-3.edf,EEG P10,4714.5,78.575,660.0
data\raw\siena\PN06\PN06-3.edf,EEG P10,4715.0,78.58333333333333,661.125
data\raw\siena\PN06\PN06-3.edf,EEG P10,4715.5,78.59166666666667,660.625
data\raw\siena\PN06\PN06-3.edf,EEG P10,4716.0,78.6,660.0
data\raw\siena\PN06\PN06-3.edf,EEG P10,4716.5,78.60833333333333,452.75
data\raw\siena\PN06\PN06-3.edf,EEG P10,4717.0,78.61666666666666,478.75
data\raw\siena\PN06\PN06-3.edf,EEG P10,4717.5,78.625,488.625
data\raw\siena\PN06\PN06-3.edf,EEG P10,4718.0,78.63333333333334,488.625
data\raw\siena\PN06\PN06-3.edf,EEG P10,4718.5,78.64166666666667,489.5
data\raw\siena\PN06\PN06-3.edf,EEG P10,4719.0,78.65,489.5
data\raw\siena\PN06\PN06-3.edf,EEG P10,4719.5,78.65833333333333,458.74999999999994
data\raw\siena\PN06\PN06-3.edf,EEG P10,4720.0,78.66666666666667,528.0
data\raw\siena\PN06\PN06-3.edf,EEG P10,4720.5,78.675,1769.875
data\raw\siena\PN06\PN06-3.edf,EEG P10,4721.0,78.68333333333334,1769.875
data\raw\siena\PN06\PN06-3.edf,EEG P10,4721.5,78.69166666666666,840.625
data\raw\siena\PN06\PN06-3.edf,EEG P10,4722.0,78.7,973.7499999999999
data\raw\siena\PN06\PN06-3.edf,EEG P10,4722.5,78.70833333333333,973.7499999999999
data\raw\siena\PN06\PN06-3.edf,EEG P10,4723.0,78.71666666666667,452.25
data\raw\siena\PN06\PN06-3.edf,EEG P10,4723.5,78.725,477.625
data\raw\siena\PN06\PN06-3.edf,EEG P10,4724.0,78.73333333333333,500.75
data\raw\siena\PN06\PN06-3.edf,EEG P10,4724.5,78.74166666666666,896.5
data\raw\siena\PN06\PN06-3.edf,EEG P10,4725.0,78.75,1032.25
data\raw\siena\PN06\PN06-3.edf,EEG P10,4725.5,78.75833333333334,970.5
data\raw\siena\PN06\PN06-3.edf,EEG P10,4726.0,78.76666666666667,817.9999999999999
data\raw\siena\PN06\PN06-3.edf,EEG P10,4726.5,78.775,472.625
data\raw\siena\PN06\PN06-3.edf,EEG P10,4727.0,78.78333333333333,520.75
data\raw\siena\PN06\PN06-3.edf,EEG P10,4727.5,78.79166666666667,413.125
data\raw\siena\PN06\PN06-3.edf,EEG P10,4728.0,78.8,673.25
data\raw\siena\PN06\PN06-3.edf,EEG P10,4728.5,78.80833333333334,695.25
data\raw\siena\PN06\PN06-3.edf,EEG P10,4729.0,78.81666666666666,634.75
data\raw\siena\PN06\PN06-3.edf,EEG P10,4729.5,78.825,510.875
data\raw\siena\PN06\PN06-3.edf,EEG P10,4730.0,78.83333333333333,1242.4999999999998
data\raw\siena\PN06\PN06-3.edf,EEG P10,4730.5,78.84166666666667,1380.5
data\raw\siena\PN06\PN06-3.edf,EEG P10,4731.0,78.85,764.25
data\raw\siena\PN06\PN06-3.edf,EEG P10,4731.5,78.85833333333333,737.375
data\raw\siena\PN06\PN06-3.edf,EEG P10,4732.0,78.86666666666666,666.75
data\raw\siena\PN06\PN06-3.edf,EEG P10,4732.5,78.875,646.25
data\raw\siena\PN06\PN06-3.edf,EEG P10,4733.0,78.88333333333334,641.125
data\raw\siena\PN06\PN06-3.edf,EEG P10,4733.5,78.89166666666667,641.125
data\raw\siena\PN06\PN06-3.edf,EEG P10,4734.0,78.9,590.625
data\raw\siena\PN06\PN06-3.edf,EEG P10,4734.5,78.90833333333333,617.25
data\raw\siena\PN06\PN06-3.edf,EEG P10,4735.0,78.91666666666667,630.875
data\raw\siena\PN06\PN06-3.edf,EEG P10,4735.5,78.925,702.75
data\raw\siena\PN06\PN06-3.edf,EEG P10,4736.0,78.93333333333334,763.625
data\raw\siena\PN06\PN06-3.edf,EEG P10,4736.5,78.94166666666666,951.25
data\raw\siena\PN06\PN06-3.edf,EEG P10,4737.0,78.95,951.25
data\raw\siena\PN06\PN06-3.edf,EEG P10,4737.5,78.95833333333333,648.75
data\raw\siena\PN06\PN06-3.edf,EEG P10,4738.0,78.96666666666667,654.25
data\raw\siena\PN06\PN06-3.edf,EEG P10,4738.5,78.975,658.625
data\raw\siena\PN06\PN06-3.edf,EEG P10,4739.0,78.98333333333333,688.75
data\raw\siena\PN06\PN06-3.edf,EEG P10,4739.5,78.99166666666666,832.25
data\raw\siena\PN06\PN06-3.edf,EEG P10,4740.0,79.0,800.25
data\raw\siena\PN06\PN06-3.edf,EEG P10,4740.5,79.00833333333334,730.75
data\raw\siena\PN06\PN06-3.edf,EEG P10,4741.0,79.01666666666667,695.375
data\raw\siena\PN06\PN06-3.edf,EEG P10,4741.5,79.025,690.75
data\raw\siena\PN06\PN06-3.edf,EEG P10,4742.0,79.03333333333333,683.375
data\raw\siena\PN06\PN06-3.edf,EEG P10,4742.5,79.04166666666667,668.5
data\raw\siena\PN06\PN06-3.edf,EEG P10,4743.0,79.05,646.25
data\raw\siena\PN06\PN06-3.edf,EEG P10,4743.5,79.05833333333334,645.875
data\raw\siena\PN06\PN06-3.edf,EEG P10,4744.0,79.06666666666666,660.375
data\raw\siena\PN06\PN06-3.edf,EEG P10,4744.5,79.075,681.5
data\raw\siena\PN06\PN06-3.edf,EEG P10,4745.0,79.08333333333333,756.875
data\raw\siena\PN06\PN06-3.edf,EEG P10,4745.5,79.09166666666667,760.8749999999999
data\raw\siena\PN06\PN06-3.edf,EEG P10,4746.0,79.1,676.2499999999999
data\raw\siena\PN06\PN06-3.edf,EEG P10,4746.5,79.10833333333333,694.0
data\raw\siena\PN06\PN06-3.edf,EEG P10,4747.0,79.11666666666666,677.5
data\raw\siena\PN06\PN06-3.edf,EEG P10,4747.5,79.125,664.25
data\raw\siena\PN06\PN06-3.edf,EEG P10,4748.0,79.13333333333334,669.25
data\raw\siena\PN06\PN06-3.edf,EEG P10,4748.5,79.14166666666667,710.375
data\raw\siena\PN06\PN06-3.edf,EEG P10,4749.0,79.15,656.375
data\raw\siena\PN06\PN06-3.edf,EEG P10,4749.5,79.15833333333333,655.5
data\raw\siena\PN06\PN06-3.edf,EEG P10,4750.0,79.16666666666667,649.75
data\raw\siena\PN06\PN06-3.edf,EEG P10,4750.5,79.175,644.625
data\raw\siena\PN06\PN06-3.edf,EEG P10,4751.0,79.18333333333334,618.375
data\raw\siena\PN06\PN06-3.edf,EEG P10,4751.5,79.19166666666666,631.875
data\raw\siena\PN06\PN06-3.edf,EEG P10,4752.0,79.2,657.75
data\raw\siena\PN06\PN06-3.edf,EEG P10,4752.5,79.20833333333333,643.25
data\raw\siena\PN06\PN06-3.edf,EEG P10,4753.0,79.21666666666667,659.5
data\raw\siena\PN06\PN06-3.edf,EEG P10,4753.5,79.225,667.5
data\raw\siena\PN06\PN06-3.edf,EEG P10,4754.0,79.23333333333333,830.5
data\raw\siena\PN06\PN06-3.edf,EEG P10,4754.5,79.24166666666666,825.0
data\raw\siena\PN06\PN06-3.edf,EEG P10,4755.0,79.25,617.75
data\raw\siena\PN06\PN06-3.edf,EEG P10,4755.5,79.25833333333334,685.0
data\raw\siena\PN06\PN06-3.edf,EEG P10,4756.0,79.26666666666667,586.625
data\raw\siena\PN06\PN06-3.edf,EEG P10,4756.5,79.275,548.875
data\raw\siena\PN06\PN06-3.edf,EEG P10,4757.0,79.28333333333333,536.75
data\raw\siena\PN06\PN06-3.edf,EEG P10,4757.5,79.29166666666667,543.875
data\raw\siena\PN06\PN06-3.edf,EEG P10,4758.0,79.3,525.375
data\raw\siena\PN06\PN06-3.edf,EEG P10,4758.5,79.30833333333334,884.875
data\raw\siena\PN06\PN06-3.edf,EEG P10,4759.0,79.31666666666666,884.875
data\raw\siena\PN06\PN06-3.edf,EEG P10,4759.5,79.325,561.125
data\raw\siena\PN06\PN06-3.edf,EEG P10,4760.0,79.33333333333333,566.25
data\raw\siena\PN06\PN06-3.edf,EEG P10,4760.5,79.34166666666667,526.125
data\raw\siena\PN06\PN06-3.edf,EEG P10,4761.0,79.35,523.625
data\raw\siena\PN06\PN06-3.edf,EEG P10,4761.5,79.35833333333333,544.25
data\raw\siena\PN06\PN06-3.edf,EEG P10,4762.0,79.36666666666666,542.5
data\raw\siena\PN06\PN06-3.edf,EEG P10,4762.5,79.375,552.875
data\raw\siena\PN06\PN06-3.edf,EEG P10,4763.0,79.38333333333334,526.125
data\raw\siena\PN06\PN06-3.edf,EEG P10,4763.5,79.39166666666667,617.4999999999999
data\raw\siena\PN06\PN06-3.edf,EEG P10,4764.0,79.4,645.0
data\raw\siena\PN06\PN06-3.edf,EEG P10,4764.5,79.40833333333333,594.125
data\raw\siena\PN06\PN06-3.edf,EEG P10,4765.0,79.41666666666667,1186.5
data\raw\siena\PN06\PN06-3.edf,EEG P10,4765.5,79.425,1177.375
data\raw\siena\PN06\PN06-3.edf,EEG P10,4766.0,79.43333333333334,559.25
data\raw\siena\PN06\PN06-3.edf,EEG P10,4766.5,79.44166666666666,914.4999999999999
data\raw\siena\PN06\PN06-3.edf,EEG P10,4767.0,79.45,967.1249999999998
data\raw\siena\PN06\PN06-3.edf,EEG P10,4767.5,79.45833333333333,640.0
data\raw\siena\PN06\PN06-3.edf,EEG P10,4768.0,79.46666666666667,769.625
data\raw\siena\PN06\PN06-3.edf,EEG P10,4768.5,79.475,868.625
data\raw\siena\PN06\PN06-3.edf,EEG P10,4769.0,79.48333333333333,858.25
data\raw\siena\PN06\PN06-3.edf,EEG P10,4769.5,79.49166666666666,768.125
data\raw\siena\PN06\PN06-3.edf,EEG P10,4770.0,79.5,770.25
data\raw\siena\PN06\PN06-3.edf,EEG P10,4770.5,79.50833333333334,682.0
data\raw\siena\PN06\PN06-3.edf,EEG P10,4771.0,79.51666666666667,532.375
data\raw\siena\PN06\PN06-3.edf,EEG P10,4771.5,79.525,457.875
data\raw\siena\PN06\PN06-3.edf,EEG P10,4772.0,79.53333333333333,475.25
data\raw\siena\PN06\PN06-3.edf,EEG P10,4772.5,79.54166666666667,431.5
data\raw\siena\PN06\PN06-3.edf,EEG P10,4773.0,79.55,466.875
data\raw\siena\PN06\PN06-3.edf,EEG P10,4773.5,79.55833333333334,498.75
data\raw\siena\PN06\PN06-3.edf,EEG P10,4774.0,79.56666666666666,519.375
data\raw\siena\PN06\PN06-3.edf,EEG P10,4774.5,79.575,530.125
data\raw\siena\PN06\PN06-3.edf,EEG P10,4775.0,79.58333333333333,473.9999999999999
data\raw\siena\PN06\PN06-3.edf,EEG P10,4775.5,79.59166666666667,508.74999999999994
data\raw\siena\PN06\PN06-3.edf,EEG P10,4776.0,79.6,706.0
data\raw\siena\PN06\PN06-3.edf,EEG P10,4776.5,79.60833333333333,728.1249999999999
data\raw\siena\PN06\PN06-3.edf,EEG P10,4777.0,79.61666666666666,531.5
data\raw\siena\PN06\PN06-3.edf,EEG P10,4777.5,79.625,1042.25
data\raw\siena\PN06\PN06-3.edf,EEG P10,4778.0,79.63333333333334,2014.5
data\raw\siena\PN06\PN06-3.edf,EEG P10,4778.5,79.64166666666667,2014.5
data\raw\siena\PN06\PN06-3.edf,EEG P10,4779.0,79.65,893.4999999999999
data\raw\siena\PN06\PN06-3.edf,EEG P10,4779.5,79.65833333333333,771.75
data\raw\siena\PN06\PN06-3.edf,EEG P10,4780.0,79.66666666666667,929.25
data\raw\siena\PN06\PN06-3.edf,EEG P10,4780.5,79.675,772.125
data\raw\siena\PN06\PN06-3.edf,EEG P10,4781.0,79.68333333333334,843.0
data\raw\siena\PN06\PN06-3.edf,EEG P10,4781.5,79.69166666666666,843.0
data\raw\siena\PN06\PN06-3.edf,EEG P10,4782.0,79.7,690.25
data\raw\siena\PN06\PN06-3.edf,EEG P10,4782.5,79.70833333333333,832.125
data\raw\siena\PN06\PN06-3.edf,EEG P10,4783.0,79.71666666666667,855.5
data\raw\siena\PN06\PN06-3.edf,EEG P10,4783.5,79.725,815.75
data\raw\siena\PN06\PN06-3.edf,EEG P10,4784.0,79.73333333333333,3583.875
data\raw\siena\PN06\PN06-3.edf,EEG P10,4784.5,79.74166666666666,3677.125
data\raw\siena\PN06\PN06-3.edf,EEG P10,4785.0,79.75,2457.0
data\raw\siena\PN06\PN06-3.edf,EEG P10,4785.5,79.75833333333334,2188.875
data\raw\siena\PN06\PN06-3.edf,EEG P10,4786.0,79.76666666666667,2226.0
data\raw\siena\PN06\PN06-3.edf,EEG P10,4786.5,79.775,2337.4999999999995
data\raw\siena\PN06\PN06-3.edf,EEG P10,4787.0,79.78333333333333,2366.875
data\raw\siena\PN06\PN06-3.edf,EEG P10,4787.5,79.79166666666667,2355.25
data\raw\siena\PN06\PN06-3.edf,EEG P10,4788.0,79.8,2067.75
data\raw\siena\PN06\PN06-3.edf,EEG P10,4788.5,79.80833333333334,971.5
data\raw\siena\PN06\PN06-3.edf,EEG P10,4789.0,79.81666666666666,864.25
data\raw\siena\PN06\PN06-3.edf,EEG P10,4789.5,79.825,845.125
data\raw\siena\PN06\PN06-3.edf,EEG P10,4790.0,79.83333333333333,798.75
data\raw\siena\PN06\PN06-3.edf,EEG P10,4790.5,79.84166666666667,891.75
data\raw\siena\PN06\PN06-3.edf,EEG P10,4791.0,79.85,902.625
data\raw\siena\PN06\PN06-3.edf,EEG P10,4791.5,79.85833333333333,883.0
data\raw\siena\PN06\PN06-3.edf,EEG P10,4792.0,79.86666666666666,851.75
data\raw\siena\PN06\PN06-3.edf,EEG P10,4792.5,79.875,852.0
data\raw\siena\PN06\PN06-3.edf,EEG P10,4793.0,79.88333333333334,854.5
data\raw\siena\PN06\PN06-3.edf,EEG P10,4793.5,79.89166666666667,869.5
data\raw\siena\PN06\PN06-3.edf,EEG P10,4794.0,79.9,868.125
data\raw\siena\PN06\PN06-3.edf,EEG P10,4794.5,79.90833333333333,865.0
data\raw\siena\PN06\PN06-3.edf,EEG P10,4795.0,79.91666666666667,858.5
data\raw\siena\PN06\PN06-3.edf,EEG P10,4795.5,79.925,873.25
data\raw\siena\PN06\PN06-3.edf,EEG P10,4796.0,79.93333333333334,855.4999999999999
data\raw\siena\PN06\PN06-3.edf,EEG P10,4796.5,79.94166666666666,856.875
data\raw\siena\PN06\PN06-3.edf,EEG P10,4797.0,79.95,859.75
data\raw\siena\PN06\PN06-3.edf,EEG P10,4797.5,79.95833333333333,863.875
data\raw\siena\PN06\PN06-3.edf,EEG P10,4798.0,79.96666666666667,1053.5
data\raw\siena\PN06\PN06-3.edf,EEG P10,4798.5,79.975,1096.5
data\raw\siena\PN06\PN06-3.edf,EEG P10,4799.0,79.98333333333333,1136.25
data\raw\siena\PN06\PN06-3.edf,EEG P10,4799.5,79.99166666666666,1068.875
data\raw\siena\PN06\PN06-3.edf,EEG P10,4800.0,80.0,831.125
data\raw\siena\PN06\PN06-3.edf,EEG P10,4800.5,80.00833333333334,740.375
data\raw\siena\PN06\PN06-3.edf,EEG P10,4801.0,80.01666666666667,1121.375
data\raw\siena\PN06\PN06-3.edf,EEG P10,4801.5,80.025,1137.625
data\raw\siena\PN06\PN06-3.edf,EEG P10,4802.0,80.03333333333333,1221.625
data\raw\siena\PN06\PN06-3.edf,EEG P10,4802.5,80.04166666666667,1145.125
data\raw\siena\PN06\PN06-3.edf,EEG P10,4803.0,80.05,1223.75
data\raw\siena\PN06\PN06-3.edf,EEG P10,4803.5,80.05833333333334,1223.75
data\raw\siena\PN06\PN06-3.edf,EEG P10,4804.0,80.06666666666666,890.875
data\raw\siena\PN06\PN06-3.edf,EEG P10,4804.5,80.075,885.25
data\raw\siena\PN06\PN06-3.edf,EEG P10,4805.0,80.08333333333333,883.875
data\raw\siena\PN06\PN06-3.edf,EEG P10,4805.5,80.09166666666667,870.9999999999999
data\raw\siena\PN06\PN06-3.edf,EEG P10,4806.0,80.1,835.375
data\raw\siena\PN06\PN06-3.edf,EEG P10,4806.5,80.10833333333333,848.0
data\raw\siena\PN06\PN06-3.edf,EEG P10,4807.0,80.11666666666666,865.75
data\raw\siena\PN06\PN06-3.edf,EEG P10,4807.5,80.125,875.25
data\raw\siena\PN06\PN06-3.edf,EEG P10,4808.0,80.13333333333334,889.875
data\raw\siena\PN06\PN06-3.edf,EEG P10,4808.5,80.14166666666667,861.375
data\raw\siena\PN06\PN06-3.edf,EEG P10,4809.0,80.15,876.0
data\raw\siena\PN06\PN06-3.edf,EEG P10,4809.5,80.15833333333333,921.5
data\raw\siena\PN06\PN06-3.edf,EEG P10,4810.0,80.16666666666667,964.25
data\raw\siena\PN06\PN06-3.edf,EEG P10,4810.5,80.175,912.375
data\raw\siena\PN06\PN06-3.edf,EEG P10,4811.0,80.18333333333334,855.375
data\raw\siena\PN06\PN06-3.edf,EEG P10,4811.5,80.19166666666666,834.125
data\raw\siena\PN06\PN06-3.edf,EEG P10,4812.0,80.2,846.6249999999999
data\raw\siena\PN06\PN06-3.edf,EEG P10,4812.5,80.20833333333333,862.1249999999999
data\raw\siena\PN06\PN06-3.edf,EEG P10,4813.0,80.21666666666667,881.5
data\raw\siena\PN06\PN06-3.edf,EEG P10,4813.5,80.225,854.625
data\raw\siena\PN06\PN06-3.edf,EEG P10,4814.0,80.23333333333333,813.375
data\raw\siena\PN06\PN06-3.edf,EEG P10,4814.5,80.24166666666666,818.25
data\raw\siena\PN06\PN06-3.edf,EEG P10,4815.0,80.25,834.625
data\raw\siena\PN06\PN06-3.edf,EEG P10,4815.5,80.25833333333334,827.5
data\raw\siena\PN06\PN06-3.edf,EEG P10,4816.0,80.26666666666667,826.75
data\raw\siena\PN06\PN06-3.edf,EEG P10,4816.5,80.275,840.375
data\raw\siena\PN06\PN06-3.edf,EEG P10,4817.0,80.28333333333333,832.5
data\raw\siena\PN06\PN06-3.edf,EEG P10,4817.5,80.29166666666667,830.875
data\raw\siena\PN06\PN06-3.edf,EEG P10,4818.0,80.3,819.125
data\raw\siena\PN06\PN06-3.edf,EEG P10,6143.0,102.38333333333334,343.75
data\raw\siena\PN06\PN06-3.edf,EEG P10,6143.5,102.39166666666667,352.875
data\raw\siena\PN06\PN06-3.edf,EEG P10,6144.0,102.4,347.25
data\raw\siena\PN06\PN06-3.edf,EEG P10,6144.5,102.40833333333333,354.125
data\raw\siena\PN06\PN06-3.edf,EEG P10,6145.0,102.41666666666667,369.875
data\raw\siena\PN06\PN06-3.edf,EEG P10,6145.5,102.425,349.37499999999994
data\raw\siena\PN06\PN06-3.edf,EEG P10,6146.0,102.43333333333334,343.875
data\raw\siena\PN06\PN06-3.edf,EEG P10,6146.5,102.44166666666666,343.125
data\raw\siena\PN06\PN06-3.edf,EEG P10,6147.0,102.45,351.37499999999994
data\raw\siena\PN06\PN06-3.edf,EEG P10,6147.5,102.45833333333333,349.375
data\raw\siena\PN06\PN06-3.edf,EEG P10,6148.0,102.46666666666667,351.0
data\raw\siena\PN06\PN06-3.edf,EEG P10,6148.5,102.475,346.125
data\raw\siena\PN06\PN06-3.edf,EEG P10,6149.0,102.48333333333333,349.5
data\raw\siena\PN06\PN06-3.edf,EEG P10,6149.5,102.49166666666666,347.375
data\raw\siena\PN06\PN06-3.edf,EEG P10,6150.0,102.5,344.25
data\raw\siena\PN06\PN06-3.edf,EEG P10,6150.5,102.50833333333334,348.875
data\raw\siena\PN06\PN06-3.edf,EEG P10,6151.0,102.51666666666667,344.75
data\raw\siena\PN06\PN06-3.edf,EEG P10,6151.5,102.525,353.5
data\raw\siena\PN06\PN06-3.edf,EEG P10,6152.0,102.53333333333333,369.5
data\raw\siena\PN06\PN06-3.edf,EEG P10,6152.5,102.54166666666667,354.75
data\raw\siena\PN06\PN06-3.edf,EEG P10,6153.0,102.55,347.375
data\raw\siena\PN06\PN06-3.edf,EEG P10,6153.5,102.55833333333334,350.75
data\raw\siena\PN06\PN06-3.edf,EEG P10,6154.0,102.56666666666666,340.25
data\raw\siena\PN06\PN06-3.edf,EEG P10,6154.5,102.575,343.625
data\raw\siena\PN06\PN06-3.edf,EEG P10,6155.0,102.58333333333333,344.375
data\raw\siena\PN06\PN06-3.edf,EEG P10,6155.5,102.59166666666667,344.375
data\raw\siena\PN06\PN06-3.edf,EEG P10,6156.0,102.6,346.375
data\raw\siena\PN06\PN06-3.edf,EEG P10,6156.5,102.60833333333333,342.625
data\raw\siena\PN06\PN06-3.edf,EEG P10,6157.0,102.61666666666666,345.75
data\raw\siena\PN06\PN06-3.edf,EEG P10,6157.5,102.625,345.75
data\raw\siena\PN06\PN06-3.edf,EEG P10,6158.0,102.63333333333334,341.625
data\raw\siena\PN06\PN06-3.edf,EEG P10,6158.5,102.64166666666667,339.875
data\raw\siena\PN06\PN06-3.edf,EEG P10,6159.0,102.65,342.625
data\raw\siena\PN06\PN06-3.edf,EEG P10,6159.5,102.65833333333333,352.375
data\raw\siena\PN06\PN06-3.edf,EEG P10,6160.0,102.66666666666667,343.25
data\raw\siena\PN06\PN06-3.edf,EEG P10,6160.5,102.675,337.25
data\raw\siena\PN06\PN06-3.edf,EEG P10,6161.0,102.68333333333334,347.625
data\raw\siena\PN06\PN06-3.edf,EEG P10,6161.5,102.69166666666666,355.125
data\raw\siena\PN06\PN06-3.edf,EEG P10,6162.0,102.7,347.625
data\raw\siena\PN06\PN06-3.edf,EEG P10,6162.5,102.70833333333333,353.0
data\raw\siena\PN06\PN06-3.edf,EEG P10,6163.0,102.71666666666667,335.625
data\raw\siena\PN06\PN06-3.edf,EEG P10,6163.5,102.725,346.25
data\raw\siena\PN06\PN06-3.edf,EEG P10,6164.0,102.73333333333333,358.25
data\raw\siena\PN06\PN06-3.edf,EEG P10,6164.5,102.74166666666666,352.0
data\raw\siena\PN06\PN06-3.edf,EEG P10,6165.0,102.75,337.625
data\raw\siena\PN06\PN06-3.edf,EEG P10,6165.5,102.75833333333334,342.0
data\raw\siena\PN06\PN06-3.edf,EEG P10,6166.0,102.76666666666667,353.0
data\raw\siena\PN06\PN06-3.edf,EEG P10,6166.5,102.775,343.125
data\raw\siena\PN06\PN06-3.edf,EEG P10,6167.0,102.78333333333333,355.0
data\raw\siena\PN06\PN06-3.edf,EEG P10,6167.5,102.79166666666667,360.5
data\raw\siena\PN06\PN06-3.edf,EEG P10,6168.0,102.8,357.375
data\raw\siena\PN06\PN06-3.edf,EEG P10,6168.5,102.80833333333334,364.25
data\raw\siena\PN06\PN06-3.edf,EEG P10,6169.0,102.81666666666666,360.0
data\raw\siena\PN06\PN06-3.edf,EEG P10,6169.5,102.825,353.875
data\raw\siena\PN06\PN06-3.edf,EEG P10,6170.0,102.83333333333333,354.24999999999994
data\raw\siena\PN06\PN06-3.edf,EEG P10,6170.5,102.84166666666667,359.125
data\raw\siena\PN06\PN06-3.edf,EEG P10,6171.0,102.85,355.875
data\raw\siena\PN06\PN06-3.edf,EEG P10,6171.5,102.85833333333333,355.25
data\raw\siena\PN06\PN06-3.edf,EEG P10,6172.0,102.86666666666666,355.25
data\raw\siena\PN06\PN06-3.edf,EEG P10,6172.5,102.875,344.375
data\raw\siena\PN06\PN06-3.edf,EEG P10,6173.0,102.88333333333334,362.0
data\raw\siena\PN06\PN06-3.edf,EEG P10,6173.5,102.89166666666667,352.125
data\raw\siena\PN06\PN06-3.edf,EEG P10,6174.0,102.9,352.5
data\raw\siena\PN06\PN06-3.edf,EEG P10,6174.5,102.90833333333333,364.125
data\raw\siena\PN06\PN06-3.edf,EEG P10,6175.0,102.91666666666667,349.25
data\raw\siena\PN06\PN06-3.edf,EEG P10,6175.5,102.925,350.5
data\raw\siena\PN06\PN06-3.edf,EEG P10,6176.0,102.93333333333334,349.625
data\raw\siena\PN06\PN06-3.edf,EEG P10,6176.5,102.94166666666666,346.75
data\raw\siena\PN06\PN06-3.edf,EEG P10,6177.0,102.95,348.0
data\raw\siena\PN06\PN06-3.edf,EEG P10,6177.5,102.95833333333333,350.375
data\raw\siena\PN06\PN06-3.edf,EEG P10,6178.0,102.96666666666667,350.375
data\raw\siena\PN06\PN06-3.edf,EEG P10,6178.5,102.975,349.25
data\raw\siena\PN06\PN06-3.edf,EEG P10,6179.0,102.98333333333333,340.5
data\raw\siena\PN06\PN06-3.edf,EEG P10,6179.5,102.99166666666666,342.25
data\raw\siena\PN06\PN06-3.edf,EEG P10,6180.0,103.0,347.25
data\raw\siena\PN06\PN06-3.edf,EEG P10,6180.5,103.00833333333334,342.25
data\raw\siena\PN06\PN06-3.edf,EEG P10,6181.0,103.01666666666667,340.75
data\raw\siena\PN06\PN06-3.edf,EEG P10,6181.5,103.025,342.25
data\raw\siena\PN06\PN06-3.edf,EEG P10,6182.0,103.03333333333333,341.875
data\raw\siena\PN06\PN06-3.edf,EEG P10,6182.5,103.04166666666667,354.375
data\raw\siena\PN06\PN06-3.edf,EEG P10,6183.0,103.05,340.25
data\raw\siena\PN06\PN06-3.edf,EEG P10,6183.5,103.05833333333334,342.125
data\raw\siena\PN06\PN06-3.edf,EEG P10,6184.0,103.06666666666666,363.75
data\raw\siena\PN06\PN06-3.edf,EEG P10,6184.5,103.075,351.625
data\raw\siena\PN06\PN06-3.edf,EEG P10,6185.0,103.08333333333333,343.75
data\raw\siena\PN06\PN06-3.edf,EEG P10,6185.5,103.09166666666667,352.75
data\raw\siena\PN06\PN06-3.edf,EEG P10,6186.0,103.1,355.125
data\raw\siena\PN06\PN06-3.edf,EEG P10,6186.5,103.10833333333333,354.75
data\raw\siena\PN06\PN06-3.edf,EEG P10,6187.0,103.11666666666666,348.25
data\raw\siena\PN06\PN06-3.edf,EEG P10,6187.5,103.125,352.875
data\raw\siena\PN06\PN06-3.edf,EEG P10,6188.0,103.13333333333334,349.875
data\raw\siena\PN06\PN06-3.edf,EEG P10,6188.5,103.14166666666667,359.75
data\raw\siena\PN06\PN06-3.edf,EEG P10,6189.0,103.15,343.625
data\raw\siena\PN06\PN06-3.edf,EEG P10,6189.5,103.15833333333333,348.0
data\raw\siena\PN06\PN06-3.edf,EEG P10,6190.0,103.16666666666667,421.24999999999994
data\raw\siena\PN06\PN06-3.edf,EEG P10,6190.5,103.175,460.87499999999994
data\raw\siena\PN06\PN06-3.edf,EEG P10,6191.0,103.18333333333334,390.375
data\raw\siena\PN06\PN06-3.edf,EEG P10,6191.5,103.19166666666666,338.75
data\raw\siena\PN06\PN06-3.edf,EEG P10,6192.0,103.2,344.87499999999994
data\raw\siena\PN06\PN06-3.edf,EEG P10,6192.5,103.20833333333333,344.87499999999994
data\raw\siena\PN06\PN06-3.edf,EEG P10,6193.0,103.21666666666667,343.375
data\raw\siena\PN06\PN06-3.edf,EEG P10,6193.5,103.225,354.125
data\raw\siena\PN06\PN06-3.edf,EEG P10,6194.0,103.23333333333333,354.25
data\raw\siena\PN06\PN06-3.edf,EEG P10,6194.5,103.24166666666666,343.0
data\raw\siena\PN06\PN06-3.edf,EEG P10,6195.0,103.25,358.625
data\raw\siena\PN06\PN06-3.edf,EEG P10,6195.5,103.25833333333334,336.0
data\raw\siena\PN06\PN06-3.edf,EEG P10,6196.0,103.26666666666667,334.5
data\raw\siena\PN06\PN06-3.edf,EEG P10,6196.5,103.275,350.74999999999994
data\raw\siena\PN06\PN06-3.edf,EEG P10,6197.0,103.28333333333333,350.74999999999994
data\raw\siena\PN06\PN06-3.edf,EEG P10,6197.5,103.29166666666667,340.875
data\raw\siena\PN06\PN06-3.edf,EEG P10,6198.0,103.3,338.0
data\raw\siena\PN06\PN06-3.edf,EEG P10,6198.5,103.30833333333334,353.625
data\raw\siena\PN06\PN06-3.edf,EEG P10,6199.0,103.31666666666666,341.375
data\raw\siena\PN06\PN06-3.edf,EEG P10,6199.5,103.325,349.875
data\raw\siena\PN06\PN06-3.edf,EEG P10,6200.0,103.33333333333333,357.875
data\raw\siena\PN06\PN06-3.edf,EEG P10,6200.5,103.34166666666667,354.75
data\raw\siena\PN06\PN06-3.edf,EEG P10,6201.0,103.35,350.125
data\raw\siena\PN06\PN06-3.edf,EEG P10,6201.5,103.35833333333333,338.375
data\raw\siena\PN06\PN06-3.edf,EEG P10,6202.0,103.36666666666666,340.25
data\raw\siena\PN06\PN06-3.edf,EEG P10,6202.5,103.375,338.75
data\raw\siena\PN06\PN06-3.edf,EEG P10,6203.0,103.38333333333334,339.625
data\raw\siena\PN06\PN06-3.edf,EEG P10,6203.5,103.39166666666667,356.75
data\raw\siena\PN06\PN06-3.edf,EEG P10,6204.0,103.4,342.75
data\raw\siena\PN06\PN06-3.edf,EEG P10,6204.5,103.40833333333333,363.75
data\raw\siena\PN06\PN06-3.edf,EEG P10,6205.0,103.41666666666667,345.0
data\raw\siena\PN06\PN06-3.edf,EEG P10,6205.5,103.425,348.125
data\raw\siena\PN06\PN06-3.edf,EEG P10,6206.0,103.43333333333334,360.625
data\raw\siena\PN06\PN06-3.edf,EEG P10,6206.5,103.44166666666666,344.625
data\raw\siena\PN06\PN06-3.edf,EEG P10,6207.0,103.45,344.875
data\raw\siena\PN06\PN06-3.edf,EEG P10,6207.5,103.45833333333333,345.125
data\raw\siena\PN06\PN06-3.edf,EEG P10,6208.0,103.46666666666667,342.5
data\raw\siena\PN06\PN06-3.edf,EEG P10,6208.5,103.475,354.5
data\raw\siena\PN06\PN06-3.edf,EEG P10,6209.0,103.48333333333333,348.375
data\raw\siena\PN06\PN06-3.edf,EEG P10,6209.5,103.49166666666666,341.375
data\raw\siena\PN06\PN06-3.edf,EEG P10,6210.0,103.5,353.875
data\raw\siena\PN06\PN06-3.edf,EEG P10,6210.5,103.50833333333334,359.5
data\raw\siena\PN06\PN06-3.edf,EEG P10,6211.0,103.51666666666667,341.25
data\raw\siena\PN06\PN06-3.edf,EEG P10,6211.5,103.525,336.625
data\raw\siena\PN06\PN06-3.edf,EEG P10,6212.0,103.53333333333333,337.25
data\raw\siena\PN06\PN06-3.edf,EEG P10,6212.5,103.54166666666667,341.375
data\raw\siena\PN06\PN06-3.edf,EEG P10,6213.0,103.55,345.875
data\raw\siena\PN06\PN06-3.edf,EEG P10,6213.5,103.55833333333334,362.125
data\raw\siena\PN06\PN06-3.edf,EEG P10,6214.0,103.56666666666666,364.375
data\raw\siena\PN06\PN06-3.edf,EEG P10,6214.5,103.575,364.375
data\raw\siena\PN06\PN06-3.edf,EEG P10,6215.0,103.58333333333333,348.49999999999994
data\raw\siena\PN06\PN06-3.edf,EEG P10,6215.5,103.59166666666667,361.5
data\raw\siena\PN06\PN06-3.edf,EEG P10,6216.0,103.6,356.0
data\raw\siena\PN06\PN06-3.edf,EEG P10,6216.5,103.60833333333333,350.625
data\raw\siena\PN06\PN06-3.edf,EEG P10,6217.0,103.61666666666666,360.875
data\raw\siena\PN06\PN06-3.edf,EEG P10,6217.5,103.625,360.875
data\raw\siena\PN06\PN06-3.edf,EEG P10,6218.0,103.63333333333334,346.875
data\raw\siena\PN06\PN06-3.edf,EEG P10,6218.5,103.64166666666667,348.125
data\raw\siena\PN06\PN06-3.edf,EEG P10,6219.0,103.65,345.875
data\raw\siena\PN06\PN06-3.edf,EEG P10,6219.5,103.65833333333333,337.875
data\raw\siena\PN06\PN06-3.edf,EEG P10,6220.0,103.66666666666667,337.875
data\raw\siena\PN06\PN06-3.edf,EEG P10,6220.5,103.675,340.25
data\raw\siena\PN06\PN06-3.edf,EEG P10,6221.0,103.68333333333334,347.25
data\raw\siena\PN06\PN06-3.edf,EEG P10,6221.5,103.69166666666666,347.875
data\raw\siena\PN06\PN06-3.edf,EEG P10,6222.0,103.7,363.0
data\raw\siena\PN06\PN06-3.edf,EEG P10,6222.5,103.70833333333333,346.125
data\raw\siena\PN06\PN06-3.edf,EEG P10,6223.0,103.71666666666667,345.375
data\raw\siena\PN06\PN06-3.edf,EEG P10,6223.5,103.725,350.5
data\raw\siena\PN06\PN06-3.edf,EEG P10,6224.0,103.73333333333333,353.375
data\raw\siena\PN06\PN06-3.edf,EEG P10,6224.5,103.74166666666666,348.625
data\raw\siena\PN06\PN06-3.edf,EEG P10,6225.0,103.75,347.375
data\raw\siena\PN06\PN06-3.edf,EEG P10,6225.5,103.75833333333334,350.25
data\raw\siena\PN06\PN06-3.edf,EEG P10,6226.0,103.76666666666667,358.375
data\raw\siena\PN06\PN06-3.edf,EEG P10,6226.5,103.775,378.25
data\raw\siena\PN06\PN06-3.edf,EEG P10,6227.0,103.78333333333333,387.5
data\raw\siena\PN06\PN06-3.edf,EEG P10,6227.5,103.79166666666667,382.0
data\raw\siena\PN06\PN06-3.edf,EEG P10,6228.0,103.8,353.875
data\raw\siena\PN06\PN06-3.edf,EEG P10,6228.5,103.80833333333334,391.375
data\raw\siena\PN06\PN06-3.edf,EEG P10,6229.0,103.81666666666666,365.5
data\raw\siena\PN06\PN06-3.edf,EEG P10,6229.5,103.825,366.625
data\raw\siena\PN06\PN06-3.edf,EEG P10,6230.0,103.83333333333333,364.875
data\raw\siena\PN06\PN06-3.edf,EEG P10,6230.5,103.84166666666667,344.875
data\raw\siena\PN06\PN06-3.edf,EEG P10,6231.0,103.85,365.0
data\raw\siena\PN06\PN06-3.edf,EEG P10,6231.5,103.85833333333333,354.5
data\raw\siena\PN06\PN06-3.edf,EEG P10,6232.0,103.86666666666666,361.125
data\raw\siena\PN06\PN06-3.edf,EEG P10,6232.5,103.875,350.625
data\raw\siena\PN06\PN06-3.edf,EEG P10,6233.0,103.88333333333334,356.75
data\raw\siena\PN06\PN06-3.edf,EEG P10,6233.5,103.89166666666667,333.5
data\raw\siena\PN06\PN06-3.edf,EEG P10,6234.0,103.9,344.5
data\raw\siena\PN06\PN06-3.edf,EEG P10,6234.5,103.90833333333333,349.25
data\raw\siena\PN06\PN06-3.edf,EEG P10,6235.0,103.91666666666667,345.75
data\raw\siena\PN06\PN06-3.edf,EEG P10,6235.5,103.925,344.875
data\raw\siena\PN06\PN06-3.edf,EEG P10,6236.0,103.93333333333334,358.25
data\raw\siena\PN06\PN06-3.edf,EEG P10,6236.5,103.94166666666666,357.25
data\raw\siena\PN06\PN06-3.edf,EEG P10,6237.0,103.95,338.375
data\raw\siena\PN06\PN06-3.edf,EEG P10,6237.5,103.95833333333333,344.0
data\raw\siena\PN06\PN06-3.edf,EEG P10,6238.0,103.96666666666667,351.125
data\raw\siena\PN06\PN06-3.edf,EEG P10,6238.5,103.975,357.0
data\raw\siena\PN06\PN06-3.edf,EEG P10,6239.0,103.98333333333333,360.5
data\raw\siena\PN06\PN06-3.edf,EEG P10,6239.5,103.99166666666666,383.25
data\raw\siena\PN06\PN06-3.edf,EEG P10,6240.0,104.0,392.75
data\raw\siena\PN06\PN06-3.edf,EEG P10,6240.5,104.00833333333334,368.125
data\raw\siena\PN06\PN06-3.edf,EEG P10,6241.0,104.01666666666667,348.375
data\raw\siena\PN06\PN06-3.edf,EEG P10,6241.5,104.025,345.625
data\raw\siena\PN06\PN06-3.edf,EEG P10,6242.0,104.03333333333333,345.625
data\raw\siena\PN06\PN06-3.edf,EEG P10,6242.5,104.04166666666667,359.75
data\raw\siena\PN06\PN06-3.edf,EEG P10,6243.0,104.05,359.75
data\raw\siena\PN06\PN06-3.edf,EEG P10,6243.5,104.05833333333334,371.625
data\raw\siena\PN06\PN06-3.edf,EEG P10,6244.0,104.06666666666666,374.375
data\raw\siena\PN06\PN06-3.edf,EEG P10,6244.5,104.075,344.125
data\raw\siena\PN06\PN06-3.edf,EEG P10,6245.0,104.08333333333333,346.0
data\raw\siena\PN06\PN06-3.edf,EEG P10,6245.5,104.09166666666667,355.75
data\raw\siena\PN06\PN06-3.edf,EEG P10,6246.0,104.1,365.625
data\raw\siena\PN06\PN06-3.edf,EEG P10,6246.5,104.10833333333333,352.125
data\raw\siena\PN06\PN06-3.edf,EEG P10,6247.0,104.11666666666666,340.375
data\raw\siena\PN06\PN06-3.edf,EEG P10,6247.5,104.125,357.5
data\raw\siena\PN06\PN06-3.edf,EEG P10,6248.0,104.13333333333334,367.75
data\raw\siena\PN06\PN06-3.edf,EEG P10,6248.5,104.14166666666667,340.0
data\raw\siena\PN06\PN06-3.edf,EEG P10,6249.0,104.15,352.875
data\raw\siena\PN06\PN06-3.edf,EEG P10,6249.5,104.15833333333333,347.25
data\raw\siena\PN06\PN06-3.edf,EEG P10,6250.0,104.16666666666667,352.75
data\raw\siena\PN06\PN06-3.edf,EEG P10,6250.5,104.175,358.0
data\raw\siena\PN06\PN06-3.edf,EEG P10,6251.0,104.18333333333334,346.375
data\raw\siena\PN06\PN06-3.edf,EEG P10,6251.5,104.19166666666666,348.75
data\raw\siena\PN06\PN06-3.edf,EEG P10,6252.0,104.2,351.25
data\raw\siena\PN06\PN06-3.edf,EEG P10,6252.5,104.20833333333333,340.375
data\raw\siena\PN06\PN06-3.edf,EEG P10,6253.0,104.21666666666667,335.0
data\raw\siena\PN06\PN06-3.edf,EEG P10,6253.5,104.225,348.875
data\raw\siena\PN06\PN06-3.edf,EEG P10,6254.0,104.23333333333333,356.375
data\raw\siena\PN06\PN06-3.edf,EEG P10,6254.5,104.24166666666666,352.25
data\raw\siena\PN06\PN06-3.edf,EEG P10,6255.0,104.25,370.5
data\raw\siena\PN06\PN06-3.edf,EEG P10,6255.5,104.25833333333334,370.5
data\raw\siena\PN06\PN06-3.edf,EEG P10,6256.0,104.26666666666667,346.5
data\raw\siena\PN06\PN06-3.edf,EEG P10,6256.5,104.275,346.875
data\raw\siena\PN06\PN06-3.edf,EEG P10,6257.0,104.28333333333333,354.25
data\raw\siena\PN06\PN06-3.edf,EEG P10,6257.5,104.29166666666667,355.25
data\raw\siena\PN06\PN06-3.edf,EEG P10,6258.0,104.3,364.875
data\raw\siena\PN06\PN06-3.edf,EEG P10,6258.5,104.30833333333334,380.5
data\raw\siena\PN06\PN06-3.edf,EEG P10,6259.0,104.31666666666666,373.0
data\raw\siena\PN06\PN06-3.edf,EEG P10,6259.5,104.325,350.0
data\raw\siena\PN06\PN06-3.edf,EEG P10,6260.0,104.33333333333333,360.37499999999994
data\raw\siena\PN06\PN06-3.edf,EEG P10,6260.5,104.34166666666667,349.875
data\raw\siena\PN06\PN06-3.edf,EEG P10,6261.0,104.35,355.75
data\raw\siena\PN06\PN06-3.edf,EEG P10,6261.5,104.35833333333333,354.62499999999994
data\raw\siena\PN06\PN06-3.edf,EEG P10,6262.0,104.36666666666666,345.87499999999994
data\raw\siena\PN06\PN06-3.edf,EEG P10,6262.5,104.375,346.625
data\raw\siena\PN06\PN06-3.edf,EEG P10,6263.0,104.38333333333334,364.625
data\raw\siena\PN06\PN06-3.edf,EEG P10,6263.5,104.39166666666667,391.5
data\raw\siena\PN06\PN06-3.edf,EEG P10,6264.0,104.4,381.375
data\raw\siena\PN06\PN06-3.edf,EEG P10,6264.5,104.40833333333333,353.875
data\raw\siena\PN06\PN06-3.edf,EEG P10,6265.0,104.41666666666667,363.625
data\raw\siena\PN06\PN06-3.edf,EEG P10,6265.5,104.425,364.5
data\raw\siena\PN06\PN06-3.edf,EEG P10,6266.0,104.43333333333334,347.5
data\raw\siena\PN06\PN06-3.edf,EEG P10,6266.5,104.44166666666666,353.875
data\raw\siena\PN06\PN06-3.edf,EEG P10,6267.0,104.45,357.0
data\raw\siena\PN06\PN06-3.edf,EEG P10,6267.5,104.45833333333333,358.375
data\raw\siena\PN06\PN06-3.edf,EEG P10,6268.0,104.46666666666667,358.875
data\raw\siena\PN06\PN06-3.edf,EEG P10,6268.5,104.475,364.375
data\raw\siena\PN06\PN06-3.edf,EEG P10,6269.0,104.48333333333333,363.125
data\raw\siena\PN06\PN06-3.edf,EEG P10,6269.5,104.49166666666666,359.375
data\raw\siena\PN06\PN06-3.edf,EEG P10,6270.0,104.5,350.375
data\raw\siena\PN06\PN06-3.edf,EEG P10,6270.5,104.50833333333334,356.625
data\raw\siena\PN06\PN06-3.edf,EEG P10,6271.0,104.51666666666667,356.625
data\raw\siena\PN06\PN06-3.edf,EEG P10,6271.5,104.525,357.625
data\raw\siena\PN06\PN06-3.edf,EEG P10,6272.0,104.53333333333333,367.74999999999994
data\raw\siena\PN06\PN06-3.edf,EEG P10,6272.5,104.54166666666667,371.375
data\raw\siena\PN06\PN06-3.edf,EEG P10,6273.0,104.55,369.375
data\raw\siena\PN06\PN06-3.edf,EEG P10,6273.5,104.55833333333334,369.375
data\raw\siena\PN06\PN06-3.edf,EEG P10,6274.0,104.56666666666666,365.125
data\raw\siena\PN06\PN06-3.edf,EEG P10,6274.5,104.575,365.125
data\raw\siena\PN06\PN06-3.edf,EEG P10,6275.0,104.58333333333333,361.625
data\raw\siena\PN06\PN06-3.edf,EEG P10,6275.5,104.59166666666667,378.25
data\raw\siena\PN06\PN06-3.edf,EEG P10,6276.0,104.6,379.125
data\raw\siena\PN06\PN06-3.edf,EEG P10,6276.5,104.60833333333333,369.25
data\raw\siena\PN06\PN06-3.edf,EEG P10,6277.0,104.61666666666666,363.375
data\raw\siena\PN06\PN06-3.edf,EEG P10,6277.5,104.625,363.5
data\raw\siena\PN06\PN06-3.edf,EEG P10,6278.0,104.63333333333334,369.75
data\raw\siena\PN06\PN06-3.edf,EEG P10,6278.5,104.64166666666667,364.75
data\raw\siena\PN06\PN06-3.edf,EEG P10,6279.0,104.65,352.62499999999994
data\raw\siena\PN06\PN06-3.edf,EEG P10,6279.5,104.65833333333333,357.75
data\raw\siena\PN06\PN06-3.edf,EEG P10,6280.0,104.66666666666667,370.875
data\raw\siena\PN06\PN06-3.edf,EEG P10,6280.5,104.675,368.74999999999994
data\raw\siena\PN06\PN06-3.edf,EEG P10,6281.0,104.68333333333334,348.74999999999994
data\raw\siena\PN06\PN06-3.edf,EEG P10,6281.5,104.69166666666666,348.5
data\raw\siena\PN06\PN06-3.edf,EEG P10,6282.0,104.7,354.25
data\raw\siena\PN06\PN06-3.edf,EEG P10,6282.5,104.70833333333333,358.125
data\raw\siena\PN06\PN06-3.edf,EEG P10,6283.0,104.71666666666667,383.125
data\raw\siena\PN06\PN06-3.edf,EEG P10,6283.5,104.725,379.125
data\raw\siena\PN06\PN06-3.edf,EEG P10,6284.0,104.73333333333333,361.375
data\raw\siena\PN06\PN06-3.edf,EEG P10,6284.5,104.74166666666666,358.625
data\raw\siena\PN06\PN06-3.edf,EEG P10,6285.0,104.75,364.75
data\raw\siena\PN06\PN06-3.edf,EEG P10,6285.5,104.75833333333334,361.37499999999994
data\raw\siena\PN06\PN06-3.edf,EEG P10,6286.0,104.76666666666667,355.375
data\raw\siena\PN06\PN06-3.edf,EEG P10,6286.5,104.775,348.125
data\raw\siena\PN06\PN06-3.edf,EEG P10,6287.0,104.78333333333333,365.875
data\raw\siena\PN06\PN06-3.edf,EEG P10,6287.5,104.79166666666667,360.125
data\raw\siena\PN06\PN06-3.edf,EEG P10,6288.0,104.8,371.75
data\raw\siena\PN06\PN06-3.edf,EEG P10,6288.5,104.80833333333334,370.0
data\raw\siena\PN06\PN06-3.edf,EEG P10,6289.0,104.81666666666666,366.5
data\raw\siena\PN06\PN06-3.edf,EEG P10,6289.5,104.825,351.625
data\raw\siena\PN06\PN06-3.edf,EEG P10,6290.0,104.83333333333333,348.75
data\raw\siena\PN06\PN06-3.edf,EEG P10,6290.5,104.84166666666667,351.25
data\raw\siena\PN06\PN06-3.edf,EEG P10,6291.0,104.85,354.5
data\raw\siena\PN06\PN06-3.edf,EEG P10,6291.5,104.85833333333333,354.75
data\raw\siena\PN06\PN06-3.edf,EEG P10,6292.0,104.86666666666666,353.25
data\raw\siena\PN06\PN06-3.edf,EEG P10,6292.5,104.875,356.75
data\raw\siena\PN06\PN06-3.edf,EEG P10,6293.0,104.88333333333334,369.625
data\raw\siena\PN06\PN06-3.edf,EEG P10,6293.5,104.89166666666667,368.5
data\raw\siena\PN06\PN06-3.edf,EEG P10,6294.0,104.9,353.875
data\raw\siena\PN06\PN06-3.edf,EEG P10,6294.5,104.90833333333333,383.5
data\raw\siena\PN06\PN06-3.edf,EEG P10,6295.0,104.91666666666667,388.375
data\raw\siena\PN06\PN06-3.edf,EEG P10,6295.5,104.925,389.0
data\raw\siena\PN06\PN06-3.edf,EEG P10,6296.0,104.93333333333334,361.75
data\raw\siena\PN06\PN06-3.edf,EEG P10,6296.5,104.94166666666666,366.375
data\raw\siena\PN06\PN06-3.edf,EEG P10,6297.0,104.95,353.25
data\raw\siena\PN06\PN06-3.edf,EEG P10,6297.5,104.95833333333333,368.375
data\raw\siena\PN06\PN06-3.edf,EEG P10,6298.0,104.96666666666667,363.625
data\raw\siena\PN06\PN06-3.edf,EEG P10,6298.5,104.975,354.375
data\raw\siena\PN06\PN06-3.edf,EEG P10,6299.0,104.98333333333333,358.875
data\raw\siena\PN06\PN06-3.edf,EEG P10,6299.5,104.99166666666666,358.875
data\raw\siena\PN06\PN06-3.edf,EEG P10,6300.0,105.0,372.625
data\raw\siena\PN06\PN06-3.edf,EEG P10,6300.5,105.00833333333334,380.0
data\raw\siena\PN06\PN06-3.edf,EEG P10,6301.0,105.01666666666667,363.25
data\raw\siena\PN06\PN06-3.edf,EEG P10,6301.5,105.025,349.375
data\raw\siena\PN06\PN06-3.edf,EEG P10,6302.0,105.03333333333333,352.25
data\raw\siena\PN06\PN06-3.edf,EEG P10,6302.5,105.04166666666667,374.5
data\raw\siena\PN06\PN06-3.edf,EEG P10,6303.0,105.05,364.625
data\raw\siena\PN06\PN06-3.edf,EEG P10,6303.5,105.05833333333334,357.375
data\raw\siena\PN06\PN06-3.edf,EEG P10,6304.0,105.06666666666666,361.125
data\raw\siena\PN06\PN06-3.edf,EEG P10,6304.5,105.075,363.75
data\raw\siena\PN06\PN06-3.edf,EEG P10,6305.0,105.08333333333333,376.625
data\raw\siena\PN06\PN06-3.edf,EEG P10,6305.5,105.09166666666667,364.75
data\raw\siena\PN06\PN06-3.edf,EEG P10,6306.0,105.1,350.5
data\raw\siena\PN06\PN06-3.edf,EEG P10,6306.5,105.10833333333333,364.25
data\raw\siena\PN06\PN06-3.edf,EEG P10,6307.0,105.11666666666666,362.62499999999994
data\raw\siena\PN06\PN06-3.edf,EEG P10,6307.5,105.125,358.25
data\raw\siena\PN06\PN06-3.edf,EEG P10,6308.0,105.13333333333334,358.375
data\raw\siena\PN06\PN06-3.edf,EEG P10,6308.5,105.14166666666667,358.375
data\raw\siena\PN06\PN06-3.edf,EEG P10,6309.0,105.15,361.125
data\raw\siena\PN06\PN06-3.edf,EEG P10,6309.5,105.15833333333333,368.0
data\raw\siena\PN06\PN06-3.edf,EEG P10,6310.0,105.16666666666667,374.625
data\raw\siena\PN06\PN06-3.edf,EEG P10,6310.5,105.175,379.125
data\raw\siena\PN06\PN06-3.edf,EEG P10,6311.0,105.18333333333334,355.625
data\raw\siena\PN06\PN06-3.edf,EEG P10,6311.5,105.19166666666666,350.875
data\raw\siena\PN06\PN06-3.edf,EEG P10,6312.0,105.2,349.625
data\raw\siena\PN06\PN06-3.edf,EEG P10,6312.5,105.20833333333333,349.5
data\raw\siena\PN06\PN06-3.edf,EEG P10,6313.0,105.21666666666667,367.625
data\raw\siena\PN06\PN06-3.edf,EEG P10,6313.5,105.225,367.625
data\raw\siena\PN06\PN06-3.edf,EEG P10,6314.0,105.23333333333333,348.375
data\raw\siena\PN06\PN06-3.edf,EEG P10,6314.5,105.24166666666666,346.625
data\raw\siena\PN06\PN06-3.edf,EEG P10,6315.0,105.25,354.75
data\raw\siena\PN06\PN06-3.edf,EEG P10,6315.5,105.25833333333334,366.375
data\raw\siena\PN06\PN06-3.edf,EEG P10,6316.0,105.26666666666667,356.375
data\raw\siena\PN06\PN06-3.edf,EEG P10,6316.5,105.275,365.25
data\raw\siena\PN06\PN06-3.edf,EEG P10,6317.0,105.28333333333333,371.75
data\raw\siena\PN06\PN06-3.edf,EEG P10,6317.5,105.29166666666667,369.125
data\raw\siena\PN06\PN06-3.edf,EEG P10,6318.0,105.3,367.25
data\raw\siena\PN06\PN06-3.edf,EEG P10,6318.5,105.30833333333334,368.125
data\raw\siena\PN06\PN06-3.edf,EEG P10,6319.0,105.31666666666666,354.125
data\raw\siena\PN06\PN06-3.edf,EEG P10,6319.5,105.325,357.375
data\raw\siena\PN06\PN06-3.edf,EEG P10,6320.0,105.33333333333333,360.125
data\raw\siena\PN06\PN06-3.edf,EEG P10,6320.5,105.34166666666667,372.125
data\raw\siena\PN06\PN06-3.edf,EEG P10,6321.0,105.35,366.0
data\raw\siena\PN06\PN06-3.edf,EEG P10,6321.5,105.35833333333333,363.0
data\raw\siena\PN06\PN06-3.edf,EEG P10,6322.0,105.36666666666666,347.0
data\raw\siena\PN06\PN06-3.edf,EEG P10,6322.5,105.375,348.0
data\raw\siena\PN06\PN06-3.edf,EEG P10,6323.0,105.38333333333334,351.62499999999994
data\raw\siena\PN06\PN06-3.edf,EEG P10,6323.5,105.39166666666667,356.375
data\raw\siena\PN06\PN06-3.edf,EEG P10,6324.0,105.4,348.25
data\raw\siena\PN06\PN06-3.edf,EEG P10,6324.5,105.40833333333333,351.625
data\raw\siena\PN06\PN06-3.edf,EEG P10,6325.0,105.41666666666667,359.0
data\raw\siena\PN06\PN06-3.edf,EEG P10,6325.5,105.425,362.75
data\raw\siena\PN06\PN06-3.edf,EEG P10,6326.0,105.43333333333334,352.375
data\raw\siena\PN06\PN06-3.edf,EEG P10,6326.5,105.44166666666666,352.375
data\raw\siena\PN06\PN06-3.edf,EEG P10,6327.0,105.45,348.12499999999994
data\raw\siena\PN06\PN06-3.edf,EEG P10,6327.5,105.45833333333333,353.75
data\raw\siena\PN06\PN06-3.edf,EEG P10,6328.0,105.46666666666667,351.125
data\raw\siena\PN06\PN06-3.edf,EEG P10,6328.5,105.475,359.875
data\raw\siena\PN06\PN06-3.edf,EEG P10,6329.0,105.48333333333333,347.5
data\raw\siena\PN06\PN06-3.edf,EEG P10,6329.5,105.49166666666666,362.125
data\raw\siena\PN06\PN06-3.edf,EEG P10,6330.0,105.5,362.24999999999994
data\raw\siena\PN06\PN06-3.edf,EEG P10,6330.5,105.50833333333334,365.0
data\raw\siena\PN06\PN06-3.edf,EEG P10,6331.0,105.51666666666667,360.75
data\raw\siena\PN06\PN06-3.edf,EEG P10,6331.5,105.525,358.12499999999994
data\raw\siena\PN06\PN06-3.edf,EEG P10,6332.0,105.53333333333333,369.0
data\raw\siena\PN06\PN06-3.edf,EEG P10,6332.5,105.54166666666667,371.5
data\raw\siena\PN06\PN06-3.edf,EEG P10,6333.0,105.55,359.375
data\raw\siena\PN06\PN06-3.edf,EEG P10,6333.5,105.55833333333334,341.625
data\raw\siena\PN06\PN06-3.edf,EEG P10,6334.0,105.56666666666666,359.625
data\raw\siena\PN06\PN06-3.edf,EEG P10,6334.5,105.575,357.625
data\raw\siena\PN06\PN06-3.edf,EEG P10,6335.0,105.58333333333333,349.5
data\raw\siena\PN06\PN06-3.edf,EEG P10,6335.5,105.59166666666667,354.75
data\raw\siena\PN06\PN06-3.edf,EEG P10,6336.0,105.6,368.0
data\raw\siena\PN06\PN06-3.edf,EEG P10,6336.5,105.60833333333333,364.5
data\raw\siena\PN06\PN06-3.edf,EEG P10,6337.0,105.61666666666666,363.25
data\raw\siena\PN06\PN06-3.edf,EEG P10,6337.5,105.625,356.25
data\raw\siena\PN06\PN06-3.edf,EEG P10,6338.0,105.63333333333334,348.25
data\raw\siena\PN06\PN06-3.edf,EEG P10,6338.5,105.64166666666667,360.5
data\raw\siena\PN06\PN06-3.edf,EEG P10,6339.0,105.65,354.625
data\raw\siena\PN06\PN06-3.edf,EEG P10,6339.5,105.65833333333333,360.625
data\raw\siena\PN06\PN06-3.edf,EEG P10,6340.0,105.66666666666667,356.0
data\raw\siena\PN06\PN06-3.edf,EEG P10,6340.5,105.675,356.5
data\raw\siena\PN06\PN06-3.edf,EEG P10,6341.0,105.68333333333334,345.125
data\raw\siena\PN06\PN06-3.edf,EEG P10,6341.5,105.69166666666666,359.875
data\raw\siena\PN06\PN06-3.edf,EEG P10,6342.0,105.7,365.875
data\raw\siena\PN06\PN06-3.edf,EEG P10,6342.5,105.70833333333333,364.49999999999994
data\raw\siena\PN06\PN06-3.edf,EEG P10,6343.0,105.71666666666667,365.125
data\raw\siena\PN06\PN06-3.edf,EEG P10,6343.5,105.725,370.25
data\raw\siena\PN06\PN06-3.edf,EEG P10,6344.0,105.73333333333333,386.25
data\raw\siena\PN06\PN06-3.edf,EEG P10,6344.5,105.74166666666666,387.375
data\raw\siena\PN06\PN06-3.edf,EEG P10,6345.0,105.75,383.75
data\raw\siena\PN06\PN06-3.edf,EEG P10,6345.5,105.75833333333334,365.75
data\raw\siena\PN06\PN06-3.edf,EEG P10,6346.0,105.76666666666667,353.5
data\raw\siena\PN06\PN06-3.edf,EEG P10,6346.5,105.775,342.0
data\raw\siena\PN06\PN06-3.edf,EEG P10,6347.0,105.78333333333333,349.25
data\raw\siena\PN06\PN06-3.edf,EEG P10,6347.5,105.79166666666667,358.0
data\raw\siena\PN06\PN06-3.edf,EEG P10,6348.0,105.8,355.87499999999994
data\raw\siena\PN06\PN06-3.edf,EEG P10,6348.5,105.80833333333334,354.5
data\raw\siena\PN06\PN06-3.edf,EEG P10,6349.0,105.81666666666666,363.0
data\raw\siena\PN06\PN06-3.edf,EEG P10,6349.5,105.825,350.0
data\raw\siena\PN06\PN06-3.edf,EEG P10,6350.0,105.83333333333333,366.375
data\raw\siena\PN06\PN06-3.edf,EEG P10,6350.5,105.84166666666667,378.25
data\raw\siena\PN06\PN06-3.edf,EEG P10,6351.0,105.85,369.875
data\raw\siena\PN06\PN06-3.edf,EEG P10,6351.5,105.85833333333333,353.5
data\raw\siena\PN06\PN06-3.edf,EEG P10,6352.0,105.86666666666666,355.375
data\raw\siena\PN06\PN06-3.edf,EEG P10,6352.5,105.875,356.25
data\raw\siena\PN06\PN06-3.edf,EEG P10,6353.0,105.88333333333334,348.5
data\raw\siena\PN06\PN06-3.edf,EEG P10,6353.5,105.89166666666667,341.75
data\raw\siena\PN06\PN06-3.edf,EEG P10,6354.0,105.9,346.125
data\raw\siena\PN06\PN06-3.edf,EEG P10,6354.5,105.90833333333333,349.5
data\raw\siena\PN06\PN06-3.edf,EEG P10,6355.0,105.91666666666667,338.5
data\raw\siena\PN06\PN06-3.edf,EEG P10,6355.5,105.925,347.375
data\raw\siena\PN06\PN06-3.edf,EEG P10,6356.0,105.93333333333334,354.75
data\raw\siena\PN06\PN06-3.edf,EEG P10,6356.5,105.94166666666666,346.25
data\raw\siena\PN06\PN06-3.edf,EEG P10,6357.0,105.95,361.25
data\raw\siena\PN06\PN06-3.edf,EEG P10,6357.5,105.95833333333333,346.0
data\raw\siena\PN06\PN06-3.edf,EEG P10,6358.0,105.96666666666667,364.25
data\raw\siena\PN06\PN06-3.edf,EEG P10,6358.5,105.975,359.875
data\raw\siena\PN06\PN06-3.edf,EEG P10,6359.0,105.98333333333333,340.75
data\raw\siena\PN06\PN06-3.edf,EEG P10,6359.5,105.99166666666666,346.25
data\raw\siena\PN06\PN06-3.edf,EEG P10,6360.0,106.0,358.25
data\raw\siena\PN06\PN06-3.edf,EEG P10,6360.5,106.00833333333334,352.75
data\raw\siena\PN06\PN06-3.edf,EEG P10,6361.0,106.01666666666667,350.5
data\raw\siena\PN06\PN06-3.edf,EEG P10,6361.5,106.025,341.75
data\raw\siena\PN06\PN06-3.edf,EEG P10,6362.0,106.03333333333333,348.74999999999994
data\raw\siena\PN06\PN06-3.edf,EEG P10,6362.5,106.04166666666667,346.875
data\raw\siena\PN06\PN06-3.edf,EEG P10,6363.0,106.05,366.5
data\raw\siena\PN06\PN06-3.edf,EEG P10,6363.5,106.05833333333334,357.5
data\raw\siena\PN06\PN06-3.edf,EEG P10,6364.0,106.06666666666666,352.875
data\raw\siena\PN06\PN06-3.edf,EEG P10,6364.5,106.075,362.375
data\raw\siena\PN06\PN06-3.edf,EEG P10,6365.0,106.08333333333333,370.75
data\raw\siena\PN06\PN06-3.edf,EEG P10,6365.5,106.09166666666667,371.0
data\raw\siena\PN06\PN06-3.edf,EEG P10,6366.0,106.1,378.74999999999994
data\raw\siena\PN06\PN06-3.edf,EEG P10,6366.5,106.10833333333333,379.125
data\raw\siena\PN06\PN06-3.edf,EEG P10,6367.0,106.11666666666666,372.625
data\raw\siena\PN06\PN06-3.edf,EEG P10,6367.5,106.125,372.625
data\raw\siena\PN06\PN06-3.edf,EEG P10,6368.0,106.13333333333334,349.0
data\raw\siena\PN06\PN06-3.edf,EEG P10,6368.5,106.14166666666667,343.75
data\raw\siena\PN06\PN06-3.edf,EEG P10,6369.0,106.15,353.875
data\raw\siena\PN06\PN06-3.edf,EEG P10,6369.5,106.15833333333333,352.75
data\raw\siena\PN06\PN06-3.edf,EEG P10,6370.0,106.16666666666667,352.75
data\raw\siena\PN06\PN06-3.edf,EEG P10,6370.5,106.175,360.5
data\raw\siena\PN06\PN06-3.edf,EEG P10,6371.0,106.18333333333334,349.125
data\raw\siena\PN06\PN06-3.edf,EEG P10,6371.5,106.19166666666666,365.75
data\raw\siena\PN06\PN06-3.edf,EEG P10,6372.0,106.2,353.125
data\raw\siena\PN06\PN06-3.edf,EEG P10,6372.5,106.20833333333333,346.25
data\raw\siena\PN06\PN06-3.edf,EEG P10,6373.0,106.21666666666667,334.125
data\raw\siena\PN06\PN06-3.edf,EEG P10,6373.5,106.225,333.0
data\raw\siena\PN06\PN06-3.edf,EEG P10,6374.0,106.23333333333333,346.125
data\raw\siena\PN06\PN06-3.edf,EEG P10,6374.5,106.24166666666666,356.375
data\raw\siena\PN06\PN06-3.edf,EEG P10,6375.0,106.25,353.0
data\raw\siena\PN06\PN06-3.edf,EEG P10,6375.5,106.25833333333334,354.0
data\raw\siena\PN06\PN06-3.edf,EEG P10,6376.0,106.26666666666667,348.5
data\raw\siena\PN06\PN06-3.edf,EEG P10,6376.5,106.275,340.75
data\raw\siena\PN06\PN06-3.edf,EEG P10,6377.0,106.28333333333333,336.75
data\raw\siena\PN06\PN06-3.edf,EEG P10,6377.5,106.29166666666667,335.125
data\raw\siena\PN06\PN06-3.edf,EEG P10,6378.0,106.3,356.375
data\raw\siena\PN06\PN06-3.edf,EEG P10,6378.5,106.30833333333334,340.25
data\raw\siena\PN06\PN06-3.edf,EEG P10,6379.0,106.31666666666666,328.75
data\raw\siena\PN06\PN06-3.edf,EEG P10,6379.5,106.325,340.125
data\raw\siena\PN06\PN06-3.edf,EEG P10,6380.0,106.33333333333333,341.875
data\raw\siena\PN06\PN06-3.edf,EEG P10,6380.5,106.34166666666667,365.375
data\raw\siena\PN06\PN06-3.edf,EEG P10,6381.0,106.35,373.375
data\raw\siena\PN06\PN06-3.edf,EEG P10,6381.5,106.35833333333333,361.875
data\raw\siena\PN06\PN06-3.edf,EEG P10,6382.0,106.36666666666666,356.375
data\raw\siena\PN06\PN06-3.edf,EEG P10,6382.5,106.375,336.0
data\raw\siena\PN06\PN06-3.edf,EEG P10,6383.0,106.38333333333334,334.25
data\raw\siena\PN06\PN06-3.edf,EEG P10,6383.5,106.39166666666667,361.125
data\raw\siena\PN06\PN06-3.edf,EEG P10,6384.0,106.4,353.625
data\raw\siena\PN06\PN06-3.edf,EEG P10,6384.5,106.40833333333333,337.25
data\raw\siena\PN06\PN06-3.edf,EEG P10,6385.0,106.41666666666667,362.25
data\raw\siena\PN06\PN06-3.edf,EEG P10,6385.5,106.425,373.875
data\raw\siena\PN06\PN06-3.edf,EEG P10,6386.0,106.43333333333334,371.625
data\raw\siena\PN06\PN06-3.edf,EEG P10,6386.5,106.44166666666666,349.25
data\raw\siena\PN06\PN06-3.edf,EEG P10,6387.0,106.45,341.125
data\raw\siena\PN06\PN06-3.edf,EEG P10,6387.5,106.45833333333333,341.125
data\raw\siena\PN06\PN06-3.edf,EEG P10,6388.0,106.46666666666667,345.25
data\raw\siena\PN06\PN06-3.edf,EEG P10,6388.5,106.475,336.49999999999994
data\raw\siena\PN06\PN06-3.edf,EEG P10,6389.0,106.48333333333333,352.62499999999994
data\raw\siena\PN06\PN06-3.edf,EEG P10,6389.5,106.49166666666666,358.5
data\raw\siena\PN06\PN06-3.edf,EEG P10,6390.0,106.5,351.125
data\raw\siena\PN06\PN06-3.edf,EEG P10,6390.5,106.50833333333334,351.5
data\raw\siena\PN06\PN06-3.edf,EEG P10,6391.0,106.51666666666667,351.5
data\raw\siena\PN06\PN06-3.edf,EEG P10,6391.5,106.525,345.75
data\raw\siena\PN06\PN06-3.edf,EEG P10,6392.0,106.53333333333333,392.0
data\raw\siena\PN06\PN06-3.edf,EEG P10,6392.5,106.54166666666667,432.62499999999994
data\raw\siena\PN06\PN06-3.edf,EEG P10,6393.0,106.55,436.0
data\raw\siena\PN06\PN06-3.edf,EEG P10,6393.5,106.55833333333334,436.0
data\raw\siena\PN06\PN06-3.edf,EEG P10,6394.0,106.56666666666666,419.5
data\raw\siena\PN06\PN06-3.edf,EEG P10,6394.5,106.575,379.0
data\raw\siena\PN06\PN06-3.edf,EEG P10,6395.0,106.58333333333333,387.75
data\raw\siena\PN06\PN06-3.edf,EEG P10,6395.5,106.59166666666667,354.5
data\raw\siena\PN06\PN06-3.edf,EEG P10,6396.0,106.6,348.125
data\raw\siena\PN06\PN06-3.edf,EEG P10,6396.5,106.60833333333333,349.75
data\raw\siena\PN06\PN06-3.edf,EEG P10,6397.0,106.61666666666666,361.125
data\raw\siena\PN06\PN06-3.edf,EEG P10,6397.5,106.625,426.25
data\raw\siena\PN06\PN06-3.edf,EEG P10,6398.0,106.63333333333334,465.5
data\raw\siena\PN06\PN06-3.edf,EEG P10,6398.5,106.64166666666667,490.75
data\raw\siena\PN06\PN06-3.edf,EEG P10,6399.0,106.65,471.75
data\raw\siena\PN06\PN06-3.edf,EEG P10,6399.5,106.65833333333333,525.625
data\raw\siena\PN06\PN06-3.edf,EEG P10,6400.0,106.66666666666667,482.625
data\raw\siena\PN06\PN06-3.edf,EEG P10,6400.5,106.675,377.49999999999994
data\raw\siena\PN06\PN06-3.edf,EEG P10,6401.0,106.68333333333334,385.0
data\raw\siena\PN06\PN06-3.edf,EEG P10,6401.5,106.69166666666666,381.625
data\raw\siena\PN06\PN06-3.edf,EEG P10,6402.0,106.7,390.875
data\raw\siena\PN06\PN06-3.edf,EEG P10,6402.5,106.70833333333333,367.0
data\raw\siena\PN06\PN06-3.edf,EEG P10,6403.0,106.71666666666667,367.0
data\raw\siena\PN06\PN06-3.edf,EEG P10,6403.5,106.725,349.75
data\raw\siena\PN06\PN06-3.edf,EEG P10,6404.0,106.73333333333333,382.75
data\raw\siena\PN06\PN06-3.edf,EEG P10,6404.5,106.74166666666666,420.37499999999994
data\raw\siena\PN06\PN06-3.edf,EEG P10,6405.0,106.75,395.62499999999994
data\raw\siena\PN06\PN06-3.edf,EEG P10,7167.0,119.45,660.125
data\raw\siena\PN06\PN06-3.edf,EEG P10,7167.5,119.45833333333333,660.125
data\raw\siena\PN06\PN06-3.edf,EEG P10,7168.0,119.46666666666667,639.625
data\raw\siena\PN06\PN06-3.edf,EEG P10,7168.5,119.475,644.125
data\raw\siena\PN06\PN06-3.edf,EEG P10,7169.0,119.48333333333333,631.0
data\raw\siena\PN06\PN06-3.edf,EEG P10,7169.5,119.49166666666666,625.125
data\raw\siena\PN06\PN06-3.edf,EEG P10,7170.0,119.5,627.5
data\raw\siena\PN06\PN06-3.edf,EEG P10,7170.5,119.50833333333334,635.625
data\raw\siena\PN06\PN06-3.edf,EEG P10,7171.0,119.51666666666667,656.625
data\raw\siena\PN06\PN06-3.edf,EEG P10,7171.5,119.525,651.125
data\raw\siena\PN06\PN06-3.edf,EEG P10,7172.0,119.53333333333333,617.25
data\raw\siena\PN06\PN06-3.edf,EEG P10,7172.5,119.54166666666667,498.125
data\raw\siena\PN06\PN06-3.edf,EEG P10,7173.0,119.55,498.125
data\raw\siena\PN06\PN06-3.edf,EEG P10,7173.5,119.55833333333334,460.125
data\raw\siena\PN06\PN06-3.edf,EEG P10,7174.0,119.56666666666666,450.37499999999994
data\raw\siena\PN06\PN06-3.edf,EEG P10,7174.5,119.575,417.0
data\raw\siena\PN06\PN06-3.edf,EEG P10,7175.0,119.58333333333333,414.125
data\raw\siena\PN06\PN06-3.edf,EEG P10,7175.5,119.59166666666667,393.0
data\raw\siena\PN06\PN06-3.edf,EEG P10,7176.0,119.6,425.875
data\raw\siena\PN06\PN06-3.edf,EEG P10,7176.5,119.60833333333333,438.625
data\raw\siena\PN06\PN06-3.edf,EEG P10,7177.0,119.61666666666666,400.5
data\raw\siena\PN06\PN06-3.edf,EEG P10,7177.5,119.625,352.125
data\raw\siena\PN06\PN06-3.edf,EEG P10,7178.0,119.63333333333334,336.875
data\raw\siena\PN06\PN06-3.edf,EEG P10,7178.5,119.64166666666667,342.125
data\raw\siena\PN06\PN06-3.edf,EEG P10,7179.0,119.65,334.62499999999994
data\raw\siena\PN06\PN06-3.edf,EEG P10,7179.5,119.65833333333333,340.74999999999994
data\raw\siena\PN06\PN06-3.edf,EEG P10,7180.0,119.66666666666667,345.87499999999994
data\raw\siena\PN06\PN06-3.edf,EEG P10,7180.5,119.675,359.5
data\raw\siena\PN06\PN06-3.edf,EEG P10,7181.0,119.68333333333334,385.25
data\raw\siena\PN06\PN06-3.edf,EEG P10,7181.5,119.69166666666666,378.625
data\raw\siena\PN06\PN06-3.edf,EEG P10,7182.0,119.7,351.125
data\raw\siena\PN06\PN06-3.edf,EEG P10,7182.5,119.70833333333333,337.25
data\raw\siena\PN06\PN06-3.edf,EEG P10,7183.0,119.71666666666667,387.49999999999994
data\raw\siena\PN06\PN06-3.edf,EEG P10,7183.5,119.725,390.5
data\raw\siena\PN06\PN06-3.edf,EEG P10,7184.0,119.73333333333333,399.12499999999994
data\raw\siena\PN06\PN06-3.edf,EEG P10,7184.5,119.74166666666666,367.125
data\raw\siena\PN06\PN06-3.edf,EEG P10,7185.0,119.75,345.5
data\raw\siena\PN06\PN06-3.edf,EEG P10,7185.5,119.75833333333334,349.125
data\raw\siena\PN06\PN06-3.edf,EEG P10,7186.0,119.76666666666667,362.375
data\raw\siena\PN06\PN06-3.edf,EEG P10,7186.5,119.775,348.125
data\raw\siena\PN06\PN06-3.edf,EEG P10,7187.0,119.78333333333333,356.75
data\raw\siena\PN06\PN06-3.edf,EEG P10,7187.5,119.79166666666667,366.75
data\raw\siena\PN06\PN06-3.edf,EEG P10,7188.0,119.8,347.375
data\raw\siena\PN06\PN06-3.edf,EEG P10,7188.5,119.80833333333334,348.12499999999994
data\raw\siena\PN06\PN06-3.edf,EEG P10,7189.0,119.81666666666666,362.25
data\raw\siena\PN06\PN06-3.edf,EEG P10,7189.5,119.825,376.0
data\raw\siena\PN06\PN06-3.edf,EEG P10,7190.0,119.83333333333333,349.37499999999994
data\raw\siena\PN06\PN06-3.edf,EEG P10,7190.5,119.84166666666667,352.125
data\raw\siena\PN06\PN06-3.edf,EEG P10,7191.0,119.85,353.375
data\raw\siena\PN06\PN06-3.edf,EEG P10,7191.5,119.85833333333333,353.875
data\raw\siena\PN06\PN06-3.edf,EEG P10,7192.0,119.86666666666666,351.625
data\raw\siena\PN06\PN06-3.edf,EEG P10,7192.5,119.875,350.25
data\raw\siena\PN06\PN06-3.edf,EEG P10,7193.0,119.88333333333334,413.75
data\raw\siena\PN06\PN06-3.edf,EEG P10,7193.5,119.89166666666667,413.75
data\raw\siena\PN06\PN06-3.edf,EEG P10,7194.0,119.9,492.375
data\raw\siena\PN06\PN06-3.edf,EEG P10,7194.5,119.90833333333333,500.37499999999994
data\raw\siena\PN06\PN06-3.edf,EEG P10,7195.0,119.91666666666667,648.75
data\raw\siena\PN06\PN06-3.edf,EEG P10,7195.5,119.925,741.625
data\raw\siena\PN06\PN06-3.edf,EEG P10,7196.0,119.93333333333334,1248.625
data\raw\siena\PN06\PN06-3.edf,EEG P10,7196.5,119.94166666666666,1373.625
data\raw\siena\PN06\PN06-3.edf,EEG P10,7197.0,119.95,615.6249999999999
data\raw\siena\PN06\PN06-3.edf,EEG P10,7197.5,119.95833333333333,544.875
data\raw\siena\PN06\PN06-3.edf,EEG P10,7198.0,119.96666666666667,468.5
data\raw\siena\PN06\PN06-3.edf,EEG P10,7198.5,119.975,440.875
data\raw\siena\PN06\PN06-3.edf,EEG P10,7199.0,119.98333333333333,492.0
data\raw\siena\PN06\PN06-3.edf,EEG P10,7199.5,119.99166666666666,494.625
data\raw\siena\PN06\PN06-3.edf,EEG P10,7200.0,120.0,569.25
data\raw\siena\PN06\PN06-3.edf,EEG P10,7200.5,120.00833333333334,809.875
data\raw\siena\PN06\PN06-3.edf,EEG P10,7201.0,120.01666666666667,747.375
data\raw\siena\PN06\PN06-3.edf,EEG P10,7201.5,120.025,613.375
data\raw\siena\PN06\PN06-3.edf,EEG P10,7202.0,120.03333333333333,545.375
data\raw\siena\PN06\PN06-3.edf,EEG P10,7202.5,120.04166666666667,522.375
data\raw\siena\PN06\PN06-3.edf,EEG P10,7203.0,120.05,482.75
data\raw\siena\PN06\PN06-3.edf,EEG P10,7203.5,120.05833333333334,561.875
data\raw\siena\PN06\PN06-3.edf,EEG P10,7204.0,120.06666666666666,598.125
data\raw\siena\PN06\PN06-3.edf,EEG P10,7204.5,120.075,499.625
data\raw\siena\PN06\PN06-3.edf,EEG P10,7205.0,120.08333333333333,548.375
data\raw\siena\PN06\PN06-3.edf,EEG P10,7205.5,120.09166666666667,584.875
data\raw\siena\PN06\PN06-3.edf,EEG P10,7206.0,120.1,567.5
data\raw\siena\PN06\PN06-3.edf,EEG P10,7206.5,120.10833333333333,591.5
data\raw\siena\PN06\PN06-3.edf,EEG P10,7207.0,120.11666666666666,591.75
data\raw\siena\PN06\PN06-3.edf,EEG P10,7207.5,120.125,648.375
data\raw\siena\PN06\PN06-3.edf,EEG P10,7208.0,120.13333333333334,634.5
data\raw\siena\PN06\PN06-3.edf,EEG P10,7208.5,120.14166666666667,594.75
data\raw\siena\PN06\PN06-3.edf,EEG P10,7209.0,120.15,574.5
data\raw\siena\PN06\PN06-3.edf,EEG P10,7209.5,120.15833333333333,564.25
data\raw\siena\PN06\PN06-3.edf,EEG P10,7210.0,120.16666666666667,543.75
data\raw\siena\PN06\PN06-3.edf,EEG P10,7210.5,120.175,553.25
data\raw\siena\PN06\PN06-3.edf,EEG P10,7211.0,120.18333333333334,549.0
data\raw\siena\PN06\PN06-3.edf,EEG P10,7211.5,120.19166666666666,535.75
data\raw\siena\PN06\PN06-3.edf,EEG P10,7212.0,120.2,545.875
data\raw\siena\PN06\PN06-3.edf,EEG P10,7212.5,120.20833333333333,591.0
data\raw\siena\PN06\PN06-3.edf,EEG P10,7213.0,120.21666666666667,555.5
data\raw\siena\PN06\PN06-3.edf,EEG P10,7213.5,120.225,545.0
data\raw\siena\PN06\PN06-3.edf,EEG P10,7214.0,120.23333333333333,552.0
data\raw\siena\PN06\PN06-3.edf,EEG P10,7214.5,120.24166666666666,556.125
data\raw\siena\PN06\PN06-3.edf,EEG P10,7215.0,120.25,564.3749999999999
data\raw\siena\PN06\PN06-3.edf,EEG P10,7215.5,120.25833333333334,583.5
data\raw\siena\PN06\PN06-3.edf,EEG P10,7216.0,120.26666666666667,572.875
data\raw\siena\PN06\PN06-3.edf,EEG P10,7216.5,120.275,558.375
data\raw\siena\PN06\PN06-3.edf,EEG P10,7217.0,120.28333333333333,557.375
data\raw\siena\PN06\PN06-3.edf,EEG P10,7217.5,120.29166666666667,552.8749999999999
data\raw\siena\PN06\PN06-3.edf,EEG P10,7218.0,120.3,547.0
data\raw\siena\PN06\PN06-3.edf,EEG P10,7218.5,120.30833333333334,547.0
data\raw\siena\PN06\PN06-3.edf,EEG P10,7219.0,120.31666666666666,550.75
data\raw\siena\PN06\PN06-3.edf,EEG P10,7219.5,120.325,552.75
data\raw\siena\PN06\PN06-3.edf,EEG P10,7220.0,120.33333333333333,551.125
data\raw\siena\PN06\PN06-3.edf,EEG P10,7220.5,120.34166666666667,562.125
data\raw\siena\PN06\PN06-3.edf,EEG P10,7221.0,120.35,559.875
data\raw\siena\PN06\PN06-3.edf,EEG P10,7221.5,120.35833333333333,556.75
data\raw\siena\PN06\PN06-3.edf,EEG P10,7222.0,120.36666666666666,564.375
data\raw\siena\PN06\PN06-3.edf,EEG P10,7222.5,120.375,553.875
data\raw\siena\PN06\PN06-3.edf,EEG P10,7223.0,120.38333333333334,558.875
data\raw\siena\PN06\PN06-3.edf,EEG P10,7223.5,120.39166666666667,565.75
data\raw\siena\PN06\PN06-3.edf,EEG P10,7224.0,120.4,572.625
data\raw\siena\PN06\PN06-3.edf,EEG P10,7224.5,120.40833333333333,567.625
data\raw\siena\PN06\PN06-3.edf,EEG P10,7225.0,120.41666666666667,574.75
data\raw\siena\PN06\PN06-3.edf,EEG P10,7225.5,120.425,586.625
data\raw\siena\PN06\PN06-3.edf,EEG P10,7226.0,120.43333333333334,573.25
data\raw\siena\PN06\PN06-3.edf,EEG P10,7226.5,120.44166666666666,560.125
data\raw\siena\PN06\PN06-3.edf,EEG P10,7227.0,120.45,565.375
data\raw\siena\PN06\PN06-3.edf,EEG P10,7227.5,120.45833333333333,563.125
data\raw\siena\PN06\PN06-3.edf,EEG P10,7228.0,120.46666666666667,569.0
data\raw\siena\PN06\PN06-3.edf,EEG P10,7228.5,120.475,569.0
data\raw\siena\PN06\PN06-3.edf,EEG P10,7229.0,120.48333333333333,556.9999999999999
data\raw\siena\PN06\PN06-3.edf,EEG P10,7229.5,120.49166666666666,560.375
data\raw\siena\PN06\PN06-3.edf,EEG P10,7230.0,120.5,561.25
data\raw\siena\PN06\PN06-3.edf,EEG P10,7230.5,120.50833333333334,672.125
data\raw\siena\PN06\PN06-3.edf,EEG P10,7231.0,120.51666666666667,699.875
data\raw\siena\PN06\PN06-3.edf,EEG P10,7231.5,120.525,677.875
data\raw\siena\PN06\PN06-3.edf,EEG P10,7232.0,120.53333333333333,564.875
data\raw\siena\PN06\PN06-3.edf,EEG P10,7232.5,120.54166666666667,581.375
data\raw\siena\PN06\PN06-3.edf,EEG P10,7233.0,120.55,585.5
data\raw\siena\PN06\PN06-3.edf,EEG P10,7233.5,120.55833333333334,589.25
data\raw\siena\PN06\PN06-3.edf,EEG P10,7234.0,120.56666666666666,607.25
data\raw\siena\PN06\PN06-3.edf,EEG P10,7234.5,120.575,589.625
data\raw\siena\PN06\PN06-3.edf,EEG P10,7235.0,120.58333333333333,599.0
data\raw\siena\PN06\PN06-3.edf,EEG P10,7235.5,120.59166666666667,569.625
data\raw\siena\PN06\PN06-3.edf,EEG P10,7236.0,120.6,572.625
data\raw\siena\PN06\PN06-3.edf,EEG P10,7236.5,120.60833333333333,576.75
data\raw\siena\PN06\PN06-3.edf,EEG P10,7237.0,120.61666666666666,587.25
data\raw\siena\PN06\PN06-3.edf,EEG P10,7237.5,120.625,591.125
data\raw\siena\PN06\PN06-3.edf,EEG P10,7238.0,120.63333333333334,621.75
data\raw\siena\PN06\PN06-3.edf,EEG P10,7238.5,120.64166666666667,594.375
data\raw\siena\PN06\PN06-3.edf,EEG P10,7239.0,120.65,601.875
data\raw\siena\PN06\PN06-3.edf,EEG P10,7239.5,120.65833333333333,637.75
data\raw\siena\PN06\PN06-3.edf,EEG P10,7240.0,120.66666666666667,634.625
data\raw\siena\PN06\PN06-3.edf,EEG P10,7240.5,120.675,599.5
data\raw\siena\PN06\PN06-3.edf,EEG P10,7241.0,120.68333333333334,606.25
data\raw\siena\PN06\PN06-3.edf,EEG P10,7241.5,120.69166666666666,620.875
data\raw\siena\PN06\PN06-3.edf,EEG P10,7242.0,120.7,596.5
data\raw\siena\PN06\PN06-3.edf,EEG P10,7242.5,120.70833333333333,590.0
data\raw\siena\PN06\PN06-3.edf,EEG P10,7243.0,120.71666666666667,604.75
data\raw\siena\PN06\PN06-3.edf,EEG P10,7243.5,120.725,599.875
data\raw\siena\PN06\PN06-3.edf,EEG P10,7244.0,120.73333333333333,590.5
data\raw\siena\PN06\PN06-3.edf,EEG P10,7244.5,120.74166666666666,589.75
data\raw\siena\PN06\PN06-3.edf,EEG P10,7245.0,120.75,608.0
data\raw\siena\PN06\PN06-3.edf,EEG P10,7245.5,120.75833333333334,594.375
data\raw\siena\PN06\PN06-3.edf,EEG P10,7246.0,120.76666666666667,590.625
data\raw\siena\PN06\PN06-3.edf,EEG P10,7246.5,120.775,612.75
data\raw\siena\PN06\PN06-3.edf,EEG P10,7247.0,120.78333333333333,609.125
data\raw\siena\PN06\PN06-3.edf,EEG P10,7247.5,120.79166666666667,586.375
data\raw\siena\PN06\PN06-3.edf,EEG P10,7248.0,120.8,585.5
data\raw\siena\PN06\PN06-3.edf,EEG P10,7248.5,120.80833333333334,598.625
data\raw\siena\PN06\PN06-3.edf,EEG P10,7249.0,120.81666666666666,597.25
data\raw\siena\PN06\PN06-3.edf,EEG P10,7249.5,120.825,623.75
data\raw\siena\PN06\PN06-3.edf,EEG P10,7250.0,120.83333333333333,631.125
data\raw\siena\PN06\PN06-3.edf,EEG P10,7250.5,120.84166666666667,608.375
data\raw\siena\PN06\PN06-3.edf,EEG P10,7251.0,120.85,617.25
data\raw\siena\PN06\PN06-3.edf,EEG P10,7251.5,120.85833333333333,614.375
data\raw\siena\PN06\PN06-3.edf,EEG P10,7252.0,120.86666666666666,596.125
data\raw\siena\PN06\PN06-3.edf,EEG P10,7252.5,120.875,598.0
data\raw\siena\PN06\PN06-3.edf,EEG P10,7253.0,120.88333333333334,594.625
data\raw\siena\PN06\PN06-3.edf,EEG P10,7253.5,120.89166666666667,588.75
data\raw\siena\PN06\PN06-3.edf,EEG P10,7254.0,120.9,605.875
data\raw\siena\PN06\PN06-3.edf,EEG P10,7254.5,120.90833333333333,601.4999999999999
data\raw\siena\PN06\PN06-3.edf,EEG P10,7255.0,120.91666666666667,607.5
data\raw\siena\PN06\PN06-3.edf,EEG P10,7255.5,120.925,614.0
data\raw\siena\PN06\PN06-3.edf,EEG P10,7256.0,120.93333333333334,604.125
data\raw\siena\PN06\PN06-3.edf,EEG P10,7256.5,120.94166666666666,608.75
data\raw\siena\PN06\PN06-3.edf,EEG P10,7257.0,120.95,597.375
data\raw\siena\PN06\PN06-3.edf,EEG P10,7257.5,120.95833333333333,607.0
data\raw\siena\PN06\PN06-3.edf,EEG P10,7258.0,120.96666666666667,601.375
data\raw\siena\PN06\PN06-3.edf,EEG P10,7258.5,120.975,603.0
data\raw\siena\PN06\PN06-3.edf,EEG P10,7259.0,120.98333333333333,600.5
data\raw\siena\PN06\PN06-3.edf,EEG P10,7259.5,120.99166666666666,593.875
data\raw\siena\PN06\PN06-3.edf,EEG P10,7260.0,121.0,590.75
data\raw\siena\PN06\PN06-3.edf,EEG P10,7260.5,121.00833333333334,514.625
data\raw\siena\PN06\PN06-3.edf,EEG P10,7261.0,121.01666666666667,532.1249999999999
data\raw\siena\PN06\PN06-3.edf,EEG P10,7261.5,121.025,524.625
data\raw\siena\PN06\PN06-3.edf,EEG P10,7262.0,121.03333333333333,573.75
data\raw\siena\PN06\PN06-3.edf,EEG P10,7262.5,121.04166666666667,586.125
data\raw\siena\PN06\PN06-3.edf,EEG P10,7263.0,121.05,599.0
data\raw\siena\PN06\PN06-3.edf,EEG P10,7263.5,121.05833333333334,596.75
data\raw\siena\PN06\PN06-3.edf,EEG P10,7264.0,121.06666666666666,612.75
data\raw\siena\PN06\PN06-3.edf,EEG P10,7264.5,121.075,624.625
data\raw\siena\PN06\PN06-3.edf,EEG P10,7265.0,121.08333333333333,600.6249999999999
data\raw\siena\PN06\PN06-3.edf,EEG P10,7265.5,121.09166666666667,590.75
data\raw\siena\PN06\PN06-3.edf,EEG P10,7266.0,121.1,592.1249999999999
data\raw\siena\PN06\PN06-3.edf,EEG P10,7266.5,121.10833333333333,601.1249999999999
data\raw\siena\PN06\PN06-3.edf,EEG P10,7267.0,121.11666666666666,603.5
data\raw\siena\PN06\PN06-3.edf,EEG P10,7267.5,121.125,614.375
data\raw\siena\PN06\PN06-3.edf,EEG P10,7268.0,121.13333333333334,610.4999999999999
data\raw\siena\PN06\PN06-3.edf,EEG P10,7268.5,121.14166666666667,610.8749999999999
data\raw\siena\PN06\PN06-3.edf,EEG P10,7269.0,121.15,609.375
data\raw\siena\PN06\PN06-3.edf,EEG P10,7269.5,121.15833333333333,607.625
data\raw\siena\PN06\PN06-3.edf,EEG P10,7270.0,121.16666666666667,608.0
data\raw\siena\PN06\PN06-3.edf,EEG P10,7270.5,121.175,608.0
data\raw\siena\PN06\PN06-3.edf,EEG P10,7271.0,121.18333333333334,611.625
data\raw\siena\PN06\PN06-3.edf,EEG P10,7271.5,121.19166666666666,611.125
data\raw\siena\PN06\PN06-3.edf,EEG P10,7272.0,121.2,595.625
data\raw\siena\PN06\PN06-3.edf,EEG P10,7272.5,121.20833333333333,583.0
data\raw\siena\PN06\PN06-3.edf,EEG P10,7273.0,121.21666666666667,536.0
data\raw\siena\PN06\PN06-3.edf,EEG P10,7273.5,121.225,536.0
data\raw\siena\PN06\PN06-3.edf,EEG P10,7274.0,121.23333333333333,500.49999999999994
data\raw\siena\PN06\PN06-3.edf,EEG P10,7274.5,121.24166666666666,506.875
data\raw\siena\PN06\PN06-3.edf,EEG P10,7275.0,121.25,511.625
data\raw\siena\PN06\PN06-3.edf,EEG P10,7275.5,121.25833333333334,506.625
data\raw\siena\PN06\PN06-3.edf,EEG P10,7276.0,121.26666666666667,507.875
data\raw\siena\PN06\PN06-3.edf,EEG P10,7276.5,121.275,510.25
data\raw\siena\PN06\PN06-3.edf,EEG P10,7277.0,121.28333333333333,500.7499999999999
data\raw\siena\PN06\PN06-3.edf,EEG P10,7277.5,121.29166666666667,501.62499999999994
data\raw\siena\PN06\PN06-3.edf,EEG P10,7278.0,121.3,495.5
data\raw\siena\PN06\PN06-3.edf,EEG P10,7278.5,121.30833333333334,506.0
data\raw\siena\PN06\PN06-3.edf,EEG P10,7279.0,121.31666666666666,505.12499999999994
data\raw\siena\PN06\PN06-3.edf,EEG P10,7279.5,121.325,508.99999999999994
data\raw\siena\PN06\PN06-3.edf,EEG P10,7280.0,121.33333333333333,508.99999999999994
data\raw\siena\PN06\PN06-3.edf,EEG P10,7280.5,121.34166666666667,511.12499999999994
data\raw\siena\PN06\PN06-3.edf,EEG P10,7281.0,121.35,509.12499999999994
data\raw\siena\PN06\PN06-3.edf,EEG P10,7281.5,121.35833333333333,499.75
data\raw\siena\PN06\PN06-3.edf,EEG P10,7282.0,121.36666666666666,503.25
data\raw\siena\PN06\PN06-3.edf,EEG P10,7282.5,121.375,526.25
data\raw\siena\PN06\PN06-3.edf,EEG P10,7283.0,121.38333333333334,510.0
data\raw\siena\PN06\PN06-3.edf,EEG P10,7283.5,121.39166666666667,510.125
data\raw\siena\PN06\PN06-3.edf,EEG P10,7284.0,121.4,510.625
data\raw\siena\PN06\PN06-3.edf,EEG P10,7284.5,121.40833333333333,514.125
data\raw\siena\PN06\PN06-3.edf,EEG P10,7285.0,121.41666666666667,516.5
data\raw\siena\PN06\PN06-3.edf,EEG P10,7285.5,121.425,524.5
data\raw\siena\PN06\PN06-3.edf,EEG P10,7286.0,121.43333333333334,512.0
data\raw\siena\PN06\PN06-3.edf,EEG P10,7286.5,121.44166666666666,504.875
data\raw\siena\PN06\PN06-3.edf,EEG P10,7287.0,121.45,506.62499999999994
data\raw\siena\PN06\PN06-3.edf,EEG P10,7287.5,121.45833333333333,510.875
data\raw\siena\PN06\PN06-3.edf,EEG P10,7288.0,121.46666666666667,512.625
data\raw\siena\PN06\PN06-3.edf,EEG P10,7288.5,121.475,503.6249999999999
data\raw\siena\PN06\PN06-3.edf,EEG P10,7289.0,121.48333333333333,508.375
data\raw\siena\PN06\PN06-3.edf,EEG P10,7289.5,121.49166666666666,524.5
data\raw\siena\PN06\PN06-3.edf,EEG P10,7290.0,121.5,515.75
data\raw\siena\PN06\PN06-3.edf,EEG P10,7290.5,121.50833333333334,517.625
data\raw\siena\PN06\PN06-3.edf,EEG P10,7291.0,121.51666666666667,508.25
data\raw\siena\PN06\PN06-3.edf,EEG P10,7291.5,121.525,513.875
data\raw\siena\PN06\PN06-3.edf,EEG P10,7292.0,121.53333333333333,516.875
data\raw\siena\PN06\PN06-3.edf,EEG P10,7292.5,121.54166666666667,514.0
data\raw\siena\PN06\PN06-3.edf,EEG P10,7293.0,121.55,515.0
data\raw\siena\PN06\PN06-3.edf,EEG P10,7293.5,121.55833333333334,524.875
data\raw\siena\PN06\PN06-3.edf,EEG P10,7294.0,121.56666666666666,502.25
data\raw\siena\PN06\PN06-3.edf,EEG P10,7294.5,121.575,511.5
data\raw\siena\PN06\PN06-3.edf,EEG P10,7295.0,121.58333333333333,508.0
data\raw\siena\PN06\PN06-3.edf,EEG P10,7295.5,121.59166666666667,502.375
data\raw\siena\PN06\PN06-3.edf,EEG P10,7296.0,121.6,502.5
data\raw\siena\PN06\PN06-3.edf,EEG P10,7296.5,121.60833333333333,509.625
data\raw\siena\PN06\PN06-3.edf,EEG P10,7297.0,121.61666666666666,513.25
data\raw\siena\PN06\PN06-3.edf,EEG P10,7297.5,121.625,515.125
data\raw\siena\PN06\PN06-3.edf,EEG P10,7298.0,121.63333333333334,507.75
data\raw\siena\PN06\PN06-3.edf,EEG P10,7298.5,121.64166666666667,510.25
data\raw\siena\PN06\PN06-3.edf,EEG P10,7299.0,121.65,507.75
data\raw\siena\PN06\PN06-3.edf,EEG P10,7299.5,121.65833333333333,505.875
data\raw\siena\PN06\PN06-3.edf,EEG P10,7300.0,121.66666666666667,509.37499999999994
data\raw\siena\PN06\PN06-3.edf,EEG P10,7300.5,121.675,502.3749999999999
data\raw\siena\PN06\PN06-3.edf,EEG P10,7301.0,121.68333333333334,521.0
data\raw\siena\PN06\PN06-3.edf,EEG P10,7301.5,121.69166666666666,533.5
data\raw\siena\PN06\PN06-3.edf,EEG P10,7302.0,121.7,520.25
data\raw\siena\PN06\PN06-3.edf,EEG P10,7302.5,121.70833333333333,511.375
data\raw\siena\PN06\PN06-3.edf,EEG P10,7303.0,121.71666666666667,514.0
data\raw\siena\PN06\PN06-3.edf,EEG P10,7303.5,121.725,504.25
data\raw\siena\PN06\PN06-3.edf,EEG P10,7304.0,121.73333333333333,500.125
data\raw\siena\PN06\PN06-3.edf,EEG P10,7304.5,121.74166666666666,499.125
data\raw\siena\PN06\PN06-3.edf,EEG P10,7305.0,121.75,558.125
data\raw\siena\PN06\PN06-3.edf,EEG P10,7305.5,121.75833333333334,558.125
data\raw\siena\PN06\PN06-3.edf,EEG P10,7306.0,121.76666666666667,530.25
data\raw\siena\PN06\PN06-3.edf,EEG P10,7306.5,121.775,586.75
data\raw\siena\PN06\PN06-3.edf,EEG P10,7307.0,121.78333333333333,605.875
data\raw\siena\PN06\PN06-3.edf,EEG P10,7307.5,121.79166666666667,605.875
data\raw\siena\PN06\PN06-3.edf,EEG P10,7308.0,121.8,503.87499999999994
data\raw\siena\PN06\PN06-3.edf,EEG P10,7308.5,121.80833333333334,508.74999999999994
data\raw\siena\PN06\PN06-3.edf,EEG P10,7309.0,121.81666666666666,521.25
data\raw\siena\PN06\PN06-3.edf,EEG P10,7309.5,121.825,521.25
data\raw\siena\PN06\PN06-3.edf,EEG P10,7310.0,121.83333333333333,508.375
data\raw\siena\PN06\PN06-3.edf,EEG P10,7310.5,121.84166666666667,510.25
data\raw\siena\PN06\PN06-3.edf,EEG P10,7311.0,121.85,507.875
data\raw\siena\PN06\PN06-3.edf,EEG P10,7311.5,121.85833333333333,513.75
data\raw\siena\PN06\PN06-3.edf,EEG P10,7312.0,121.86666666666666,515.625
data\raw\siena\PN06\PN06-3.edf,EEG P10,7312.5,121.875,513.25
data\raw\siena\PN06\PN06-3.edf,EEG P10,7313.0,121.88333333333334,516.125
data\raw\siena\PN06\PN06-3.edf,EEG P10,7313.5,121.89166666666667,515.625
data\raw\siena\PN06\PN06-3.edf,EEG P10,7314.0,121.9,513.375
data\raw\siena\PN06\PN06-3.edf,EEG P10,7314.5,121.90833333333333,516.0
data\raw\siena\PN06\PN06-3.edf,EEG P10,7315.0,121.91666666666667,510.875
data\raw\siena\PN06\PN06-3.edf,EEG P10,7315.5,121.925,508.25
data\raw\siena\PN06\PN06-3.edf,EEG P10,7316.0,121.93333333333334,507.625
data\raw\siena\PN06\PN06-3.edf,EEG P10,7316.5,121.94166666666666,515.625
data\raw\siena\PN06\PN06-3.edf,EEG P10,7317.0,121.95,508.5
data\raw\siena\PN06\PN06-3.edf,EEG P10,7317.5,121.95833333333333,502.375
data\raw\siena\PN06\PN06-3.edf,EEG P10,7318.0,121.96666666666667,504.24999999999994
data\raw\siena\PN06\PN06-3.edf,EEG P10,7318.5,121.975,511.99999999999994
data\raw\siena\PN06\PN06-3.edf,EEG P10,7319.0,121.98333333333333,523.0
data\raw\siena\PN06\PN06-3.edf,EEG P10,7319.5,121.99166666666666,520.875
data\raw\siena\PN06\PN06-3.edf,EEG P10,7320.0,122.0,530.375
data\raw\siena\PN06\PN06-3.edf,EEG P10,7320.5,122.00833333333334,504.25
data\raw\siena\PN06\PN06-3.edf,EEG P10,7321.0,122.01666666666667,528.5
data\raw\siena\PN06\PN06-3.edf,EEG P10,7321.5,122.025,533.5
data\raw\siena\PN06\PN06-3.edf,EEG P10,7322.0,122.03333333333333,523.4999999999999
data\raw\siena\PN06\PN06-3.edf,EEG P10,7322.5,122.04166666666667,518.25
data\raw\siena\PN06\PN06-3.edf,EEG P10,7323.0,122.05,514.25
data\raw\siena\PN06\PN06-3.edf,EEG P10,7323.5,122.05833333333334,514.25
data\raw\siena\PN06\PN06-3.edf,EEG P10,7324.0,122.06666666666666,519.125
data\raw\siena\PN06\PN06-3.edf,EEG P10,7324.5,122.075,523.25
data\raw\siena\PN06\PN06-3.edf,EEG P10,7325.0,122.08333333333333,537.625
data\raw\siena\PN06\PN06-3.edf,EEG P10,7325.5,122.09166666666667,526.75
data\raw\siena\PN06\PN06-3.edf,EEG P10,7326.0,122.1,531.75
data\raw\siena\PN06\PN06-3.edf,EEG P10,7326.5,122.10833333333333,514.375
data\raw\siena\PN06\PN06-3.edf,EEG P10,7327.0,122.11666666666666,518.1249999999999
data\raw\siena\PN06\PN06-3.edf,EEG P10,7327.5,122.125,519.875
data\raw\siena\PN06\PN06-3.edf,EEG P10,7328.0,122.13333333333334,521.75
data\raw\siena\PN06\PN06-3.edf,EEG P10,7328.5,122.14166666666667,509.49999999999994
data\raw\siena\PN06\PN06-3.edf,EEG P10,7329.0,122.15,513.375
data\raw\siena\PN06\PN06-3.edf,EEG P10,7329.5,122.15833333333333,514.625
data\raw\siena\PN06\PN06-3.edf,EEG P10,7330.0,122.16666666666667,520.5
data\raw\siena\PN06\PN06-3.edf,EEG P10,7330.5,122.175,520.5
data\raw\siena\PN06\PN06-3.edf,EEG P10,7331.0,122.18333333333334,530.125
data\raw\siena\PN06\PN06-3.edf,EEG P10,7331.5,122.19166666666666,522.125
data\raw\siena\PN06\PN06-3.edf,EEG P10,7332.0,122.2,515.0
data\raw\siena\PN06\PN06-3.edf,EEG P10,7332.5,122.20833333333333,523.0
data\raw\siena\PN06\PN06-3.edf,EEG P10,7333.0,122.21666666666667,529.625
data\raw\siena\PN06\PN06-3.edf,EEG P10,7333.5,122.225,518.625
data\raw\siena\PN06\PN06-3.edf,EEG P10,7334.0,122.23333333333333,536.125
data\raw\siena\PN06\PN06-3.edf,EEG P10,7334.5,122.24166666666666,536.125
data\raw\siena\PN06\PN06-3.edf,EEG P10,7335.0,122.25,539.0
data\raw\siena\PN06\PN06-3.edf,EEG P10,7335.5,122.25833333333334,515.375
data\raw\siena\PN06\PN06-3.edf,EEG P10,7336.0,122.26666666666667,520.75
data\raw\siena\PN06\PN06-3.edf,EEG P10,7336.5,122.275,520.625
data\raw\siena\PN06\PN06-3.edf,EEG P10,7337.0,122.28333333333333,519.625
data\raw\siena\PN06\PN06-3.edf,EEG P10,7337.5,122.29166666666667,516.625
data\raw\siena\PN06\PN06-3.edf,EEG P10,7338.0,122.3,523.375
data\raw\siena\PN06\PN06-3.edf,EEG P10,7338.5,122.30833333333334,521.0
data\raw\siena\PN06\PN06-3.edf,EEG P10,7339.0,122.31666666666666,520.875
data\raw\siena\PN06\PN06-3.edf,EEG P10,7339.5,122.325,528.5
data\raw\siena\PN06\PN06-3.edf,EEG P10,7340.0,122.33333333333333,543.875
data\raw\siena\PN06\PN06-3.edf,EEG P10,7340.5,122.34166666666667,533.375
data\raw\siena\PN06\PN06-3.edf,EEG P10,7341.0,122.35,535.125
data\raw\siena\PN06\PN06-3.edf,EEG P10,7341.5,122.35833333333333,527.25
data\raw\siena\PN06\PN06-3.edf,EEG P10,7342.0,122.36666666666666,524.0
data\raw\siena\PN06\PN06-3.edf,EEG P10,7342.5,122.375,524.125
data\raw\siena\PN06\PN06-3.edf,EEG P10,7343.0,122.38333333333334,525.5
data\raw\siena\PN06\PN06-3.edf,EEG P10,7343.5,122.39166666666667,525.5
data\raw\siena\PN06\PN06-3.edf,EEG P10,7344.0,122.4,524.5
data\raw\siena\PN06\PN06-3.edf,EEG P10,7344.5,122.40833333333333,550.625
data\raw\siena\PN06\PN06-3.edf,EEG P10,7345.0,122.41666666666667,521.0
data\raw\siena\PN06\PN06-3.edf,EEG P10,7345.5,122.425,547.875
data\raw\siena\PN06\PN06-3.edf,EEG P10,7346.0,122.43333333333334,557.625
data\raw\siena\PN06\PN06-3.edf,EEG P10,7346.5,122.44166666666666,526.0
data\raw\siena\PN06\PN06-3.edf,EEG P10,7347.0,122.45,529.5
data\raw\siena\PN06\PN06-3.edf,EEG P10,7347.5,122.45833333333333,527.0
data\raw\siena\PN06\PN06-3.edf,EEG P10,7348.0,122.46666666666667,518.875
data\raw\siena\PN06\PN06-3.edf,EEG P10,7348.5,122.475,519.375
data\raw\siena\PN06\PN06-3.edf,EEG P10,7349.0,122.48333333333333,535.125
data\raw\siena\PN06\PN06-3.edf,EEG P10,7349.5,122.49166666666666,519.75
data\raw\siena\PN06\PN06-3.edf,EEG P10,7350.0,122.5,516.875
data\raw\siena\PN06\PN06-3.edf,EEG P10,7350.5,122.50833333333334,527.5
data\raw\siena\PN06\PN06-3.edf,EEG P10,7351.0,122.51666666666667,529.125
data\raw\siena\PN06\PN06-3.edf,EEG P10,7351.5,122.525,531.0
data\raw\siena\PN06\PN06-3.edf,EEG P10,7352.0,122.53333333333333,527.875
data\raw\siena\PN06\PN06-3.edf,EEG P10,7352.5,122.54166666666667,530.375
data\raw\siena\PN06\PN06-3.edf,EEG P10,7353.0,122.55,521.375
data\raw\siena\PN06\PN06-3.edf,EEG P10,7353.5,122.55833333333334,536.875
data\raw\siena\PN06\PN06-3.edf,EEG P10,7354.0,122.56666666666666,541.0
data\raw\siena\PN06\PN06-3.edf,EEG P10,7354.5,122.575,523.625
data\raw\siena\PN06\PN06-3.edf,EEG P10,7355.0,122.58333333333333,523.625
data\raw\siena\PN06\PN06-3.edf,EEG P10,7355.5,122.59166666666667,530.0
data\raw\siena\PN06\PN06-3.edf,EEG P10,7356.0,122.6,545.25
data\raw\siena\PN06\PN06-3.edf,EEG P10,7356.5,122.60833333333333,531.875
data\raw\siena\PN06\PN06-3.edf,EEG P10,7357.0,122.61666666666666,550.375
data\raw\siena\PN06\PN06-3.edf,EEG P10,7357.5,122.625,534.125
data\raw\siena\PN06\PN06-3.edf,EEG P10,7358.0,122.63333333333334,553.875
data\raw\siena\PN06\PN06-3.edf,EEG P10,7358.5,122.64166666666667,539.625
data\raw\siena\PN06\PN06-3.edf,EEG P10,7359.0,122.65,518.875
data\raw\siena\PN06\PN06-3.edf,EEG P10,7359.5,122.65833333333333,516.0
data\raw\siena\PN06\PN06-3.edf,EEG P10,7360.0,122.66666666666667,538.0
data\raw\siena\PN06\PN06-3.edf,EEG P10,7360.5,122.675,549.625
data\raw\siena\PN06\PN06-3.edf,EEG P10,7361.0,122.68333333333334,600.5
data\raw\siena\PN06\PN06-3.edf,EEG P10,7361.5,122.69166666666666,616.25
data\raw\siena\PN06\PN06-3.edf,EEG P10,7362.0,122.7,616.25
data\raw\siena\PN06\PN06-3.edf,EEG P10,7362.5,122.70833333333333,606.5
data\raw\siena\PN06\PN06-3.edf,EEG P10,7363.0,122.71666666666667,536.25
data\raw\siena\PN06\PN06-3.edf,EEG P10,7363.5,122.725,534.875
data\raw\siena\PN06\PN06-3.edf,EEG P10,7364.0,122.73333333333333,543.375
data\raw\siena\PN06\PN06-3.edf,EEG P10,7364.5,122.74166666666666,531.125
data\raw\siena\PN06\PN06-3.edf,EEG P10,7365.0,122.75,535.125
data\raw\siena\PN06\PN06-3.edf,EEG P10,7365.5,122.75833333333334,548.125
data\raw\siena\PN06\PN06-3.edf,EEG P10,7366.0,122.76666666666667,539.625
data\raw\siena\PN06\PN06-3.edf,EEG P10,7366.5,122.775,528.25
data\raw\siena\PN06\PN06-3.edf,EEG P10,7367.0,122.78333333333333,544.375
data\raw\siena\PN06\PN06-3.edf,EEG P10,7367.5,122.79166666666667,551.25
data\raw\siena\PN06\PN06-3.edf,EEG P10,7368.0,122.8,548.5
data\raw\siena\PN06\PN06-3.edf,EEG P10,7368.5,122.80833333333334,535.125
data\raw\siena\PN06\PN06-3.edf,EEG P10,7369.0,122.81666666666666,537.125
data\raw\siena\PN06\PN06-3.edf,EEG P10,7369.5,122.825,541.5
data\raw\siena\PN06\PN06-3.edf,EEG P10,7370.0,122.83333333333333,538.375
data\raw\siena\PN06\PN06-3.edf,EEG P10,7370.5,122.84166666666667,539.8749999999999
data\raw\siena\PN06\PN06-3.edf,EEG P10,7371.0,122.85,547.25
data\raw\siena\PN06\PN06-3.edf,EEG P10,7371.5,122.85833333333333,556.375
data\raw\siena\PN06\PN06-3.edf,EEG P10,7372.0,122.86666666666666,546.625
data\raw\siena\PN06\PN06-3.edf,EEG P10,7372.5,122.875,546.875
data\raw\siena\PN06\PN06-3.edf,EEG P10,7373.0,122.88333333333334,546.875
data\raw\siena\PN06\PN06-3.edf,EEG P10,7373.5,122.89166666666667,535.875
data\raw\siena\PN06\PN06-3.edf,EEG P10,7374.0,122.9,535.875
data\raw\siena\PN06\PN06-3.edf,EEG P10,7374.5,122.90833333333333,530.5
data\raw\siena\PN06\PN06-3.edf,EEG P10,7375.0,122.91666666666667,556.5
data\raw\siena\PN06\PN06-3.edf,EEG P10,7375.5,122.925,556.5
data\raw\siena\PN06\PN06-3.edf,EEG P10,7376.0,122.93333333333334,547.0
data\raw\siena\PN06\PN06-3.edf,EEG P10,7376.5,122.94166666666666,549.625
data\raw\siena\PN06\PN06-3.edf,EEG P10,7377.0,122.95,556.625
data\raw\siena\PN06\PN06-3.edf,EEG P10,7377.5,122.95833333333333,550.5
data\raw\siena\PN06\PN06-3.edf,EEG P10,7378.0,122.96666666666667,544.375
data\raw\siena\PN06\PN06-3.edf,EEG P10,7378.5,122.975,544.375
data\raw\siena\PN06\PN06-3.edf,EEG P10,7379.0,122.98333333333333,547.9999999999999
data\raw\siena\PN06\PN06-3.edf,EEG P10,7379.5,122.99166666666666,570.125
data\raw\siena\PN06\PN06-3.edf,EEG P10,7380.0,123.0,570.125
data\raw\siena\PN06\PN06-3.edf,EEG P10,7380.5,123.00833333333334,539.375
data\raw\siena\PN06\PN06-3.edf,EEG P10,7381.0,123.01666666666667,550.375
data\raw\siena\PN06\PN06-3.edf,EEG P10,7381.5,123.025,557.5
data\raw\siena\PN06\PN06-3.edf,EEG P10,7382.0,123.03333333333333,558.25
data\raw\siena\PN06\PN06-3.edf,EEG P10,7382.5,123.04166666666667,583.875
data\raw\siena\PN06\PN06-3.edf,EEG P10,7383.0,123.05,592.25
data\raw\siena\PN06\PN06-3.edf,EEG P10,7383.5,123.05833333333334,576.5
data\raw\siena\PN06\PN06-3.edf,EEG P10,7384.0,123.06666666666666,569.875
data\raw\siena\PN06\PN06-3.edf,EEG P10,7384.5,123.075,592.125
data\raw\siena\PN06\PN06-3.edf,EEG P10,7385.0,123.08333333333333,575.5
data\raw\siena\PN06\PN06-3.edf,EEG P10,7385.5,123.09166666666667,547.625
data\raw\siena\PN06\PN06-3.edf,EEG P10,7386.0,123.1,522.75
data\raw\siena\PN06\PN06-3.edf,EEG P10,7386.5,123.10833333333333,517.75
data\raw\siena\PN06\PN06-3.edf,EEG P10,7387.0,123.11666666666666,520.875
data\raw\siena\PN06\PN06-3.edf,EEG P10,7387.5,123.125,525.25
data\raw\siena\PN06\PN06-3.edf,EEG P10,7388.0,123.13333333333334,525.25
data\raw\siena\PN06\PN06-3.edf,EEG P10,7388.5,123.14166666666667,521.625
data\raw\siena\PN06\PN06-3.edf,EEG P10,7389.0,123.15,538.125
data\raw\siena\PN06\PN06-3.edf,EEG P10,7389.5,123.15833333333333,526.8749999999999
data\raw\siena\PN06\PN06-3.edf,EEG P10,7390.0,123.16666666666667,522.25
data\raw\siena\PN06\PN06-3.edf,EEG P10,7390.5,123.175,523.625
data\raw\siena\PN06\PN06-3.edf,EEG P10,7391.0,123.18333333333334,528.125
data\raw\siena\PN06\PN06-3.edf,EEG P10,7391.5,123.19166666666666,548.125
data\raw\siena\PN06\PN06-3.edf,EEG P10,7392.0,123.2,550.625
data\raw\siena\PN06\PN06-3.edf,EEG P10,7392.5,123.20833333333333,548.625
data\raw\siena\PN06\PN06-3.edf,EEG P10,7393.0,123.21666666666667,548.625
data\raw\siena\PN06\PN06-3.edf,EEG P10,7393.5,123.225,558.125
data\raw\siena\PN06\PN06-3.edf,EEG P10,7394.0,123.23333333333333,558.125
data\raw\siena\PN06\PN06-3.edf,EEG P10,7394.5,123.24166666666666,563.625
data\raw\siena\PN06\PN06-3.edf,EEG P10,7395.0,123.25,556.625
data\raw\siena\PN06\PN06-3.edf,EEG P10,7395.5,123.25833333333334,561.25
data\raw\siena\PN06\PN06-3.edf,EEG P10,7396.0,123.26666666666667,550.625
data\raw\siena\PN06\PN06-3.edf,EEG P10,7396.5,123.275,565.375
data\raw\siena\PN06\PN06-3.edf,EEG P10,7397.0,123.28333333333333,570.375
data\raw\siena\PN06\PN06-3.edf,EEG P10,7397.5,123.29166666666667,569.5
data\raw\siena\PN06\PN06-3.edf,EEG P10,7398.0,123.3,578.75
data\raw\siena\PN06\PN06-3.edf,EEG P10,7398.5,123.30833333333334,556.5
data\raw\siena\PN06\PN06-3.edf,EEG P10,7399.0,123.31666666666666,554.5
data\raw\siena\PN06\PN06-3.edf,EEG P10,7399.5,123.325,564.75
data\raw\siena\PN06\PN06-3.edf,EEG P10,7400.0,123.33333333333333,561.1249999999999
data\raw\siena\PN06\PN06-3.edf,EEG P10,7400.5,123.34166666666667,566.75
data\raw\siena\PN06\PN06-3.edf,EEG P10,7401.0,123.35,563.625
data\raw\siena\PN06\PN06-3.edf,EEG P10,7401.5,123.35833333333333,574.625
data\raw\siena\PN06\PN06-3.edf,EEG P10,7402.0,123.36666666666666,550.25
data\raw\siena\PN06\PN06-3.edf,EEG P10,7402.5,123.375,549.0
data\raw\siena\PN06\PN06-3.edf,EEG P10,7403.0,123.38333333333334,528.8749999999999
data\raw\siena\PN06\PN06-3.edf,EEG P10,7403.5,123.39166666666667,566.625
data\raw\siena\PN06\PN06-3.edf,EEG P10,7404.0,123.4,593.375
data\raw\siena\PN06\PN06-3.edf,EEG P10,7404.5,123.40833333333333,600.75
data\raw\siena\PN06\PN06-3.edf,EEG P10,7405.0,123.41666666666667,614.75
data\raw\siena\PN06\PN06-3.edf,EEG P10,7405.5,123.425,626.75
data\raw\siena\PN06\PN06-3.edf,EEG P10,7406.0,123.43333333333334,630.75
data\raw\siena\PN06\PN06-3.edf,EEG P10,7406.5,123.44166666666666,635.625
data\raw\siena\PN06\PN06-3.edf,EEG P10,7407.0,123.45,639.8749999999999
data\raw\siena\PN06\PN06-3.edf,EEG P10,7407.5,123.45833333333333,658.875
data\raw\siena\PN06\PN06-3.edf,EEG P10,7408.0,123.46666666666667,658.875
data\raw\siena\PN06\PN06-3.edf,EEG P10,7408.5,123.475,648.0
data\raw\siena\PN06\PN06-3.edf,EEG P10,7409.0,123.48333333333333,664.25
data\raw\siena\PN06\PN06-3.edf,EEG P10,7409.5,123.49166666666666,668.75
data\raw\siena\PN06\PN06-3.edf,EEG P10,7410.0,123.5,672.625
data\raw\siena\PN06\PN06-3.edf,EEG P10,7410.5,123.50833333333334,672.625
data\raw\siena\PN06\PN06-3.edf,EEG P10,7411.0,123.51666666666667,671.7499999999999
data\raw\siena\PN06\PN06-3.edf,EEG P10,7411.5,123.525,671.7499999999999
data\raw\siena\PN06\PN06-3.edf,EEG P10,7412.0,123.53333333333333,660.3749999999999
data\raw\siena\PN06\PN06-3.edf,EEG P10,7412.5,123.54166666666667,668.0
data\raw\siena\PN06\PN06-3.edf,EEG P10,7413.0,123.55,671.375
data\raw\siena\PN06\PN06-3.edf,EEG P10,7413.5,123.55833333333334,672.0
data\raw\siena\PN06\PN06-3.edf,EEG P10,7414.0,123.56666666666666,671.125
data\raw\siena\PN06\PN06-3.edf,EEG P10,7414.5,123.575,674.25
data\raw\siena\PN06\PN06-3.edf,EEG P10,7415.0,123.58333333333333,674.25
data\raw\siena\PN06\PN06-3.edf,EEG P10,7415.5,123.59166666666667,666.625
data\raw\siena\PN06\PN06-3.edf,EEG P10,7416.0,123.6,672.625
data\raw\siena\PN06\PN06-3.edf,EEG P10,7416.5,123.60833333333333,671.125
data\raw\siena\PN06\PN06-3.edf,EEG P10,7417.0,123.61666666666666,680.875
data\raw\siena\PN06\PN06-3.edf,EEG P10,7417.5,123.625,680.875
data\raw\siena\PN06\PN06-3.edf,EEG P10,7418.0,123.63333333333334,678.375
data\raw\siena\PN06\PN06-3.edf,EEG P10,7418.5,123.64166666666667,679.25
data\raw\siena\PN06\PN06-3.edf,EEG P10,7419.0,123.65,678.5
data\raw\siena\PN06\PN06-3.edf,EEG P10,7419.5,123.65833333333333,666.0
data\raw\siena\PN06\PN06-3.edf,EEG P10,7420.0,123.66666666666667,643.6249999999999
data\raw\siena\PN06\PN06-3.edf,EEG P10,7420.5,123.675,520.125
data\raw\siena\PN06\PN06-3.edf,EEG P10,7421.0,123.68333333333334,527.875
data\raw\siena\PN06\PN06-3.edf,EEG P10,7421.5,123.69166666666666,537.0
data\raw\siena\PN06\PN06-3.edf,EEG P10,7422.0,123.7,534.625
data\raw\siena\PN06\PN06-3.edf,EEG P10,7422.5,123.70833333333333,520.875
data\raw\siena\PN06\PN06-3.edf,EEG P10,7423.0,123.71666666666667,536.0
data\raw\siena\PN06\PN06-3.edf,EEG P10,7423.5,123.725,528.125
data\raw\siena\PN06\PN06-3.edf,EEG P10,7424.0,123.73333333333333,531.625
data\raw\siena\PN06\PN06-3.edf,EEG P10,7424.5,123.74166666666666,510.25
data\raw\siena\PN06\PN06-3.edf,EEG P10,7425.0,123.75,517.8749999999999
data\raw\siena\PN06\PN06-3.edf,EEG P10,7425.5,123.75833333333334,526.25
data\raw\siena\PN06\PN06-3.edf,EEG P10,7426.0,123.76666666666667,529.375
data\raw\siena\PN06\PN06-3.edf,EEG P10,7426.5,123.775,530.25
data\raw\siena\PN06\PN06-3.edf,EEG P10,7427.0,123.78333333333333,528.5
data\raw\siena\PN06\PN06-3.edf,EEG P10,7427.5,123.79166666666667,528.5
data\raw\siena\PN06\PN06-3.edf,EEG P10,7428.0,123.8,537.25
data\raw\siena\PN06\PN06-3.edf,EEG P10,7428.5,123.80833333333334,542.625
data\raw\siena\PN06\PN06-3.edf,EEG P10,7429.0,123.81666666666666,522.0
data\raw\siena\PN06\PN06-3.edf,EEG P10,7429.5,123.825,519.75
data\raw\siena\PN06\PN06-3.edf,EEG P10,7430.0,123.83333333333333,524.3749999999999
data\raw\siena\PN06\PN06-3.edf,EEG P10,7430.5,123.84166666666667,523.625
data\raw\siena\PN06\PN06-3.edf,EEG P10,7431.0,123.85,517.875
data\raw\siena\PN06\PN06-3.edf,EEG P10,7431.5,123.85833333333333,536.5
data\raw\siena\PN06\PN06-3.edf,EEG P10,7432.0,123.86666666666666,524.375
data\raw\siena\PN06\PN06-3.edf,EEG P10,7432.5,123.875,526.125
data\raw\siena\PN06\PN06-3.edf,EEG P10,7433.0,123.88333333333334,521.5
data\raw\siena\PN06\PN06-3.edf,EEG P10,7433.5,123.89166666666667,523.25
data\raw\siena\PN06\PN06-3.edf,EEG P10,7434.0,123.9,523.25
data\raw\siena\PN06\PN06-3.edf,EEG P10,7434.5,123.90833333333333,531.3749999999999
data\raw\siena\PN06\PN06-3.edf,EEG P10,7435.0,123.91666666666667,546.125
data\raw\siena\PN06\PN06-3.edf,EEG P10,7435.5,123.925,530.25
data\raw\siena\PN06\PN06-3.edf,EEG P10,7436.0,123.93333333333334,527.25
data\raw\siena\PN06\PN06-3.edf,EEG P10,7436.5,123.94166666666666,529.625
data\raw\siena\PN06\PN06-3.edf,EEG P10,7437.0,123.95,534.875
data\raw\siena\PN06\PN06-3.edf,EEG P10,7437.5,123.95833333333333,562.25
data\raw\siena\PN06\PN06-3.edf,EEG P10,7438.0,123.96666666666667,562.25
data\raw\siena\PN06\PN06-3.edf,EEG P10,7438.5,123.975,544.25
data\raw\siena\PN06\PN06-3.edf,EEG P10,7439.0,123.98333333333333,594.5
data\raw\siena\PN06\PN06-3.edf,EEG P10,7439.5,123.99166666666666,608.25
data\raw\siena\PN06\PN06-3.edf,EEG P10,7440.0,124.0,618.0
data\raw\siena\PN06\PN06-3.edf,EEG P10,7440.5,124.00833333333334,627.625
data\raw\siena\PN06\PN06-3.edf,EEG P10,7441.0,124.01666666666667,634.375
data\raw\siena\PN06\PN06-3.edf,EEG P10,7441.5,124.025,651.125
data\raw\siena\PN06\PN06-3.edf,EEG P10,7442.0,124.03333333333333,655.375
data\raw\siena\PN06\PN06-3.edf,EEG P10,7442.5,124.04166666666667,645.0
data\raw\siena\PN06\PN06-3.edf,EEG P10,7443.0,124.05,646.875
data\raw\siena\PN06\PN06-3.edf,EEG P10,7443.5,124.05833333333334,653.875
data\raw\siena\PN06\PN06-3.edf,EEG P10,7444.0,124.06666666666666,672.125
data\raw\siena\PN06\PN06-3.edf,EEG P10,7444.5,124.075,665.75
data\raw\siena\PN06\PN06-3.edf,EEG P10,7445.0,124.08333333333333,657.75
data\raw\siena\PN06\PN06-3.edf,EEG P10,7445.5,124.09166666666667,674.6249999999999
data\raw\siena\PN06\PN06-3.edf,EEG P10,7446.0,124.1,664.125
data\raw\siena\PN06\PN06-3.edf,EEG P10,7446.5,124.10833333333333,673.875
data\raw\siena\PN06\PN06-3.edf,EEG P10,7447.0,124.11666666666666,673.875
data\raw\siena\PN06\PN06-3.edf,EEG P10,7447.5,124.125,666.125
data\raw\siena\PN06\PN06-3.edf,EEG P10,7448.0,124.13333333333334,667.625
data\raw\siena\PN06\PN06-3.edf,EEG P10,7448.5,124.14166666666667,660.5
data\raw\siena\PN06\PN06-3.edf,EEG P10,7449.0,124.15,671.25
data\raw\siena\PN06\PN06-3.edf,EEG P10,7449.5,124.15833333333333,671.375
data\raw\siena\PN06\PN06-3.edf,EEG P10,7450.0,124.16666666666667,676.25
data\raw\siena\PN06\PN06-3.edf,EEG P10,7450.5,124.175,683.5
data\raw\siena\PN06\PN06-3.edf,EEG P10,7451.0,124.18333333333334,688.4999999999999
data\raw\siena\PN06\PN06-3.edf,EEG P10,7451.5,124.19166666666666,679.8749999999999
data\raw\siena\PN06\PN06-3.edf,EEG P10,7452.0,124.2,687.25
data\raw\siena\PN06\PN06-3.edf,EEG P10,7452.5,124.20833333333333,683.125
data\raw\siena\PN06\PN06-3.edf,EEG P10,7453.0,124.21666666666667,669.125
data\raw\siena\PN06\PN06-3.edf,EEG P10,7453.5,124.225,668.125
data\raw\siena\PN06\PN06-3.edf,EEG P10,7454.0,124.23333333333333,665.6249999999999
data\raw\siena\PN06\PN06-3.edf,EEG P10,7454.5,124.24166666666666,678.25
data\raw\siena\PN06\PN06-3.edf,EEG P10,7455.0,124.25,687.875
data\raw\siena\PN06\PN06-3.edf,EEG P10,7455.5,124.25833333333334,677.875
data\raw\siena\PN06\PN06-3.edf,EEG P10,7456.0,124.26666666666667,686.375
data\raw\siena\PN06\PN06-3.edf,EEG P10,7456.5,124.275,684.75
data\raw\siena\PN06\PN06-3.edf,EEG P10,7457.0,124.28333333333333,673.5
data\raw\siena\PN06\PN06-3.edf,EEG P10,7457.5,124.29166666666667,688.25
data\raw\siena\PN06\PN06-3.edf,EEG P10,7458.0,124.3,701.5
data\raw\siena\PN06\PN06-3.edf,EEG P10,7458.5,124.30833333333334,693.0
data\raw\siena\PN06\PN06-3.edf,EEG P10,7459.0,124.31666666666666,679.75
data\raw\siena\PN06\PN06-3.edf,EEG P10,7459.5,124.325,680.0
data\raw\siena\PN06\PN06-3.edf,EEG P10,7460.0,124.33333333333333,681.4999999999999
data\raw\siena\PN06\PN06-3.edf,EEG P10,7460.5,124.34166666666667,682.5
data\raw\siena\PN06\PN06-3.edf,EEG P10,7461.0,124.35,685.375
data\raw\siena\PN06\PN06-3.edf,EEG P10,7461.5,124.35833333333333,678.25
data\raw\siena\PN06\PN06-3.edf,EEG P10,7462.0,124.36666666666666,693.375
data\raw\siena\PN06\PN06-3.edf,EEG P10,7462.5,124.375,685.75
data\raw\siena\PN06\PN06-3.edf,EEG P10,7463.0,124.38333333333334,684.25
data\raw\siena\PN06\PN06-3.edf,EEG P10,7463.5,124.39166666666667,690.625
data\raw\siena\PN06\PN06-3.edf,EEG P10,7464.0,124.4,690.625
data\raw\siena\PN06\PN06-3.edf,EEG P10,7464.5,124.40833333333333,679.125
data\raw\siena\PN06\PN06-3.edf,EEG P10,7465.0,124.41666666666667,688.375
data\raw\siena\PN06\PN06-3.edf,EEG P10,7465.5,124.425,687.75
data\raw\siena\PN06\PN06-3.edf,EEG P10,7466.0,124.43333333333334,690.1249999999999
data\raw\siena\PN06\PN06-3.edf,EEG P10,7466.5,124.44166666666666,696.5
data\raw\siena\PN06\PN06-3.edf,EEG P10,7467.0,124.45,696.5
data\raw\siena\PN06\PN06-3.edf,EEG P10,7467.5,124.45833333333333,681.375
data\raw\siena\PN06\PN06-3.edf,EEG P10,7468.0,124.46666666666667,675.5
data\raw\siena\PN06\PN06-3.edf,EEG P10,7468.5,124.475,684.875
data\raw\siena\PN06\PN06-3.edf,EEG P10,7469.0,124.48333333333333,686.625
data\raw\siena\PN06\PN06-3.edf,EEG P10,7469.5,124.49166666666666,678.6249999999999
data\raw\siena\PN06\PN06-3.edf,EEG P10,7470.0,124.5,666.75
data\raw\siena\PN06\PN06-3.edf,EEG P10,7470.5,124.50833333333334,604.875
data\raw\siena\PN06\PN06-3.edf,EEG P10,7471.0,124.51666666666667,554.0
data\raw\siena\PN06\PN06-3.edf,EEG P10,7471.5,124.525,564.625
data\raw\siena\PN06\PN06-3.edf,EEG P10,7472.0,124.53333333333333,576.0
data\raw\siena\PN06\PN06-3.edf,EEG P10,7472.5,124.54166666666667,579.375
data\raw\siena\PN06\PN06-3.edf,EEG P10,7473.0,124.55,577.875
data\raw\siena\PN06\PN06-3.edf,EEG P10,7473.5,124.55833333333334,587.0
data\raw\siena\PN06\PN06-3.edf,EEG P10,7474.0,124.56666666666666,590.625
data\raw\siena\PN06\PN06-3.edf,EEG P10,7474.5,124.575,576.875
data\raw\siena\PN06\PN06-3.edf,EEG P10,7475.0,124.58333333333333,576.875
data\raw\siena\PN06\PN06-3.edf,EEG P10,7475.5,124.59166666666667,580.375
data\raw\siena\PN06\PN06-3.edf,EEG P10,7476.0,124.6,585.125
data\raw\siena\PN06\PN06-3.edf,EEG P10,7476.5,124.60833333333333,583.625
data\raw\siena\PN06\PN06-3.edf,EEG P10,7477.0,124.61666666666666,571.0
data\raw\siena\PN06\PN06-3.edf,EEG P10,7477.5,124.625,579.625
data\raw\siena\PN06\PN06-3.edf,EEG P10,7478.0,124.63333333333334,582.375
data\raw\siena\PN06\PN06-3.edf,EEG P10,7478.5,124.64166666666667,576.625
data\raw\siena\PN06\PN06-3.edf,EEG P10,7479.0,124.65,587.625
data\raw\siena\PN06\PN06-3.edf,EEG P10,7479.5,124.65833333333333,601.0
data\raw\siena\PN06\PN06-3.edf,EEG P10,7480.0,124.66666666666667,591.125
data\raw\siena\PN06\PN06-3.edf,EEG P10,7480.5,124.675,592.5
data\raw\siena\PN06\PN06-3.edf,EEG P10,7481.0,124.68333333333334,608.75
data\raw\siena\PN06\PN06-3.edf,EEG P10,7481.5,124.69166666666666,597.0
data\raw\siena\PN06\PN06-3.edf,EEG P10,7482.0,124.7,628.875
data\raw\siena\PN06\PN06-3.edf,EEG P10,7482.5,124.70833333333333,591.125
data\raw\siena\PN06\PN06-3.edf,EEG P10,7483.0,124.71666666666667,587.375
data\raw\siena\PN06\PN06-3.edf,EEG P10,7483.5,124.725,595.625
data\raw\siena\PN06\PN06-3.edf,EEG P10,7484.0,124.73333333333333,549.75
data\raw\siena\PN06\PN06-3.edf,EEG P10,7484.5,124.74166666666666,547.8749999999999
data\raw\siena\PN06\PN06-3.edf,EEG P10,7485.0,124.75,562.25
data\raw\siena\PN06\PN06-3.edf,EEG P10,7485.5,124.75833333333334,554.125
data\raw\siena\PN06\PN06-3.edf,EEG P10,7486.0,124.76666666666667,536.0
data\raw\siena\PN06\PN06-3.edf,EEG P10,7486.5,124.775,554.125
data\raw\siena\PN06\PN06-3.edf,EEG P10,7487.0,124.78333333333333,545.0
data\raw\siena\PN06\PN06-3.edf,EEG P10,7487.5,124.79166666666667,549.375
data\raw\siena\PN06\PN06-3.edf,EEG P10,7488.0,124.8,551.75
data\raw\siena\PN06\PN06-3.edf,EEG P10,7488.5,124.80833333333334,544.625
data\raw\siena\PN06\PN06-3.edf,EEG P10,7489.0,124.81666666666666,533.0
data\raw\siena\PN06\PN06-3.edf,EEG P10,7489.5,124.825,543.75
data\raw\siena\PN06\PN06-3.edf,EEG P10,7490.0,124.83333333333333,534.0
data\raw\siena\PN06\PN06-3.edf,EEG P10,7490.5,124.84166666666667,561.8749999999999
data\raw\siena\PN06\PN06-3.edf,EEG P10,7491.0,124.85,562.375
data\raw\siena\PN06\PN06-3.edf,EEG P10,7491.5,124.85833333333333,548.125
data\raw\siena\PN06\PN06-3.edf,EEG P10,7492.0,124.86666666666666,540.0
data\raw\siena\PN06\PN06-3.edf,EEG P10,7492.5,124.875,559.25
data\raw\siena\PN06\PN06-3.edf,EEG P10,7493.0,124.88333333333334,540.75
data\raw\siena\PN06\PN06-3.edf,EEG P10,7493.5,124.89166666666667,537.0
data\raw\siena\PN06\PN06-3.edf,EEG P10,7494.0,124.9,537.625
data\raw\siena\PN06\PN06-3.edf,EEG P10,7494.5,124.90833333333333,559.25
data\raw\siena\PN06\PN06-3.edf,EEG P10,7495.0,124.91666666666667,558.5
data\raw\siena\PN06\PN06-3.edf,EEG P10,7495.5,124.925,558.5
data\raw\siena\PN06\PN06-3.edf,EEG P10,7496.0,124.93333333333334,554.875
data\raw\siena\PN06\PN06-3.edf,EEG P10,7496.5,124.94166666666666,554.125
data\raw\siena\PN06\PN06-3.edf,EEG P10,7497.0,124.95,541.375
data\raw\siena\PN06\PN06-3.edf,EEG P10,7497.5,124.95833333333333,554.4999999999999
data\raw\siena\PN06\PN06-3.edf,EEG P10,7498.0,124.96666666666667,584.7499999999999
data\raw\siena\PN06\PN06-3.edf,EEG P10,7498.5,124.975,552.1249999999999
data\raw\siena\PN06\PN06-3.edf,EEG P10,7499.0,124.98333333333333,556.9999999999999
data\raw\siena\PN06\PN06-3.edf,EEG P10,7499.5,124.99166666666666,539.125
data\raw\siena\PN06\PN06-3.edf,EEG P10,7500.0,125.0,536.875
data\raw\siena\PN06\PN06-3.edf,EEG P10,7500.5,125.00833333333334,554.25
data\raw\siena\PN06\PN06-3.edf,EEG P10,7501.0,125.01666666666667,552.625
data\raw\siena\PN06\PN06-3.edf,EEG P10,7501.5,125.025,547.75
data\raw\siena\PN06\PN06-3.edf,EEG P10,7502.0,125.03333333333333,547.625
data\raw\siena\PN06\PN06-3.edf,EEG P10,7502.5,125.04166666666667,547.625
data\raw\siena\PN06\PN06-3.edf,EEG P10,7503.0,125.05,555.5
data\raw\siena\PN06\PN06-3.edf,EEG P10,7503.5,125.05833333333334,549.25
data\raw\siena\PN06\PN06-3.edf,EEG P10,7504.0,125.06666666666666,549.375
data\raw\siena\PN06\PN06-3.edf,EEG P10,7504.5,125.075,551.375
data\raw\siena\PN06\PN06-3.edf,EEG P10,7505.0,125.08333333333333,539.375
data\raw\siena\PN06\PN06-3.edf,EEG P10,7505.5,125.09166666666667,533.5
data\raw\siena\PN06\PN06-3.edf,EEG P10,7506.0,125.1,536.125
data\raw\siena\PN06\PN06-3.edf,EEG P10,7506.5,125.10833333333333,542.2499999999999
data\raw\siena\PN06\PN06-3.edf,EEG P10,7507.0,125.11666666666666,553.0
data\raw\siena\PN06\PN06-3.edf,EEG P10,7507.5,125.125,548.75
data\raw\siena\PN06\PN06-3.edf,EEG P10,7508.0,125.13333333333334,554.125
data\raw\siena\PN06\PN06-3.edf,EEG P10,7508.5,125.14166666666667,542.75
data\raw\siena\PN06\PN06-3.edf,EEG P10,7509.0,125.15,545.875
data\raw\siena\PN06\PN06-3.edf,EEG P10,7509.5,125.15833333333333,583.5
data\raw\siena\PN06\PN06-3.edf,EEG P10,7510.0,125.16666666666667,583.5
data\raw\siena\PN06\PN06-3.edf,EEG P10,7510.5,125.175,568.125
data\raw\siena\PN06\PN06-3.edf,EEG P10,7511.0,125.18333333333334,569.0
data\raw\siena\PN06\PN06-3.edf,EEG P10,7511.5,125.19166666666666,568.875
data\raw\siena\PN06\PN06-3.edf,EEG P10,7512.0,125.2,562.375
data\raw\siena\PN06\PN06-3.edf,EEG P10,7512.5,125.20833333333333,571.25
data\raw\siena\PN06\PN06-3.edf,EEG P10,7513.0,125.21666666666667,570.75
data\raw\siena\PN06\PN06-3.edf,EEG P10,7513.5,125.225,564.125
data\raw\siena\PN06\PN06-3.edf,EEG P10,7514.0,125.23333333333333,563.875
data\raw\siena\PN06\PN06-3.edf,EEG P10,7514.5,125.24166666666666,568.5
data\raw\siena\PN06\PN06-3.edf,EEG P10,7515.0,125.25,568.5
data\raw\siena\PN06\PN06-3.edf,EEG P10,7515.5,125.25833333333334,580.25
data\raw\siena\PN06\PN06-3.edf,EEG P10,7516.0,125.26666666666667,582.5
data\raw\siena\PN06\PN06-3.edf,EEG P10,7516.5,125.275,609.875
data\raw\siena\PN06\PN06-3.edf,EEG P10,7517.0,125.28333333333333,613.125
data\raw\siena\PN06\PN06-3.edf,EEG P10,7517.5,125.29166666666667,592.75
data\raw\siena\PN06\PN06-3.edf,EEG P10,7518.0,125.3,569.875
data\raw\siena\PN06\PN06-3.edf,EEG P10,7518.5,125.30833333333334,561.4999999999999
data\raw\siena\PN06\PN06-3.edf,EEG P10,7519.0,125.31666666666666,560.75
data\raw\siena\PN06\PN06-3.edf,EEG P10,7519.5,125.325,567.625
data\raw\siena\PN06\PN06-3.edf,EEG P10,7520.0,125.33333333333333,579.0
data\raw\siena\PN06\PN06-3.edf,EEG P10,7520.5,125.34166666666667,586.375
data\raw\siena\PN06\PN06-3.edf,EEG P10,7521.0,125.35,563.5
data\raw\siena\PN06\PN06-3.edf,EEG P10,7521.5,125.35833333333333,565.125
data\raw\siena\PN06\PN06-3.edf,EEG P10,7522.0,125.36666666666666,566.125
data\raw\siena\PN06\PN06-3.edf,EEG P10,7522.5,125.375,566.125
data\raw\siena\PN06\PN06-3.edf,EEG P10,7523.0,125.38333333333334,560.625
data\raw\siena\PN06\PN06-3.edf,EEG P10,7523.5,125.39166666666667,560.0
data\raw\siena\PN06\PN06-3.edf,EEG P10,7524.0,125.4,563.875
data\raw\siena\PN06\PN06-3.edf,EEG P10,7524.5,125.40833333333333,560.625
data\raw\siena\PN06\PN06-3.edf,EEG P10,7525.0,125.41666666666667,572.375
data\raw\siena\PN06\PN06-3.edf,EEG P10,7525.5,125.425,575.125
data\raw\siena\PN06\PN06-3.edf,EEG P10,7526.0,125.43333333333334,571.875
data\raw\siena\PN06\PN06-3.edf,EEG P10,7526.5,125.44166666666666,562.875
data\raw\siena\PN06\PN06-3.edf,EEG P10,7527.0,125.45,563.25
data\raw\siena\PN06\PN06-3.edf,EEG P10,7527.5,125.45833333333333,574.875
data\raw\siena\PN06\PN06-3.edf,EEG P10,7528.0,125.46666666666667,575.0
data\raw\siena\PN06\PN06-3.edf,EEG P10,7528.5,125.475,571.75
data\raw\siena\PN06\PN06-3.edf,EEG P10,7529.0,125.48333333333333,579.625
data\raw\siena\PN06\PN06-3.edf,EEG P10,7529.5,125.49166666666666,579.875
data\raw\siena\PN06\PN06-3.edf,EEG P10,7530.0,125.5,563.75
data\raw\siena\PN06\PN06-3.edf,EEG P10,7530.5,125.50833333333334,569.625
data\raw\siena\PN06\PN06-3.edf,EEG P10,7531.0,125.51666666666667,584.0
data\raw\siena\PN06\PN06-3.edf,EEG P10,7531.5,125.525,571.875
data\raw\siena\PN06\PN06-3.edf,EEG P10,7532.0,125.53333333333333,559.875
data\raw\siena\PN06\PN06-3.edf,EEG P10,7532.5,125.54166666666667,584.125
data\raw\siena\PN06\PN06-3.edf,EEG P10,7533.0,125.55,564.125
data\raw\siena\PN06\PN06-3.edf,EEG P10,7533.5,125.55833333333334,599.5
data\raw\siena\PN06\PN06-3.edf,EEG P10,7534.0,125.56666666666666,665.5
data\raw\siena\PN06\PN06-3.edf,EEG P10,7534.5,125.575,603.5
data\raw\siena\PN06\PN06-3.edf,EEG P10,7535.0,125.58333333333333,651.5
data\raw\siena\PN06\PN06-3.edf,EEG P10,7535.5,125.59166666666667,632.4999999999999
data\raw\siena\PN06\PN06-3.edf,EEG P10,7536.0,125.6,573.875
data\raw\siena\PN06\PN06-3.edf,EEG P10,7536.5,125.60833333333333,591.0
data\raw\siena\PN06\PN06-3.edf,EEG P10,7537.0,125.61666666666666,605.125
data\raw\siena\PN06\PN06-3.edf,EEG P10,7537.5,125.625,605.125
data\raw\siena\PN06\PN06-3.edf,EEG P10,7538.0,125.63333333333334,578.0
data\raw\siena\PN06\PN06-3.edf,EEG P10,7538.5,125.64166666666667,569.375
data\raw\siena\PN06\PN06-3.edf,EEG P10,7539.0,125.65,572.0
data\raw\siena\PN06\PN06-3.edf,EEG P10,7539.5,125.65833333333333,585.75
data\raw\siena\PN06\PN06-3.edf,EEG P10,7540.0,125.66666666666667,591.125
data\raw\siena\PN06\PN06-3.edf,EEG P10,7540.5,125.675,790.875
data\raw\siena\PN06\PN06-3.edf,EEG P10,7541.0,125.68333333333334,822.625
data\raw\siena\PN06\PN06-3.edf,EEG P10,7541.5,125.69166666666666,846.25
data\raw\siena\PN06\PN06-3.edf,EEG P10,7542.0,125.7,589.0
data\raw\siena\PN06\PN06-3.edf,EEG P10,7542.5,125.70833333333333,572.0
data\raw\siena\PN06\PN06-3.edf,EEG P10,7543.0,125.71666666666667,560.25
data\raw\siena\PN06\PN06-3.edf,EEG P10,7543.5,125.725,549.875
data\raw\siena\PN06\PN06-3.edf,EEG P10,7544.0,125.73333333333333,550.625
data\raw\siena\PN06\PN06-3.edf,EEG P10,7544.5,125.74166666666666,558.9999999999999
data\raw\siena\PN06\PN06-3.edf,EEG P10,7545.0,125.75,558.9999999999999
data\raw\siena\PN06\PN06-3.edf,EEG P10,7545.5,125.75833333333334,560.5
data\raw\siena\PN06\PN06-3.edf,EEG P10,7546.0,125.76666666666667,548.375
data\raw\siena\PN06\PN06-3.edf,EEG P10,7546.5,125.775,558.625
data\raw\siena\PN06\PN06-3.edf,EEG P10,7547.0,125.78333333333333,566.25
data\raw\siena\PN06\PN06-3.edf,EEG P10,7547.5,125.79166666666667,555.75
data\raw\siena\PN06\PN06-3.edf,EEG P10,7548.0,125.8,585.875
data\raw\siena\PN06\PN06-3.edf,EEG P10,7548.5,125.80833333333334,576.5
data\raw\siena\PN06\PN06-3.edf,EEG P10,7549.0,125.81666666666666,573.375
data\raw\siena\PN06\PN06-3.edf,EEG P10,7549.5,125.825,579.875
data\raw\siena\PN06\PN06-3.edf,EEG P10,7550.0,125.83333333333333,582.0
data\raw\siena\PN06\PN06-3.edf,EEG P10,7550.5,125.84166666666667,564.75
data\raw\siena\PN06\PN06-3.edf,EEG P10,7551.0,125.85,583.375
data\raw\siena\PN06\PN06-3.edf,EEG P10,7551.5,125.85833333333333,563.875
data\raw\siena\PN06\PN06-3.edf,EEG P10,7552.0,125.86666666666666,657.5
data\raw\siena\PN06\PN06-3.edf,EEG P10,7552.5,125.875,714.5
data\raw\siena\PN06\PN06-3.edf,EEG P10,7553.0,125.88333333333334,568.25
data\raw\siena\PN06\PN06-3.edf,EEG P10,7553.5,125.89166666666667,602.125
data\raw\siena\PN06\PN06-3.edf,EEG P10,7554.0,125.9,639.125
data\raw\siena\PN06\PN06-3.edf,EEG P10,7554.5,125.90833333333333,599.25
data\raw\siena\PN06\PN06-3.edf,EEG P10,7555.0,125.91666666666667,566.25
data\raw\siena\PN06\PN06-3.edf,EEG P10,7555.5,125.925,575.375
data\raw\siena\PN06\PN06-3.edf,EEG P10,7556.0,125.93333333333334,559.125
data\raw\siena\PN06\PN06-3.edf,EEG P10,7556.5,125.94166666666666,570.0
data\raw\siena\PN06\PN06-3.edf,EEG P10,7557.0,125.95,557.875
data\raw\siena\PN06\PN06-3.edf,EEG P10,7557.5,125.95833333333333,569.0
data\raw\siena\PN06\PN06-3.edf,EEG P10,7558.0,125.96666666666667,570.625
data\raw\siena\PN06\PN06-3.edf,EEG P10,7558.5,125.975,570.5
data\raw\siena\PN06\PN06-3.edf,EEG P10,7559.0,125.98333333333333,565.875
data\raw\siena\PN06\PN06-3.edf,EEG P10,7559.5,125.99166666666666,555.0
data\raw\siena\PN06\PN06-3.edf,EEG P10,7560.0,126.0,560.75
data\raw\siena\PN06\PN06-3.edf,EEG P10,7560.5,126.00833333333334,550.5
data\raw\siena\PN06\PN06-3.edf,EEG P10,7561.0,126.01666666666667,563.125
data\raw\siena\PN06\PN06-3.edf,EEG P10,7561.5,126.025,563.125
data\raw\siena\PN06\PN06-3.edf,EEG P10,7562.0,126.03333333333333,569.5
data\raw\siena\PN06\PN06-3.edf,EEG P10,7562.5,126.04166666666667,572.5
data\raw\siena\PN06\PN06-3.edf,EEG P10,7563.0,126.05,564.875
data\raw\siena\PN06\PN06-3.edf,EEG P10,7563.5,126.05833333333334,564.875
data\raw\siena\PN06\PN06-3.edf,EEG P10,7564.0,126.06666666666666,553.75
data\raw\siena\PN06\PN06-3.edf,EEG P10,7564.5,126.075,558.5
data\raw\siena\PN06\PN06-3.edf,EEG P10,7565.0,126.08333333333333,563.1249999999999
data\raw\siena\PN06\PN06-3.edf,EEG P10,7565.5,126.09166666666667,567.0
data\raw\siena\PN06\PN06-3.edf,EEG P10,7566.0,126.1,554.25
data\raw\siena\PN06\PN06-3.edf,EEG P10,7566.5,126.10833333333333,563.25
data\raw\siena\PN06\PN06-3.edf,EEG P10,7567.0,126.11666666666666,556.25
data\raw\siena\PN06\PN06-3.edf,EEG P10,7567.5,126.125,558.25
data\raw\siena\PN06\PN06-3.edf,EEG P10,7568.0,126.13333333333334,569.75
data\raw\siena\PN06\PN06-3.edf,EEG P10,7568.5,126.14166666666667,556.25
data\raw\siena\PN06\PN06-3.edf,EEG P10,7569.0,126.15,559.875
data\raw\siena\PN06\PN06-3.edf,EEG P10,7569.5,126.15833333333333,563.75
data\raw\siena\PN06\PN06-3.edf,EEG P10,7570.0,126.16666666666667,569.75
data\raw\siena\PN06\PN06-3.edf,EEG P10,7570.5,126.175,560.125
data\raw\siena\PN06\PN06-3.edf,EEG P10,7571.0,126.18333333333334,548.375
data\raw\siena\PN06\PN06-3.edf,EEG P10,7571.5,126.19166666666666,563.25
data\raw\siena\PN06\PN06-3.edf,EEG P10,7572.0,126.2,564.5
data\raw\siena\PN06\PN06-3.edf,EEG P10,7572.5,126.20833333333333,565.25
data\raw\siena\PN06\PN06-3.edf,EEG P10,7573.0,126.21666666666667,564.125
data\raw\siena\PN06\PN06-3.edf,EEG P10,7573.5,126.225,558.75
data\raw\siena\PN06\PN06-3.edf,EEG P10,7574.0,126.23333333333333,565.875
data\raw\siena\PN06\PN06-3.edf,EEG P10,7574.5,126.24166666666666,558.375
data\raw\siena\PN06\PN06-3.edf,EEG P10,7575.0,126.25,566.5
data\raw\siena\PN06\PN06-3.edf,EEG P10,7575.5,126.25833333333334,571.125
data\raw\siena\PN06\PN06-3.edf,EEG P10,7576.0,126.26666666666667,563.125
data\raw\siena\PN06\PN06-3.edf,EEG P10,7576.5,126.275,560.625
data\raw\siena\PN06\PN06-3.edf,EEG P10,7577.0,126.28333333333333,552.625
data\raw\siena\PN06\PN06-3.edf,EEG P10,7577.5,126.29166666666667,554.125
data\raw\siena\PN06\PN06-3.edf,EEG P10,7578.0,126.3,573.25
data\raw\siena\PN06\PN06-3.edf,EEG P10,7578.5,126.30833333333334,588.3749999999999
data\raw\siena\PN06\PN06-3.edf,EEG P10,7579.0,126.31666666666666,569.5
data\raw\siena\PN06\PN06-3.edf,EEG P10,7579.5,126.325,569.5
data\raw\siena\PN06\PN06-3.edf,EEG P10,7580.0,126.33333333333333,566.375
data\raw\siena\PN06\PN06-3.edf,EEG P10,7580.5,126.34166666666667,569.375
data\raw\siena\PN06\PN06-3.edf,EEG P10,7581.0,126.35,572.375
data\raw\siena\PN06\PN06-3.edf,EEG P10,7581.5,126.35833333333333,567.25
data\raw\siena\PN06\PN06-3.edf,EEG P10,7582.0,126.36666666666666,555.75
data\raw\siena\PN06\PN06-3.edf,EEG P10,7582.5,126.375,552.75
data\raw\siena\PN06\PN06-3.edf,EEG P10,7583.0,126.38333333333334,554.625
data\raw\siena\PN06\PN06-3.edf,EEG P10,7583.5,126.39166666666667,564.25
data\raw\siena\PN06\PN06-3.edf,EEG P10,7584.0,126.4,569.5
data\raw\siena\PN06\PN06-3.edf,EEG P10,7584.5,126.40833333333333,569.75
data\raw\siena\PN06\PN06-3.edf,EEG P10,7585.0,126.41666666666667,569.75
data\raw\siena\PN06\PN06-3.edf,EEG P10,7585.5,126.425,575.125
data\raw\siena\PN06\PN06-3.edf,EEG P10,7586.0,126.43333333333334,568.5
data\raw\siena\PN06\PN06-3.edf,EEG P10,7586.5,126.44166666666666,565.75
data\raw\siena\PN06\PN06-3.edf,EEG P10,7587.0,126.45,557.375
data\raw\siena\PN06\PN06-3.edf,EEG P10,7587.5,126.45833333333333,561.75
data\raw\siena\PN06\PN06-3.edf,EEG P10,7588.0,126.46666666666667,566.0
data\raw\siena\PN06\PN06-3.edf,EEG P10,7588.5,126.475,568.25
data\raw\siena\PN06\PN06-3.edf,EEG P10,7589.0,126.48333333333333,570.125
data\raw\siena\PN06\PN06-3.edf,EEG P10,7589.5,126.49166666666666,565.125
data\raw\siena\PN06\PN06-3.edf,EEG P10,7590.0,126.5,575.25
data\raw\siena\PN06\PN06-3.edf,EEG P10,7590.5,126.50833333333334,577.25
data\raw\siena\PN06\PN06-3.edf,EEG P10,7591.0,126.51666666666667,570.8749999999999
data\raw\siena\PN06\PN06-3.edf,EEG P10,7591.5,126.525,570.8749999999999
data\raw\siena\PN06\PN06-3.edf,EEG P10,7592.0,126.53333333333333,557.125
data\raw\siena\PN06\PN06-3.edf,EEG P10,7592.5,126.54166666666667,561.125
data\raw\siena\PN06\PN06-3.edf,EEG P10,7593.0,126.55,567.25
data\raw\siena\PN06\PN06-3.edf,EEG P10,7593.5,126.55833333333334,563.0
data\raw\siena\PN06\PN06-3.edf,EEG P10,7594.0,126.56666666666666,574.875
data\raw\siena\PN06\PN06-3.edf,EEG P10,7594.5,126.575,562.25
data\raw\siena\PN06\PN06-3.edf,EEG P10,7595.0,126.58333333333333,560.625
data\raw\siena\PN06\PN06-3.edf,EEG P10,7595.5,126.59166666666667,565.0
data\raw\siena\PN06\PN06-3.edf,EEG P10,7596.0,126.6,566.125
data\raw\siena\PN06\PN06-3.edf,EEG P10,7596.5,126.60833333333333,569.125
data\raw\siena\PN06\PN06-3.edf,EEG P10,7597.0,126.61666666666666,612.625
data\raw\siena\PN06\PN06-3.edf,EEG P10,7597.5,126.625,590.5
data\raw\siena\PN06\PN06-3.edf,EEG P10,7598.0,126.63333333333334,566.25
data\raw\siena\PN06\PN06-3.edf,EEG P10,7598.5,126.64166666666667,572.625
data\raw\siena\PN06\PN06-3.edf,EEG P10,7599.0,126.65,573.625
data\raw\siena\PN06\PN06-3.edf,EEG P10,7599.5,126.65833333333333,568.375
data\raw\siena\PN06\PN06-3.edf,EEG P10,7600.0,126.66666666666667,550.625
data\raw\siena\PN06\PN06-3.edf,EEG P10,7600.5,126.675,556.625
data\raw\siena\PN06\PN06-3.edf,EEG P10,7601.0,126.68333333333334,564.875
data\raw\siena\PN06\PN06-3.edf,EEG P10,7601.5,126.69166666666666,559.25
data\raw\siena\PN06\PN06-3.edf,EEG P10,7602.0,126.7,567.125
data\raw\siena\PN06\PN06-3.edf,EEG P10,7602.5,126.70833333333333,565.0
data\raw\siena\PN06\PN06-3.edf,EEG P10,7603.0,126.71666666666667,562.0
data\raw\siena\PN06\PN06-3.edf,EEG P10,7603.5,126.725,568.125
data\raw\siena\PN06\PN06-3.edf,EEG P10,7604.0,126.73333333333333,570.75
data\raw\siena\PN06\PN06-3.edf,EEG P10,7604.5,126.74166666666666,567.5
data\raw\siena\PN06\PN06-3.edf,EEG P10,7605.0,126.75,550.0
data\raw\siena\PN06\PN06-3.edf,EEG P10,7605.5,126.75833333333334,566.0
data\raw\siena\PN06\PN06-3.edf,EEG P10,7606.0,126.76666666666667,559.25
data\raw\siena\PN06\PN06-3.edf,EEG P10,7606.5,126.775,558.75
data\raw\siena\PN06\PN06-3.edf,EEG P10,7607.0,126.78333333333333,551.75
data\raw\siena\PN06\PN06-3.edf,EEG P10,7607.5,126.79166666666667,559.625
data\raw\siena\PN06\PN06-3.edf,EEG P10,7608.0,126.8,570.75
data\raw\siena\PN06\PN06-3.edf,EEG P10,7608.5,126.80833333333334,573.0
data\raw\siena\PN06\PN06-3.edf,EEG P10,7609.0,126.81666666666666,564.5
data\raw\siena\PN06\PN06-3.edf,EEG P10,7609.5,126.825,574.0
data\raw\siena\PN06\PN06-3.edf,EEG P10,7610.0,126.83333333333333,566.875
data\raw\siena\PN06\PN06-3.edf,EEG P10,7610.5,126.84166666666667,567.375
data\raw\siena\PN06\PN06-3.edf,EEG P10,7611.0,126.85,569.625
data\raw\siena\PN06\PN06-3.edf,EEG P10,7611.5,126.85833333333333,573.5
data\raw\siena\PN06\PN06-3.edf,EEG P10,7612.0,126.86666666666666,587.25
data\raw\siena\PN06\PN06-3.edf,EEG P10,7612.5,126.875,567.375
data\raw\siena\PN06\PN06-3.edf,EEG P10,7613.0,126.88333333333334,576.75
data\raw\siena\PN06\PN06-3.edf,EEG P10,7613.5,126.89166666666667,590.25
data\raw\siena\PN06\PN06-3.edf,EEG P10,7614.0,126.9,568.75
data\raw\siena\PN06\PN06-3.edf,EEG P10,7614.5,126.90833333333333,558.75
data\raw\siena\PN06\PN06-3.edf,EEG P10,7615.0,126.91666666666667,554.25
data\raw\siena\PN06\PN06-3.edf,EEG P10,7615.5,126.925,576.375
data\raw\siena\PN06\PN06-3.edf,EEG P10,7616.0,126.93333333333334,566.125
data\raw\siena\PN06\PN06-3.edf,EEG P10,7616.5,126.94166666666666,560.5
data\raw\siena\PN06\PN06-3.edf,EEG P10,7617.0,126.95,577.3749999999999
data\raw\siena\PN06\PN06-3.edf,EEG P10,7617.5,126.95833333333333,583.25
data\raw\siena\PN06\PN06-3.edf,EEG P10,7618.0,126.96666666666667,573.875
data\raw\siena\PN06\PN06-3.edf,EEG P10,7618.5,126.975,577.5
data\raw\siena\PN06\PN06-3.edf,EEG P10,7619.0,126.98333333333333,574.875
data\raw\siena\PN06\PN06-3.edf,EEG P10,7619.5,126.99166666666666,570.0
data\raw\siena\PN06\PN06-3.edf,EEG P10,7620.0,127.0,581.625
data\raw\siena\PN06\PN06-3.edf,EEG P10,7620.5,127.00833333333334,577.3749999999999
data\raw\siena\PN06\PN06-3.edf,EEG P10,7621.0,127.01666666666667,562.375
data\raw\siena\PN06\PN06-3.edf,EEG P10,7621.5,127.025,569.75
data\raw\siena\PN06\PN06-3.edf,EEG P10,7622.0,127.03333333333333,567.5
data\raw\siena\PN06\PN06-3.edf,EEG P10,7622.5,127.04166666666667,594.125
data\raw\siena\PN06\PN06-3.edf,EEG P10,7623.0,127.05,583.25
data\raw\siena\PN06\PN06-3.edf,EEG P10,7623.5,127.05833333333334,580.25
data\raw\siena\PN06\PN06-3.edf,EEG P10,7624.0,127.06666666666666,550.75
data\raw\siena\PN06\PN06-3.edf,EEG P10,7624.5,127.075,565.25
data\raw\siena\PN06\PN06-3.edf,EEG P10,7625.0,127.08333333333333,571.25
data\raw\siena\PN06\PN06-3.edf,EEG P10,7625.5,127.09166666666667,582.875
data\raw\siena\PN06\PN06-3.edf,EEG P10,7626.0,127.1,582.625
data\raw\siena\PN06\PN06-3.edf,EEG P10,7626.5,127.10833333333333,585.25
data\raw\siena\PN06\PN06-3.edf,EEG P10,7627.0,127.11666666666666,555.375
data\raw\siena\PN06\PN06-3.edf,EEG P10,7627.5,127.125,560.5
data\raw\siena\PN06\PN06-3.edf,EEG P10,7628.0,127.13333333333334,565.5
data\raw\siena\PN06\PN06-3.edf,EEG P10,7628.5,127.14166666666667,566.875
data\raw\siena\PN06\PN06-3.edf,EEG P10,7629.0,127.15,562.75
data\raw\siena\PN06\PN06-3.edf,EEG P10,7629.5,127.15833333333333,567.0
data\raw\siena\PN06\PN06-3.edf,EEG P10,7630.0,127.16666666666667,567.375
data\raw\siena\PN06\PN06-3.edf,EEG P10,7630.5,127.175,569.25
data\raw\siena\PN06\PN06-3.edf,EEG P10,7631.0,127.18333333333334,556.5
data\raw\siena\PN06\PN06-3.edf,EEG P10,7631.5,127.19166666666666,567.5
data\raw\siena\PN06\PN06-3.edf,EEG P10,7632.0,127.2,580.875
data\raw\siena\PN06\PN06-3.edf,EEG P10,7632.5,127.20833333333333,560.2499999999999
data\raw\siena\PN06\PN06-3.edf,EEG P10,7633.0,127.21666666666667,573.625
data\raw\siena\PN06\PN06-3.edf,EEG P10,7633.5,127.225,592.0
data\raw\siena\PN06\PN06-3.edf,EEG P10,7634.0,127.23333333333333,571.375
data\raw\siena\PN06\PN06-3.edf,EEG P10,7634.5,127.24166666666666,570.0
data\raw\siena\PN06\PN06-3.edf,EEG P10,7635.0,127.25,555.0
data\raw\siena\PN06\PN06-3.edf,EEG P10,7635.5,127.25833333333334,556.0
data\raw\siena\PN06\PN06-3.edf,EEG P10,7636.0,127.26666666666667,566.625
data\raw\siena\PN06\PN06-3.edf,EEG P10,7636.5,127.275,570.375
data\raw\siena\PN06\PN06-3.edf,EEG P10,7637.0,127.28333333333333,569.6249999999999
data\raw\siena\PN06\PN06-3.edf,EEG P10,7637.5,127.29166666666667,568.375
data\raw\siena\PN06\PN06-3.edf,EEG P10,7638.0,127.3,561.375
data\raw\siena\PN06\PN06-3.edf,EEG P10,7638.5,127.30833333333334,565.5
data\raw\siena\PN06\PN06-3.edf,EEG P10,7639.0,127.31666666666666,580.375
data\raw\siena\PN06\PN06-3.edf,EEG P10,7639.5,127.325,570.625
data\raw\siena\PN06\PN06-3.edf,EEG P10,7640.0,127.33333333333333,570.625
data\raw\siena\PN06\PN06-3.edf,EEG P10,7640.5,127.34166666666667,575.5
data\raw\siena\PN06\PN06-3.edf,EEG P10,7641.0,127.35,575.5
data\raw\siena\PN06\PN06-3.edf,EEG P10,7641.5,127.35833333333333,568.125
data\raw\siena\PN06\PN06-3.edf,EEG P10,7642.0,127.36666666666666,568.125
data\raw\siena\PN06\PN06-3.edf,EEG P10,7642.5,127.375,581.375
data\raw\siena\PN06\PN06-3.edf,EEG P10,7643.0,127.38333333333334,568.25
data\raw\siena\PN06\PN06-3.edf,EEG P10,7643.5,127.39166666666667,562.75
data\raw\siena\PN06\PN06-3.edf,EEG P10,7644.0,127.4,571.25
data\raw\siena\PN06\PN06-3.edf,EEG P10,7644.5,127.40833333333333,573.625
data\raw\siena\PN06\PN06-3.edf,EEG P10,7645.0,127.41666666666667,568.125
data\raw\siena\PN06\PN06-3.edf,EEG P10,7645.5,127.425,563.1249999999999
data\raw\siena\PN06\PN06-3.edf,EEG P10,7646.0,127.43333333333334,571.0
data\raw\siena\PN06\PN06-3.edf,EEG P10,7646.5,127.44166666666666,569.125
data\raw\siena\PN06\PN06-3.edf,EEG P10,7647.0,127.45,573.875
data\raw\siena\PN06\PN06-3.edf,EEG P10,7647.5,127.45833333333333,573.875
data\raw\siena\PN06\PN06-3.edf,EEG P10,7648.0,127.46666666666667,562.375
data\raw\siena\PN06\PN06-3.edf,EEG P10,7648.5,127.475,557.625
data\raw\siena\PN06\PN06-3.edf,EEG P10,7649.0,127.48333333333333,555.875
data\raw\siena\PN06\PN06-3.edf,EEG P10,7649.5,127.49166666666666,564.75
data\raw\siena\PN06\PN06-3.edf,EEG P10,7650.0,127.5,570.5
data\raw\siena\PN06\PN06-3.edf,EEG P10,7650.5,127.50833333333334,566.625
data\raw\siena\PN06\PN06-3.edf,EEG P10,7651.0,127.51666666666667,567.75
data\raw\siena\PN06\PN06-3.edf,EEG P10,7651.5,127.525,577.375
data\raw\siena\PN06\PN06-3.edf,EEG P10,7652.0,127.53333333333333,587.625
data\raw\siena\PN06\PN06-3.edf,EEG P10,7652.5,127.54166666666667,572.625
data\raw\siena\PN06\PN06-3.edf,EEG P10,7653.0,127.55,578.0
data\raw\siena\PN06\PN06-3.edf,EEG P10,7653.5,127.55833333333334,578.0
data\raw\siena\PN06\PN06-3.edf,EEG P10,7654.0,127.56666666666666,573.25
data\raw\siena\PN06\PN06-3.edf,EEG P10,7654.5,127.575,575.375
data\raw\siena\PN06\PN06-3.edf,EEG P10,7655.0,127.58333333333333,569.125
data\raw\siena\PN06\PN06-3.edf,EEG P10,7655.5,127.59166666666667,574.125
data\raw\siena\PN06\PN06-3.edf,EEG P10,7656.0,127.6,573.7499999999999
data\raw\siena\PN06\PN06-3.edf,EEG P10,7656.5,127.60833333333333,574.375
data\raw\siena\PN06\PN06-3.edf,EEG P10,7657.0,127.61666666666666,572.875
data\raw\siena\PN06\PN06-3.edf,EEG P10,7657.5,127.625,597.5
data\raw\siena\PN06\PN06-3.edf,EEG P10,7658.0,127.63333333333334,581.125
data\raw\siena\PN06\PN06-3.edf,EEG P10,7658.5,127.64166666666667,581.25
data\raw\siena\PN06\PN06-3.edf,EEG P10,7659.0,127.65,592.625
data\raw\siena\PN06\PN06-3.edf,EEG P10,7659.5,127.65833333333333,591.75
data\raw\siena\PN06\PN06-3.edf,EEG P10,7660.0,127.66666666666667,605.25
data\raw\siena\PN06\PN06-3.edf,EEG P10,7660.5,127.675,607.375
data\raw\siena\PN06\PN06-3.edf,EEG P10,7661.0,127.68333333333334,596.875
data\raw\siena\PN06\PN06-3.edf,EEG P10,7661.5,127.69166666666666,588.0
data\raw\siena\PN06\PN06-3.edf,EEG P10,7662.0,127.7,583.625
data\raw\siena\PN06\PN06-3.edf,EEG P10,7662.5,127.70833333333333,574.0
data\raw\siena\PN06\PN06-3.edf,EEG P10,7663.0,127.71666666666667,588.875
data\raw\siena\PN06\PN06-3.edf,EEG P10,7663.5,127.725,584.375
data\raw\siena\PN06\PN06-3.edf,EEG P10,7664.0,127.73333333333333,588.0
data\raw\siena\PN06\PN06-3.edf,EEG P10,7664.5,127.74166666666666,592.875
data\raw\siena\PN06\PN06-3.edf,EEG P10,7665.0,127.75,586.75
data\raw\siena\PN06\PN06-3.edf,EEG P10,7665.5,127.75833333333334,587.875
data\raw\siena\PN06\PN06-3.edf,EEG P10,7666.0,127.76666666666667,593.25
data\raw\siena\PN06\PN06-3.edf,EEG P10,7666.5,127.775,590.625
data\raw\siena\PN06\PN06-3.edf,EEG P10,7667.0,127.78333333333333,589.875
data\raw\siena\PN06\PN06-3.edf,EEG P10,7667.5,127.79166666666667,607.5
data\raw\siena\PN06\PN06-3.edf,EEG P10,7668.0,127.8,610.375
data\raw\siena\PN06\PN06-3.edf,EEG P10,7668.5,127.80833333333334,595.0
data\raw\siena\PN06\PN06-3.edf,EEG P10,7669.0,127.81666666666666,601.5
data\raw\siena\PN06\PN06-3.edf,EEG P10,7669.5,127.825,601.5
data\raw\siena\PN06\PN06-3.edf,EEG P10,7670.0,127.83333333333333,589.125
data\raw\siena\PN06\PN06-3.edf,EEG P10,7670.5,127.84166666666667,595.125
data\raw\siena\PN06\PN06-3.edf,EEG P10,7671.0,127.85,599.625
data\raw\siena\PN06\PN06-3.edf,EEG P10,7671.5,127.85833333333333,604.25
data\raw\siena\PN06\PN06-3.edf,EEG P10,7672.0,127.86666666666666,593.375
data\raw\siena\PN06\PN06-3.edf,EEG P10,7672.5,127.875,606.0
data\raw\siena\PN06\PN06-3.edf,EEG P10,7673.0,127.88333333333334,600.75
data\raw\siena\PN06\PN06-3.edf,EEG P10,7673.5,127.89166666666667,598.75
data\raw\siena\PN06\PN06-3.edf,EEG P10,7674.0,127.9,593.25
data\raw\siena\PN06\PN06-3.edf,EEG P10,7674.5,127.90833333333333,613.0
data\raw\siena\PN06\PN06-3.edf,EEG P10,7675.0,127.91666666666667,610.75
data\raw\siena\PN06\PN06-3.edf,EEG P10,7675.5,127.925,616.125
data\raw\siena\PN06\PN06-3.edf,EEG P10,7676.0,127.93333333333334,616.125
data\raw\siena\PN06\PN06-3.edf,EEG P10,7676.5,127.94166666666666,600.125
data\raw\siena\PN06\PN06-3.edf,EEG P10,7677.0,127.95,604.0
data\raw\siena\PN06\PN06-3.edf,EEG P10,7677.5,127.95833333333333,602.3749999999999
data\raw\siena\PN06\PN06-3.edf,EEG P10,7678.0,127.96666666666667,598.2499999999999
data\raw\siena\PN06\PN06-3.edf,EEG P10,7678.5,127.975,600.25
data\raw\siena\PN06\PN06-3.edf,EEG P10,7679.0,127.98333333333333,595.0
data\raw\siena\PN06\PN06-3.edf,EEG P10,7679.5,127.99166666666666,617.75
data\raw\siena\PN06\PN06-3.edf,EEG P10,7680.0,128.0,619.75
data\raw\siena\PN06\PN06-3.edf,EEG P10,7680.5,128.00833333333333,602.7499999999999
data\raw\siena\PN06\PN06-3.edf,EEG P10,7681.0,128.01666666666668,626.0
data\raw\siena\PN06\PN06-3.edf,EEG P10,7681.5,128.025,620.5
data\raw\siena\PN06\PN06-3.edf,EEG P10,7682.0,128.03333333333333,609.9999999999999
data\raw\siena\PN06\PN06-3.edf,EEG P10,7682.5,128.04166666666666,549.75
data\raw\siena\PN06\PN06-3.edf,EEG P10,7683.0,128.05,553.375
data\raw\siena\PN06\PN06-3.edf,EEG P10,7683.5,128.05833333333334,569.375
data\raw\siena\PN06\PN06-3.edf,EEG P10,7684.0,128.06666666666666,576.625
data\raw\siena\PN06\PN06-3.edf,EEG P10,7684.5,128.075,563.25
data\raw\siena\PN06\PN06-3.edf,EEG P10,7685.0,128.08333333333334,554.5
data\raw\siena\PN06\PN06-3.edf,EEG P10,7685.5,128.09166666666667,560.625
data\raw\siena\PN06\PN06-3.edf,EEG P10,7686.0,128.1,571.25
data\raw\siena\PN06\PN06-3.edf,EEG P10,7686.5,128.10833333333332,552.375
data\raw\siena\PN06\PN06-3.edf,EEG P10,7687.0,128.11666666666667,544.125
data\raw\siena\PN06\PN06-3.edf,EEG P10,7687.5,128.125,553.75
data\raw\siena\PN06\PN06-3.edf,EEG P10,7688.0,128.13333333333333,548.625
data\raw\siena\PN06\PN06-3.edf,EEG P10,7688.5,128.14166666666668,549.875
data\raw\siena\PN06\PN06-3.edf,EEG P10,7689.0,128.15,570.25
data\raw\siena\PN06\PN06-3.edf,EEG P10,7689.5,128.15833333333333,571.5
data\raw\siena\PN06\PN06-3.edf,EEG P10,7690.0,128.16666666666666,559.1249999999999
data\raw\siena\PN06\PN06-3.edf,EEG P10,7690.5,128.175,560.5
data\raw\siena\PN06\PN06-3.edf,EEG P10,7691.0,128.18333333333334,563.625
data\raw\siena\PN06\PN06-3.edf,EEG P10,7691.5,128.19166666666666,553.5
data\raw\siena\PN06\PN06-3.edf,EEG P10,7692.0,128.2,560.25
data\raw\siena\PN06\PN06-3.edf,EEG P10,7692.5,128.20833333333334,542.25
data\raw\siena\PN06\PN06-3.edf,EEG P10,7693.0,128.21666666666667,559.0
data\raw\siena\PN06\PN06-3.edf,EEG P10,7693.5,128.225,566.875
data\raw\siena\PN06\PN06-3.edf,EEG P10,7694.0,128.23333333333332,586.625
data\raw\siena\PN06\PN06-3.edf,EEG P10,7694.5,128.24166666666667,590.5
data\raw\siena\PN06\PN06-3.edf,EEG P10,7695.0,128.25,587.25
data\raw\siena\PN06\PN06-3.edf,EEG P10,7695.5,128.25833333333333,582.5
data\raw\siena\PN06\PN06-3.edf,EEG P10,7696.0,128.26666666666668,575.125
data\raw\siena\PN06\PN06-3.edf,EEG P10,7696.5,128.275,578.75
data\raw\siena\PN06\PN06-3.edf,EEG P10,7697.0,128.28333333333333,582.5
data\raw\siena\PN06\PN06-3.edf,EEG P10,7697.5,128.29166666666666,582.875
data\raw\siena\PN06\PN06-3.edf,EEG P10,7698.0,128.3,579.375
data\raw\siena\PN06\PN06-3.edf,EEG P10,7698.5,128.30833333333334,592.5
data\raw\siena\PN06\PN06-3.edf,EEG P10,7699.0,128.31666666666666,593.75
data\raw\siena\PN06\PN06-3.edf,EEG P10,7699.5,128.325,582.375
data\raw\siena\PN06\PN06-3.edf,EEG P10,7700.0,128.33333333333334,582.375
data\raw\siena\PN06\PN06-3.edf,EEG P10,7700.5,128.34166666666667,591.5
data\raw\siena\PN06\PN06-3.edf,EEG P10,7701.0,128.35,591.375
data\raw\siena\PN06\PN06-3.edf,EEG P10,7701.5,128.35833333333332,579.125
data\raw\siena\PN06\PN06-3.edf,EEG P10,7702.0,128.36666666666667,595.25
data\raw\siena\PN06\PN06-3.edf,EEG P10,7702.5,128.375,615.625
data\raw\siena\PN06\PN06-3.edf,EEG P10,7703.0,128.38333333333333,601.75
data\raw\siena\PN06\PN06-3.edf,EEG P10,7703.5,128.39166666666668,591.25
data\raw\siena\PN06\PN06-3.edf,EEG P10,7704.0,128.4,591.25
data\raw\siena\PN06\PN06-3.edf,EEG P10,7704.5,128.40833333333333,582.5
data\raw\siena\PN06\PN06-3.edf,EEG P10,7705.0,128.41666666666666,575.0
data\raw\siena\PN06\PN06-3.edf,EEG P10,7705.5,128.425,573.375
data\raw\siena\PN06\PN06-3.edf,EEG P10,7706.0,128.43333333333334,578.5
data\raw\siena\PN06\PN06-3.edf,EEG P10,7706.5,128.44166666666666,586.375
data\raw\siena\PN06\PN06-3.edf,EEG P10,7707.0,128.45,576.5
data\raw\siena\PN06\PN06-3.edf,EEG P10,7707.5,128.45833333333334,572.25
data\raw\siena\PN06\PN06-3.edf,EEG P10,7708.0,128.46666666666667,575.0
data\raw\siena\PN06\PN06-3.edf,EEG P10,7708.5,128.475,574.75
data\raw\siena\PN06\PN06-3.edf,EEG P10,7709.0,128.48333333333332,554.75
data\raw\siena\PN06\PN06-3.edf,EEG P10,7709.5,128.49166666666667,538.5
data\raw\siena\PN06\PN06-3.edf,EEG P10,7710.0,128.5,551.25
data\raw\siena\PN06\PN06-3.edf,EEG P10,7710.5,128.50833333333333,551.875
data\raw\siena\PN06\PN06-3.edf,EEG P10,7711.0,128.51666666666668,568.25
data\raw\siena\PN06\PN06-3.edf,EEG P10,7711.5,128.525,568.25
data\raw\siena\PN06\PN06-3.edf,EEG P10,7712.0,128.53333333333333,545.75
data\raw\siena\PN06\PN06-3.edf,EEG P10,7712.5,128.54166666666666,556.25
data\raw\siena\PN06\PN06-3.edf,EEG P10,7713.0,128.55,556.25
data\raw\siena\PN06\PN06-3.edf,EEG P10,7713.5,128.55833333333334,552.125
data\raw\siena\PN06\PN06-3.edf,EEG P10,7714.0,128.56666666666666,547.5
data\raw\siena\PN06\PN06-3.edf,EEG P10,7714.5,128.575,544.875
data\raw\siena\PN06\PN06-3.edf,EEG P10,7715.0,128.58333333333334,542.0
data\raw\siena\PN06\PN06-3.edf,EEG P10,7715.5,128.59166666666667,550.25
data\raw\siena\PN06\PN06-3.edf,EEG P10,7716.0,128.6,560.0
data\raw\siena\PN06\PN06-3.edf,EEG P10,7716.5,128.60833333333332,553.875
data\raw\siena\PN06\PN06-3.edf,EEG P10,7717.0,128.61666666666667,549.125
data\raw\siena\PN06\PN06-3.edf,EEG P10,7717.5,128.625,547.875
data\raw\siena\PN06\PN06-3.edf,EEG P10,7718.0,128.63333333333333,550.75
data\raw\siena\PN06\PN06-3.edf,EEG P10,7718.5,128.64166666666668,549.875
data\raw\siena\PN06\PN06-3.edf,EEG P10,7719.0,128.65,550.75
data\raw\siena\PN06\PN06-3.edf,EEG P10,7719.5,128.65833333333333,548.5
data\raw\siena\PN06\PN06-3.edf,EEG P10,7720.0,128.66666666666666,555.25
data\raw\siena\PN06\PN06-3.edf,EEG P10,7720.5,128.675,567.375
data\raw\siena\PN06\PN06-3.edf,EEG P10,7721.0,128.68333333333334,567.375
data\raw\siena\PN06\PN06-3.edf,EEG P10,7721.5,128.69166666666666,564.875
data\raw\siena\PN06\PN06-3.edf,EEG P10,7722.0,128.7,562.75
data\raw\siena\PN06\PN06-3.edf,EEG P10,7722.5,128.70833333333334,564.125
data\raw\siena\PN06\PN06-3.edf,EEG P10,7723.0,128.71666666666667,562.125
data\raw\siena\PN06\PN06-3.edf,EEG P10,7723.5,128.725,565.125
data\raw\siena\PN06\PN06-3.edf,EEG P10,7724.0,128.73333333333332,552.875
data\raw\siena\PN06\PN06-3.edf,EEG P10,7724.5,128.74166666666667,552.0
data\raw\siena\PN06\PN06-3.edf,EEG P10,7725.0,128.75,576.5
data\raw\siena\PN06\PN06-3.edf,EEG P10,7725.5,128.75833333333333,557.0
data\raw\siena\PN06\PN06-3.edf,EEG P10,7726.0,128.76666666666668,545.5
data\raw\siena\PN06\PN06-3.edf,EEG P10,7726.5,128.775,536.25
data\raw\siena\PN06\PN06-3.edf,EEG P10,7727.0,128.78333333333333,538.875
data\raw\siena\PN06\PN06-3.edf,EEG P10,7727.5,128.79166666666666,539.0
data\raw\siena\PN06\PN06-3.edf,EEG P10,7728.0,128.8,541.125
data\raw\siena\PN06\PN06-3.edf,EEG P10,7728.5,128.80833333333334,553.5
data\raw\siena\PN06\PN06-3.edf,EEG P10,7729.0,128.81666666666666,550.875
data\raw\siena\PN06\PN06-3.edf,EEG P10,7729.5,128.825,550.5
data\raw\siena\PN06\PN06-3.edf,EEG P10,7730.0,128.83333333333334,548.3749999999999
data\raw\siena\PN06\PN06-3.edf,EEG P10,7730.5,128.84166666666667,548.5
data\raw\siena\PN06\PN06-3.edf,EEG P10,7731.0,128.85,558.125
data\raw\siena\PN06\PN06-3.edf,EEG P10,7731.5,128.85833333333332,549.75
data\raw\siena\PN06\PN06-3.edf,EEG P10,7732.0,128.86666666666667,535.0
data\raw\siena\PN06\PN06-3.edf,EEG P10,7732.5,128.875,510.25
data\raw\siena\PN06\PN06-3.edf,EEG P10,7733.0,128.88333333333333,505.5
data\raw\siena\PN06\PN06-3.edf,EEG P10,7733.5,128.89166666666668,545.375
data\raw\siena\PN06\PN06-3.edf,EEG P10,7734.0,128.9,566.875
data\raw\siena\PN06\PN06-3.edf,EEG P10,7734.5,128.90833333333333,557.5
data\raw\siena\PN06\PN06-3.edf,EEG P10,7735.0,128.91666666666666,550.375
data\raw\siena\PN06\PN06-3.edf,EEG P10,7735.5,128.925,558.0
data\raw\siena\PN06\PN06-3.edf,EEG P10,7736.0,128.93333333333334,576.75
data\raw\siena\PN06\PN06-3.edf,EEG P10,7736.5,128.94166666666666,563.125
data\raw\siena\PN06\PN06-3.edf,EEG P10,7737.0,128.95,569.25
data\raw\siena\PN06\PN06-3.edf,EEG P10,7737.5,128.95833333333334,570.5
data\raw\siena\PN06\PN06-3.edf,EEG P10,7738.0,128.96666666666667,562.125
data\raw\siena\PN06\PN06-3.edf,EEG P10,7738.5,128.975,562.375
data\raw\siena\PN06\PN06-3.edf,EEG P10,7739.0,128.98333333333332,576.375
data\raw\siena\PN06\PN06-3.edf,EEG P10,7739.5,128.99166666666667,566.25
data\raw\siena\PN06\PN06-3.edf,EEG P10,7740.0,129.0,567.5
data\raw\siena\PN06\PN06-3.edf,EEG P10,7740.5,129.00833333333333,567.5
data\raw\siena\PN06\PN06-3.edf,EEG P10,7741.0,129.01666666666668,570.5
data\raw\siena\PN06\PN06-3.edf,EEG P10,7741.5,129.025,586.25
data\raw\siena\PN06\PN06-3.edf,EEG P10,7742.0,129.03333333333333,581.0
data\raw\siena\PN06\PN06-3.edf,EEG P10,7742.5,129.04166666666666,558.875
data\raw\siena\PN06\PN06-3.edf,EEG P10,7743.0,129.05,574.75
data\raw\siena\PN06\PN06-3.edf,EEG P10,7743.5,129.05833333333334,581.8749999999999
data\raw\siena\PN06\PN06-3.edf,EEG P10,7744.0,129.06666666666666,590.0
data\raw\siena\PN06\PN06-3.edf,EEG P10,7744.5,129.075,584.0
data\raw\siena\PN06\PN06-3.edf,EEG P10,7745.0,129.08333333333334,570.375
data\raw\siena\PN06\PN06-3.edf,EEG P10,7745.5,129.09166666666667,577.625
data\raw\siena\PN06\PN06-3.edf,EEG P10,7746.0,129.1,581.375
data\raw\siena\PN06\PN06-3.edf,EEG P10,7746.5,129.10833333333332,571.0
data\raw\siena\PN06\PN06-3.edf,EEG P10,7747.0,129.11666666666667,565.875
data\raw\siena\PN06\PN06-3.edf,EEG P10,7747.5,129.125,574.875
data\raw\siena\PN06\PN06-3.edf,EEG P10,7748.0,129.13333333333333,575.125
data\raw\siena\PN06\PN06-3.edf,EEG P10,7748.5,129.14166666666668,597.625
data\raw\siena\PN06\PN06-3.edf,EEG P10,7749.0,129.15,585.0
data\raw\siena\PN06\PN06-3.edf,EEG P10,7749.5,129.15833333333333,559.375
data\raw\siena\PN06\PN06-3.edf,EEG P10,7750.0,129.16666666666666,569.875
data\raw\siena\PN06\PN06-3.edf,EEG P10,7750.5,129.175,566.125
data\raw\siena\PN06\PN06-3.edf,EEG P10,7751.0,129.18333333333334,573.0
data\raw\siena\PN06\PN06-3.edf,EEG P10,7751.5,129.19166666666666,580.25
data\raw\siena\PN06\PN06-3.edf,EEG P10,7752.0,129.2,581.75
data\raw\siena\PN06\PN06-3.edf,EEG P10,7752.5,129.20833333333334,582.125
data\raw\siena\PN06\PN06-3.edf,EEG P10,7753.0,129.21666666666667,578.125
data\raw\siena\PN06\PN06-3.edf,EEG P10,7753.5,129.225,583.0
data\raw\siena\PN06\PN06-3.edf,EEG P10,7754.0,129.23333333333332,575.75
data\raw\siena\PN06\PN06-3.edf,EEG P10,7754.5,129.24166666666667,586.25
data\raw\siena\PN06\PN06-3.edf,EEG P10,7755.0,129.25,573.625
data\raw\siena\PN06\PN06-3.edf,EEG P10,7755.5,129.25833333333333,567.125
data\raw\siena\PN06\PN06-3.edf,EEG P10,7756.0,129.26666666666668,573.125
data\raw\siena\PN06\PN06-3.edf,EEG P10,7756.5,129.275,584.0
data\raw\siena\PN06\PN06-3.edf,EEG P10,7757.0,129.28333333333333,584.25
data\raw\siena\PN06\PN06-3.edf,EEG P10,7757.5,129.29166666666666,570.875
data\raw\siena\PN06\PN06-3.edf,EEG P10,7758.0,129.3,561.75
data\raw\siena\PN06\PN06-3.edf,EEG P10,7758.5,129.30833333333334,569.2499999999999
data\raw\siena\PN06\PN06-3.edf,EEG P10,7759.0,129.31666666666666,569.2499999999999
data\raw\siena\PN06\PN06-3.edf,EEG P10,7759.5,129.325,559.375
data\raw\siena\PN06\PN06-3.edf,EEG P10,7760.0,129.33333333333334,557.375
data\raw\siena\PN06\PN06-3.edf,EEG P10,7760.5,129.34166666666667,526.125
data\raw\siena\PN06\PN06-3.edf,EEG P10,7761.0,129.35,541.5
data\raw\siena\PN06\PN06-3.edf,EEG P10,7761.5,129.35833333333332,532.25
data\raw\siena\PN06\PN06-3.edf,EEG P10,7762.0,129.36666666666667,533.25
data\raw\siena\PN06\PN06-3.edf,EEG P10,7762.5,129.375,524.0
data\raw\siena\PN06\PN06-3.edf,EEG P10,7763.0,129.38333333333333,530.625
data\raw\siena\PN06\PN06-3.edf,EEG P10,7763.5,129.39166666666668,525.125
data\raw\siena\PN06\PN06-3.edf,EEG P10,7764.0,129.4,525.875
data\raw\siena\PN06\PN06-3.edf,EEG P10,7764.5,129.40833333333333,535.125
data\raw\siena\PN06\PN06-3.edf,EEG P10,7765.0,129.41666666666666,535.375
data\raw\siena\PN06\PN06-3.edf,EEG P10,7765.5,129.425,542.875
data\raw\siena\PN06\PN06-3.edf,EEG P10,7766.0,129.43333333333334,543.375
data\raw\siena\PN06\PN06-3.edf,EEG P10,7766.5,129.44166666666666,543.625
data\raw\siena\PN06\PN06-3.edf,EEG P10,7767.0,129.45,556.875
data\raw\siena\PN06\PN06-3.edf,EEG P10,7767.5,129.45833333333334,552.75
data\raw\siena\PN06\PN06-3.edf,EEG P10,7768.0,129.46666666666667,538.375
data\raw\siena\PN06\PN06-3.edf,EEG P10,7768.5,129.475,530.625
data\raw\siena\PN06\PN06-3.edf,EEG P10,7769.0,129.48333333333332,534.75
data\raw\siena\PN06\PN06-3.edf,EEG P10,7769.5,129.49166666666667,541.625
data\raw\siena\PN06\PN06-3.edf,EEG P10,7770.0,129.5,557.5
data\raw\siena\PN06\PN06-3.edf,EEG P10,7770.5,129.50833333333333,566.0
data\raw\siena\PN06\PN06-3.edf,EEG P10,7771.0,129.51666666666668,531.625
data\raw\siena\PN06\PN06-3.edf,EEG P10,7771.5,129.525,525.125
data\raw\siena\PN06\PN06-3.edf,EEG P10,7772.0,129.53333333333333,527.625
data\raw\siena\PN06\PN06-3.edf,EEG P10,7772.5,129.54166666666666,541.0
data\raw\siena\PN06\PN06-3.edf,EEG P10,7773.0,129.55,562.875
data\raw\siena\PN06\PN06-3.edf,EEG P10,7773.5,129.55833333333334,567.125
data\raw\siena\PN06\PN06-3.edf,EEG P10,7774.0,129.56666666666666,562.375
data\raw\siena\PN06\PN06-3.edf,EEG P10,7774.5,129.575,567.125
data\raw\siena\PN06\PN06-3.edf,EEG P10,7775.0,129.58333333333334,565.625
data\raw\siena\PN06\PN06-3.edf,EEG P10,7775.5,129.59166666666667,559.125
data\raw\siena\PN06\PN06-3.edf,EEG P10,7776.0,129.6,557.875
data\raw\siena\PN06\PN06-3.edf,EEG P10,7776.5,129.60833333333332,567.25
data\raw\siena\PN06\PN06-3.edf,EEG P10,7777.0,129.61666666666667,562.875
data\raw\siena\PN06\PN06-3.edf,EEG P10,7777.5,129.625,574.5
data\raw\siena\PN06\PN06-3.edf,EEG P10,7778.0,129.63333333333333,573.625
data\raw\siena\PN06\PN06-3.edf,EEG P10,7778.5,129.64166666666668,562.875
data\raw\siena\PN06\PN06-3.edf,EEG P10,7779.0,129.65,564.5
data\raw\siena\PN06\PN06-3.edf,EEG P10,7779.5,129.65833333333333,567.0
data\raw\siena\PN06\PN06-3.edf,EEG P10,7780.0,129.66666666666666,554.875
data\raw\siena\PN06\PN06-3.edf,EEG P10,7780.5,129.675,540.625
data\raw\siena\PN06\PN06-3.edf,EEG P10,7781.0,129.68333333333334,540.375
data\raw\siena\PN06\PN06-3.edf,EEG P10,7781.5,129.69166666666666,555.25
data\raw\siena\PN06\PN06-3.edf,EEG P10,7782.0,129.7,557.125
data\raw\siena\PN06\PN06-3.edf,EEG P10,7782.5,129.70833333333334,545.375
data\raw\siena\PN06\PN06-3.edf,EEG P10,7783.0,129.71666666666667,530.625
data\raw\siena\PN06\PN06-3.edf,EEG P10,7783.5,129.725,541.375
data\raw\siena\PN06\PN06-3.edf,EEG P10,7784.0,129.73333333333332,560.875
data\raw\siena\PN06\PN06-3.edf,EEG P10,7784.5,129.74166666666667,568.75
data\raw\siena\PN06\PN06-3.edf,EEG P10,7785.0,129.75,555.375
data\raw\siena\PN06\PN06-3.edf,EEG P10,7785.5,129.75833333333333,555.375
data\raw\siena\PN06\PN06-3.edf,EEG P10,7786.0,129.76666666666668,565.625
data\raw\siena\PN06\PN06-3.edf,EEG P10,7786.5,129.775,554.0
data\raw\siena\PN06\PN06-3.edf,EEG P10,7787.0,129.78333333333333,561.875
data\raw\siena\PN06\PN06-3.edf,EEG P10,7787.5,129.79166666666666,566.25
data\raw\siena\PN06\PN06-3.edf,EEG P10,7788.0,129.8,557.5
data\raw\siena\PN06\PN06-3.edf,EEG P10,7788.5,129.80833333333334,570.375
data\raw\siena\PN06\PN06-3.edf,EEG P10,7789.0,129.81666666666666,566.875
data\raw\siena\PN06\PN06-3.edf,EEG P10,7789.5,129.825,558.5
data\raw\siena\PN06\PN06-3.edf,EEG P10,7790.0,129.83333333333334,571.625
data\raw\siena\PN06\PN06-3.edf,EEG P10,7790.5,129.84166666666667,570.375
data\raw\siena\PN06\PN06-3.edf,EEG P10,7791.0,129.85,562.5
data\raw\siena\PN06\PN06-3.edf,EEG P10,7791.5,129.85833333333332,573.75
data\raw\siena\PN06\PN06-3.edf,EEG P10,7792.0,129.86666666666667,568.5
data\raw\siena\PN06\PN06-3.edf,EEG P10,7792.5,129.875,565.5
data\raw\siena\PN06\PN06-3.edf,EEG P10,7793.0,129.88333333333333,566.875
data\raw\siena\PN06\PN06-3.edf,EEG P10,7793.5,129.89166666666668,565.25
data\raw\siena\PN06\PN06-3.edf,EEG P10,7794.0,129.9,555.875
data\raw\siena\PN06\PN06-3.edf,EEG P10,7794.5,129.90833333333333,565.9999999999999
data\raw\siena\PN06\PN06-3.edf,EEG P10,7795.0,129.91666666666666,566.25
data\raw\siena\PN06\PN06-3.edf,EEG P10,7795.5,129.925,562.0
data\raw\siena\PN06\PN06-3.edf,EEG P10,7796.0,129.93333333333334,569.375
data\raw\siena\PN06\PN06-3.edf,EEG P10,7796.5,129.94166666666666,569.375
data\raw\siena\PN06\PN06-3.edf,EEG P10,7797.0,129.95,570.125
data\raw\siena\PN06\PN06-3.edf,EEG P10,7797.5,129.95833333333334,580.625
data\raw\siena\PN06\PN06-3.edf,EEG P10,7798.0,129.96666666666667,580.75
data\raw\siena\PN06\PN06-3.edf,EEG P10,7798.5,129.975,594.875
data\raw\siena\PN06\PN06-3.edf,EEG P10,7799.0,129.98333333333332,583.75
data\raw\siena\PN06\PN06-3.edf,EEG P10,7799.5,129.99166666666667,570.375
data\raw\siena\PN06\PN06-3.edf,EEG P10,7800.0,130.0,570.375
data\raw\siena\PN06\PN06-3.edf,EEG P10,7800.5,130.00833333333333,561.75
data\raw\siena\PN06\PN06-3.edf,EEG P10,7801.0,130.01666666666668,563.875
data\raw\siena\PN06\PN06-3.edf,EEG P10,7801.5,130.025,565.75
data\raw\siena\PN06\PN06-3.edf,EEG P10,7802.0,130.03333333333333,572.125
data\raw\siena\PN06\PN06-3.edf,EEG P10,7802.5,130.04166666666666,576.875
data\raw\siena\PN06\PN06-3.edf,EEG P10,7803.0,130.05,573.3749999999999
data\raw\siena\PN06\PN06-3.edf,EEG P10,7803.5,130.05833333333334,567.25
data\raw\siena\PN06\PN06-3.edf,EEG P10,7804.0,130.06666666666666,566.0
data\raw\siena\PN06\PN06-3.edf,EEG P10,7804.5,130.075,560.625
data\raw\siena\PN06\PN06-3.edf,EEG P10,7805.0,130.08333333333334,566.125
data\raw\siena\PN06\PN06-3.edf,EEG P10,7805.5,130.09166666666667,559.375
data\raw\siena\PN06\PN06-3.edf,EEG P10,7806.0,130.1,570.0
data\raw\siena\PN06\PN06-3.edf,EEG P10,7806.5,130.10833333333332,570.0
data\raw\siena\PN06\PN06-3.edf,EEG P10,7807.0,130.11666666666667,532.25
data\raw\siena\PN06\PN06-3.edf,EEG P10,7807.5,130.125,536.9999999999999
data\raw\siena\PN06\PN06-3.edf,EEG P10,7808.0,130.13333333333333,536.9999999999999
data\raw\siena\PN06\PN06-3.edf,EEG P10,7808.5,130.14166666666668,542.75
data\raw\siena\PN06\PN06-3.edf,EEG P10,7809.0,130.15,539.75
data\raw\siena\PN06\PN06-3.edf,EEG P10,7809.5,130.15833333333333,548.5
data\raw\siena\PN06\PN06-3.edf,EEG P10,7810.0,130.16666666666666,548.5
data\raw\siena\PN06\PN06-3.edf,EEG P10,7810.5,130.175,545.1249999999999
data\raw\siena\PN06\PN06-3.edf,EEG P10,7811.0,130.18333333333334,565.0
data\raw\siena\PN06\PN06-3.edf,EEG P10,7811.5,130.19166666666666,556.375
data\raw\siena\PN06\PN06-3.edf,EEG P10,7812.0,130.2,551.5
data\raw\siena\PN06\PN06-3.edf,EEG P10,7812.5,130.20833333333334,546.875
data\raw\siena\PN06\PN06-3.edf,EEG P10,7813.0,130.21666666666667,531.375
data\raw\siena\PN06\PN06-3.edf,EEG P10,7813.5,130.225,541.0
data\raw\siena\PN06\PN06-3.edf,EEG P10,7814.0,130.23333333333332,543.875
data\raw\siena\PN06\PN06-3.edf,EEG P10,7814.5,130.24166666666667,540.375
data\raw\siena\PN06\PN06-3.edf,EEG P10,7815.0,130.25,535.375
data\raw\siena\PN06\PN06-3.edf,EEG P10,7815.5,130.25833333333333,538.25
data\raw\siena\PN06\PN06-3.edf,EEG P10,7816.0,130.26666666666668,532.875
data\raw\siena\PN06\PN06-3.edf,EEG P10,7816.5,130.275,534.375
data\raw\siena\PN06\PN06-3.edf,EEG P10,7817.0,130.28333333333333,534.0
data\raw\siena\PN06\PN06-3.edf,EEG P10,7817.5,130.29166666666666,540.875
data\raw\siena\PN06\PN06-3.edf,EEG P10,7818.0,130.3,538.9999999999999
data\raw\siena\PN06\PN06-3.edf,EEG P10,7818.5,130.30833333333334,548.125
data\raw\siena\PN06\PN06-3.edf,EEG P10,7819.0,130.31666666666666,555.125
data\raw\siena\PN06\PN06-3.edf,EEG P10,7819.5,130.325,546.125
data\raw\siena\PN06\PN06-3.edf,EEG P10,7820.0,130.33333333333334,550.875
data\raw\siena\PN06\PN06-3.edf,EEG P10,7820.5,130.34166666666667,542.375
data\raw\siena\PN06\PN06-3.edf,EEG P10,7821.0,130.35,546.375
data\raw\siena\PN06\PN06-3.edf,EEG P10,7821.5,130.35833333333332,556.625
data\raw\siena\PN06\PN06-3.edf,EEG P10,7822.0,130.36666666666667,559.625
data\raw\siena\PN06\PN06-3.edf,EEG P10,7822.5,130.375,548.5
data\raw\siena\PN06\PN06-3.edf,EEG P10,7823.0,130.38333333333333,548.625
data\raw\siena\PN06\PN06-3.edf,EEG P10,7823.5,130.39166666666668,543.375
data\raw\siena\PN06\PN06-3.edf,EEG P10,7824.0,130.4,552.4999999999999
data\raw\siena\PN06\PN06-3.edf,EEG P10,7824.5,130.40833333333333,565.6249999999999
data\raw\siena\PN06\PN06-3.edf,EEG P10,7825.0,130.41666666666666,554.375
data\raw\siena\PN06\PN06-3.edf,EEG P10,7825.5,130.425,550.75
data\raw\siena\PN06\PN06-3.edf,EEG P10,7826.0,130.43333333333334,549.375
data\raw\siena\PN06\PN06-3.edf,EEG P10,7826.5,130.44166666666666,548.625
data\raw\siena\PN06\PN06-3.edf,EEG P10,7827.0,130.45,545.5
data\raw\siena\PN06\PN06-3.edf,EEG P10,7827.5,130.45833333333334,542.875
data\raw\siena\PN06\PN06-3.edf,EEG P10,7828.0,130.46666666666667,542.125
data\raw\siena\PN06\PN06-3.edf,EEG P10,7828.5,130.475,547.0
data\raw\siena\PN06\PN06-3.edf,EEG P10,7829.0,130.48333333333332,547.0
data\raw\siena\PN06\PN06-3.edf,EEG P10,7829.5,130.49166666666667,549.5
data\raw\siena\PN06\PN06-3.edf,EEG P10,7830.0,130.5,544.25
data\raw\siena\PN06\PN06-3.edf,EEG P10,7830.5,130.50833333333333,546.5
data\raw\siena\PN06\PN06-3.edf,EEG P10,7831.0,130.51666666666668,551.0
data\raw\siena\PN06\PN06-3.edf,EEG P10,7831.5,130.525,547.0
data\raw\siena\PN06\PN06-3.edf,EEG P10,7832.0,130.53333333333333,541.875
data\raw\siena\PN06\PN06-3.edf,EEG P10,7832.5,130.54166666666666,544.25
data\raw\siena\PN06\PN06-3.edf,EEG P10,7833.0,130.55,548.875
data\raw\siena\PN06\PN06-3.edf,EEG P10,7833.5,130.55833333333334,542.125
data\raw\siena\PN06\PN06-3.edf,EEG P10,7834.0,130.56666666666666,546.25
data\raw\siena\PN06\PN06-3.edf,EEG P10,7834.5,130.575,567.5
data\raw\siena\PN06\PN06-3.edf,EEG P10,7835.0,130.58333333333334,564.625
data\raw\siena\PN06\PN06-3.edf,EEG P10,7835.5,130.59166666666667,545.625
data\raw\siena\PN06\PN06-3.edf,EEG P10,7836.0,130.6,551.0
data\raw\siena\PN06\PN06-3.edf,EEG P10,7836.5,130.60833333333332,550.5
data\raw\siena\PN06\PN06-3.edf,EEG P10,7837.0,130.61666666666667,562.5
data\raw\siena\PN06\PN06-3.edf,EEG P10,7837.5,130.625,547.5
data\raw\siena\PN06\PN06-3.edf,EEG P10,7838.0,130.63333333333333,555.625
data\raw\siena\PN06\PN06-3.edf,EEG P10,7838.5,130.64166666666668,558.125
data\raw\siena\PN06\PN06-3.edf,EEG P10,7839.0,130.65,546.875
data\raw\siena\PN06\PN06-3.edf,EEG P10,7839.5,130.65833333333333,543.875
data\raw\siena\PN06\PN06-3.edf,EEG P10,7840.0,130.66666666666666,548.0
data\raw\siena\PN06\PN06-3.edf,EEG P10,7840.5,130.675,552.0
data\raw\siena\PN06\PN06-3.edf,EEG P10,7841.0,130.68333333333334,552.0
data\raw\siena\PN06\PN06-3.edf,EEG P10,7841.5,130.69166666666666,559.0
data\raw\siena\PN06\PN06-3.edf,EEG P10,7842.0,130.7,569.25
data\raw\siena\PN06\PN06-3.edf,EEG P10,7842.5,130.70833333333334,568.25
data\raw\siena\PN06\PN06-3.edf,EEG P10,7843.0,130.71666666666667,573.875
data\raw\siena\PN06\PN06-3.edf,EEG P10,7843.5,130.725,574.5
data\raw\siena\PN06\PN06-3.edf,EEG P10,7844.0,130.73333333333332,570.125
data\raw\siena\PN06\PN06-3.edf,EEG P10,7844.5,130.74166666666667,566.125
data\raw\siena\PN06\PN06-3.edf,EEG P10,7845.0,130.75,567.625
data\raw\siena\PN06\PN06-3.edf,EEG P10,7845.5,130.75833333333333,573.625
data\raw\siena\PN06\PN06-3.edf,EEG P10,7846.0,130.76666666666668,576.6249999999999
data\raw\siena\PN06\PN06-3.edf,EEG P10,7846.5,130.775,583.25
data\raw\siena\PN06\PN06-3.edf,EEG P10,7847.0,130.78333333333333,584.125
data\raw\siena\PN06\PN06-3.edf,EEG P10,7847.5,130.79166666666666,588.75
data\raw\siena\PN06\PN06-3.edf,EEG P10,7848.0,130.8,576.75
data\raw\siena\PN06\PN06-3.edf,EEG P10,7848.5,130.80833333333334,562.5
data\raw\siena\PN06\PN06-3.edf,EEG P10,7849.0,130.81666666666666,551.25
data\raw\siena\PN06\PN06-3.edf,EEG P10,7849.5,130.825,550.625
data\raw\siena\PN06\PN06-3.edf,EEG P10,7850.0,130.83333333333334,550.625
data\raw\siena\PN06\PN06-3.edf,EEG P10,7850.5,130.84166666666667,551.125
data\raw\siena\PN06\PN06-3.edf,EEG P10,7851.0,130.85,558.625
data\raw\siena\PN06\PN06-3.edf,EEG P10,7851.5,130.85833333333332,561.125
data\raw\siena\PN06\PN06-3.edf,EEG P10,7852.0,130.86666666666667,570.625
data\raw\siena\PN06\PN06-3.edf,EEG P10,7852.5,130.875,569.25
data\raw\siena\PN06\PN06-3.edf,EEG P10,7853.0,130.88333333333333,569.25
data\raw\siena\PN06\PN06-3.edf,EEG P10,7853.5,130.89166666666668,557.875
data\raw\siena\PN06\PN06-3.edf,EEG P10,7854.0,130.9,546.625
data\raw\siena\PN06\PN06-3.edf,EEG P10,7854.5,130.90833333333333,555.75
data\raw\siena\PN06\PN06-3.edf,EEG P10,7855.0,130.91666666666666,556.0
data\raw\siena\PN06\PN06-3.edf,EEG P10,7855.5,130.925,547.75
data\raw\siena\PN06\PN06-3.edf,EEG P10,7856.0,130.93333333333334,546.375
data\raw\siena\PN06\PN06-3.edf,EEG P10,7856.5,130.94166666666666,555.875
data\raw\siena\PN06\PN06-3.edf,EEG P10,7857.0,130.95,557.0
data\raw\siena\PN06\PN06-3.edf,EEG P10,7857.5,130.95833333333334,551.0
data\raw\siena\PN06\PN06-3.edf,EEG P10,7858.0,130.96666666666667,551.75
data\raw\siena\PN06\PN06-3.edf,EEG P10,7858.5,130.975,549.0
data\raw\siena\PN06\PN06-3.edf,EEG P10,7859.0,130.98333333333332,552.875
data\raw\siena\PN06\PN06-3.edf,EEG P10,7859.5,130.99166666666667,557.5
data\raw\siena\PN06\PN06-3.edf,EEG P10,7860.0,131.0,550.0
data\raw\siena\PN06\PN06-3.edf,EEG P10,7860.5,131.00833333333333,568.625
data\raw\siena\PN06\PN06-3.edf,EEG P10,7861.0,131.01666666666668,545.625
data\raw\siena\PN06\PN06-3.edf,EEG P10,7861.5,131.025,557.25
data\raw\siena\PN06\PN06-3.edf,EEG P10,7862.0,131.03333333333333,553.5
data\raw\siena\PN06\PN06-3.edf,EEG P10,7862.5,131.04166666666666,554.375
data\raw\siena\PN06\PN06-3.edf,EEG P10,7863.0,131.05,551.25
data\raw\siena\PN06\PN06-3.edf,EEG P10,7863.5,131.05833333333334,540.0
data\raw\siena\PN06\PN06-3.edf,EEG P10,7864.0,131.06666666666666,544.875
data\raw\siena\PN06\PN06-3.edf,EEG P10,7864.5,131.075,557.125
data\raw\siena\PN06\PN06-3.edf,EEG P10,7865.0,131.08333333333334,588.75
data\raw\siena\PN06\PN06-3.edf,EEG P10,7865.5,131.09166666666667,579.75
data\raw\siena\PN06\PN06-3.edf,EEG P10,7866.0,131.1,605.375
data\raw\siena\PN06\PN06-3.edf,EEG P10,7866.5,131.10833333333332,595.5
data\raw\siena\PN06\PN06-3.edf,EEG P10,7867.0,131.11666666666667,559.75
data\raw\siena\PN06\PN06-3.edf,EEG P10,7867.5,131.125,546.5
data\raw\siena\PN06\PN06-3.edf,EEG P10,7868.0,131.13333333333333,543.0
data\raw\siena\PN06\PN06-3.edf,EEG P10,7868.5,131.14166666666668,542.875
data\raw\siena\PN06\PN06-3.edf,EEG P10,7869.0,131.15,540.125
data\raw\siena\PN06\PN06-3.edf,EEG P10,7869.5,131.15833333333333,535.5
data\raw\siena\PN06\PN06-3.edf,EEG P10,7870.0,131.16666666666666,534.75
data\raw\siena\PN06\PN06-3.edf,EEG P10,7870.5,131.175,536.375
data\raw\siena\PN06\PN06-3.edf,EEG P10,7871.0,131.18333333333334,553.5
data\raw\siena\PN06\PN06-3.edf,EEG P10,7871.5,131.19166666666666,566.125
data\raw\siena\PN06\PN06-3.edf,EEG P10,7872.0,131.2,561.5
data\raw\siena\PN06\PN06-3.edf,EEG P10,7872.5,131.20833333333334,550.625
data\raw\siena\PN06\PN06-3.edf,EEG P10,7873.0,131.21666666666667,553.125
data\raw\siena\PN06\PN06-3.edf,EEG P10,7873.5,131.225,555.125
data\raw\siena\PN06\PN06-3.edf,EEG P10,7874.0,131.23333333333332,562.0
data\raw\siena\PN06\PN06-3.edf,EEG P10,7874.5,131.24166666666667,544.0
data\raw\siena\PN06\PN06-3.edf,EEG P10,7875.0,131.25,551.0
data\raw\siena\PN06\PN06-3.edf,EEG P10,7875.5,131.25833333333333,547.0
data\raw\siena\PN06\PN06-3.edf,EEG P10,7876.0,131.26666666666668,547.75
data\raw\siena\PN06\PN06-3.edf,EEG P10,7876.5,131.275,545.125
data\raw\siena\PN06\PN06-3.edf,EEG P10,7877.0,131.28333333333333,546.125
data\raw\siena\PN06\PN06-3.edf,EEG P10,7877.5,131.29166666666666,546.125
data\raw\siena\PN06\PN06-3.edf,EEG P10,7878.0,131.3,538.375
data\raw\siena\PN06\PN06-3.edf,EEG P10,7878.5,131.30833333333334,533.625
data\raw\siena\PN06\PN06-3.edf,EEG P10,7879.0,131.31666666666666,549.6249999999999
data\raw\siena\PN06\PN06-3.edf,EEG P10,7879.5,131.325,559.5
data\raw\siena\PN06\PN06-3.edf,EEG P10,7880.0,131.33333333333334,564.5
data\raw\siena\PN06\PN06-3.edf,EEG P10,7880.5,131.34166666666667,579.375
data\raw\siena\PN06\PN06-3.edf,EEG P10,7881.0,131.35,579.375
data\raw\siena\PN06\PN06-3.edf,EEG P10,7881.5,131.35833333333332,591.5
data\raw\siena\PN06\PN06-3.edf,EEG P10,7882.0,131.36666666666667,577.25
data\raw\siena\PN06\PN06-3.edf,EEG P10,7882.5,131.375,573.125
data\raw\siena\PN06\PN06-3.edf,EEG P10,7883.0,131.38333333333333,577.0
data\raw\siena\PN06\PN06-3.edf,EEG P10,7883.5,131.39166666666668,565.0
data\raw\siena\PN06\PN06-3.edf,EEG P10,7884.0,131.4,580.875
data\raw\siena\PN06\PN06-3.edf,EEG P10,7884.5,131.40833333333333,591.5
data\raw\siena\PN06\PN06-3.edf,EEG P10,7885.0,131.41666666666666,576.875
data\raw\siena\PN06\PN06-3.edf,EEG P10,7885.5,131.425,563.1249999999999
data\raw\siena\PN06\PN06-3.edf,EEG P10,7886.0,131.43333333333334,568.375
data\raw\siena\PN06\PN06-3.edf,EEG P10,7886.5,131.44166666666666,576.875
data\raw\siena\PN06\PN06-3.edf,EEG P10,7887.0,131.45,571.375
data\raw\siena\PN06\PN06-3.edf,EEG P10,7887.5,131.45833333333334,603.5
data\raw\siena\PN06\PN06-3.edf,EEG P10,7888.0,131.46666666666667,603.5
data\raw\siena\PN06\PN06-3.edf,EEG P10,7888.5,131.475,570.0
data\raw\siena\PN06\PN06-3.edf,EEG P10,7889.0,131.48333333333332,559.625
data\raw\siena\PN06\PN06-3.edf,EEG P10,7889.5,131.49166666666667,560.75
data\raw\siena\PN06\PN06-3.edf,EEG P10,7890.0,131.5,590.0
data\raw\siena\PN06\PN06-3.edf,EEG P10,7890.5,131.50833333333333,554.125
data\raw\siena\PN06\PN06-3.edf,EEG P10,7891.0,131.51666666666668,534.25
data\raw\siena\PN06\PN06-3.edf,EEG P10,7891.5,131.525,558.25
data\raw\siena\PN06\PN06-3.edf,EEG P10,7892.0,131.53333333333333,555.25
data\raw\siena\PN06\PN06-3.edf,EEG P10,7892.5,131.54166666666666,581.25
data\raw\siena\PN06\PN06-3.edf,EEG P10,7893.0,131.55,552.375
data\raw\siena\PN06\PN06-3.edf,EEG P10,7893.5,131.55833333333334,547.1249999999999
data\raw\siena\PN06\PN06-3.edf,EEG P10,7894.0,131.56666666666666,542.6249999999999
data\raw\siena\PN06\PN06-3.edf,EEG P10,7894.5,131.575,535.25
data\raw\siena\PN06\PN06-3.edf,EEG P10,7895.0,131.58333333333334,547.75
data\raw\siena\PN06\PN06-3.edf,EEG P10,7895.5,131.59166666666667,543.75
data\raw\siena\PN06\PN06-3.edf,EEG P10,7896.0,131.6,550.25
data\raw\siena\PN06\PN06-3.edf,EEG P10,7896.5,131.60833333333332,546.75
data\raw\siena\PN06\PN06-3.edf,EEG P10,7897.0,131.61666666666667,550.875
data\raw\siena\PN06\PN06-3.edf,EEG P10,7897.5,131.625,544.5
data\raw\siena\PN06\PN06-3.edf,EEG P10,7898.0,131.63333333333333,540.0
data\raw\siena\PN06\PN06-3.edf,EEG P10,7898.5,131.64166666666668,553.125
data\raw\siena\PN06\PN06-3.edf,EEG P10,7899.0,131.65,541.375
data\raw\siena\PN06\PN06-3.edf,EEG P10,7899.5,131.65833333333333,552.375
data\raw\siena\PN06\PN06-3.edf,EEG P10,7900.0,131.66666666666666,552.375
data\raw\siena\PN06\PN06-3.edf,EEG P10,7900.5,131.675,537.5
data\raw\siena\PN06\PN06-3.edf,EEG P10,7901.0,131.68333333333334,543.625
data\raw\siena\PN06\PN06-3.edf,EEG P10,7901.5,131.69166666666666,540.375
data\raw\siena\PN06\PN06-3.edf,EEG P10,7902.0,131.7,544.0
data\raw\siena\PN06\PN06-3.edf,EEG P10,7902.5,131.70833333333334,553.625
data\raw\siena\PN06\PN06-3.edf,EEG P10,7903.0,131.71666666666667,551.5
data\raw\siena\PN06\PN06-3.edf,EEG P10,7903.5,131.725,540.625
data\raw\siena\PN06\PN06-3.edf,EEG P10,7904.0,131.73333333333332,531.625
data\raw\siena\PN06\PN06-3.edf,EEG P10,7904.5,131.74166666666667,528.625
data\raw\siena\PN06\PN06-3.edf,EEG P10,7905.0,131.75,546.3749999999999
data\raw\siena\PN06\PN06-3.edf,EEG P10,7905.5,131.75833333333333,546.3749999999999
data\raw\siena\PN06\PN06-3.edf,EEG P10,7906.0,131.76666666666668,555.0
data\raw\siena\PN06\PN06-3.edf,EEG P10,7906.5,131.775,557.0
data\raw\siena\PN06\PN06-3.edf,EEG P10,7907.0,131.78333333333333,560.375
data\raw\siena\PN06\PN06-3.edf,EEG P10,7907.5,131.79166666666666,532.875
data\raw\siena\PN06\PN06-3.edf,EEG P10,7908.0,131.8,538.125
data\raw\siena\PN06\PN06-3.edf,EEG P10,7908.5,131.80833333333334,540.125
data\raw\siena\PN06\PN06-3.edf,EEG P10,7909.0,131.81666666666666,547.375
data\raw\siena\PN06\PN06-3.edf,EEG P10,7909.5,131.825,543.75
data\raw\siena\PN06\PN06-3.edf,EEG P10,7910.0,131.83333333333334,543.75
data\raw\siena\PN06\PN06-3.edf,EEG P10,7910.5,131.84166666666667,563.625
data\raw\siena\PN06\PN06-3.edf,EEG P10,7911.0,131.85,560.625
data\raw\siena\PN06\PN06-3.edf,EEG P10,7911.5,131.85833333333332,532.5
data\raw\siena\PN06\PN06-3.edf,EEG P10,7912.0,131.86666666666667,556.625
data\raw\siena\PN06\PN06-3.edf,EEG P10,7912.5,131.875,546.625
data\raw\siena\PN06\PN06-3.edf,EEG P10,7913.0,131.88333333333333,545.625
data\raw\siena\PN06\PN06-3.edf,EEG P10,7913.5,131.89166666666668,557.0
data\raw\siena\PN06\PN06-3.edf,EEG P10,7914.0,131.9,548.875
data\raw\siena\PN06\PN06-3.edf,EEG P10,7914.5,131.90833333333333,549.25
data\raw\siena\PN06\PN06-3.edf,EEG P10,7915.0,131.91666666666666,557.0
data\raw\siena\PN06\PN06-3.edf,EEG P10,7915.5,131.925,545.875
data\raw\siena\PN06\PN06-3.edf,EEG P10,7916.0,131.93333333333334,538.9999999999999
data\raw\siena\PN06\PN06-3.edf,EEG P10,7916.5,131.94166666666666,555.75
data\raw\siena\PN06\PN06-3.edf,EEG P10,7917.0,131.95,555.375
data\raw\siena\PN06\PN06-3.edf,EEG P10,7917.5,131.95833333333334,552.75
data\raw\siena\PN06\PN06-3.edf,EEG P10,7918.0,131.96666666666667,538.875
data\raw\siena\PN06\PN06-3.edf,EEG P10,7918.5,131.975,547.75
data\raw\siena\PN06\PN06-3.edf,EEG P10,7919.0,131.98333333333332,547.75
data\raw\siena\PN06\PN06-3.edf,EEG P10,7919.5,131.99166666666667,544.25
data\raw\siena\PN06\PN06-3.edf,EEG P10,7920.0,132.0,546.625
data\raw\siena\PN06\PN06-3.edf,EEG P10,7920.5,132.00833333333333,539.3749999999999
data\raw\siena\PN06\PN06-3.edf,EEG P10,7921.0,132.01666666666668,542.25
data\raw\siena\PN06\PN06-3.edf,EEG P10,7921.5,132.025,538.875
data\raw\siena\PN06\PN06-3.edf,EEG P10,7922.0,132.03333333333333,543.5
data\raw\siena\PN06\PN06-3.edf,EEG P10,7922.5,132.04166666666666,541.125
data\raw\siena\PN06\PN06-3.edf,EEG P10,7923.0,132.05,556.75
data\raw\siena\PN06\PN06-3.edf,EEG P10,7923.5,132.05833333333334,557.0
data\raw\siena\PN06\PN06-3.edf,EEG P10,7924.0,132.06666666666666,559.75
data\raw\siena\PN06\PN06-3.edf,EEG P10,7924.5,132.075,559.75
data\raw\siena\PN06\PN06-3.edf,EEG P10,7925.0,132.08333333333334,544.75
data\raw\siena\PN06\PN06-3.edf,EEG P10,7925.5,132.09166666666667,566.125
data\raw\siena\PN06\PN06-3.edf,EEG P10,7926.0,132.1,554.375
data\raw\siena\PN06\PN06-3.edf,EEG P10,7926.5,132.10833333333332,551.375
data\raw\siena\PN06\PN06-3.edf,EEG P10,7927.0,132.11666666666667,551.0
data\raw\siena\PN06\PN06-3.edf,EEG P10,7927.5,132.125,533.125
data\raw\siena\PN06\PN06-3.edf,EEG P10,7928.0,132.13333333333333,543.25
data\raw\siena\PN06\PN06-3.edf,EEG P10,7928.5,132.14166666666668,541.5
data\raw\siena\PN06\PN06-3.edf,EEG P10,7929.0,132.15,569.0
data\raw\siena\PN06\PN06-3.edf,EEG P10,7929.5,132.15833333333333,557.125
data\raw\siena\PN06\PN06-3.edf,EEG P10,7930.0,132.16666666666666,547.25
data\raw\siena\PN06\PN06-3.edf,EEG P10,7930.5,132.175,555.125
data\raw\siena\PN06\PN06-3.edf,EEG P10,7931.0,132.18333333333334,573.375
data\raw\siena\PN06\PN06-3.edf,EEG P10,7931.5,132.19166666666666,555.125
data\raw\siena\PN06\PN06-3.edf,EEG P10,7932.0,132.2,561.375
data\raw\siena\PN06\PN06-3.edf,EEG P10,7932.5,132.20833333333334,551.75
data\raw\siena\PN06\PN06-3.edf,EEG P10,7933.0,132.21666666666667,540.375
data\raw\siena\PN06\PN06-3.edf,EEG P10,7933.5,132.225,540.25
data\raw\siena\PN06\PN06-3.edf,EEG P10,7934.0,132.23333333333332,553.125
data\raw\siena\PN06\PN06-3.edf,EEG P10,7934.5,132.24166666666667,553.125
data\raw\siena\PN06\PN06-3.edf,EEG P10,7935.0,132.25,538.875
data\raw\siena\PN06\PN06-3.edf,EEG P10,7935.5,132.25833333333333,535.875
data\raw\siena\PN06\PN06-3.edf,EEG P10,7936.0,132.26666666666668,544.25
data\raw\siena\PN06\PN06-3.edf,EEG P10,7936.5,132.275,557.5
data\raw\siena\PN06\PN06-3.edf,EEG P10,7937.0,132.28333333333333,552.75
data\raw\siena\PN06\PN06-3.edf,EEG P10,7937.5,132.29166666666666,555.375
data\raw\siena\PN06\PN06-3.edf,EEG P10,7938.0,132.3,560.625
data\raw\siena\PN06\PN06-3.edf,EEG P10,7938.5,132.30833333333334,543.5
data\raw\siena\PN06\PN06-3.edf,EEG P10,7939.0,132.31666666666666,577.375
data\raw\siena\PN06\PN06-3.edf,EEG P10,7939.5,132.325,569.25
data\raw\siena\PN06\PN06-3.edf,EEG P10,7940.0,132.33333333333334,556.0
data\raw\siena\PN06\PN06-3.edf,EEG P10,7940.5,132.34166666666667,547.25
data\raw\siena\PN06\PN06-3.edf,EEG P10,7941.0,132.35,556.25
data\raw\siena\PN06\PN06-3.edf,EEG P10,7941.5,132.35833333333332,561.375
data\raw\siena\PN06\PN06-3.edf,EEG P10,7942.0,132.36666666666667,548.5
data\raw\siena\PN06\PN06-3.edf,EEG P10,7942.5,132.375,547.625
data\raw\siena\PN06\PN06-3.edf,EEG P10,7943.0,132.38333333333333,542.75
data\raw\siena\PN06\PN06-3.edf,EEG P10,7943.5,132.39166666666668,555.125
data\raw\siena\PN06\PN06-3.edf,EEG P10,7944.0,132.4,558.0
data\raw\siena\PN06\PN06-3.edf,EEG P10,7944.5,132.40833333333333,545.125
data\raw\siena\PN06\PN06-3.edf,EEG P10,7945.0,132.41666666666666,555.125
data\raw\siena\PN06\PN06-3.edf,EEG P10,7945.5,132.425,553.125
data\raw\siena\PN06\PN06-3.edf,EEG P10,7946.0,132.43333333333334,549.375
data\raw\siena\PN06\PN06-3.edf,EEG P10,7946.5,132.44166666666666,551.375
data\raw\siena\PN06\PN06-3.edf,EEG P10,7947.0,132.45,539.75
data\raw\siena\PN06\PN06-3.edf,EEG P10,7947.5,132.45833333333334,535.25
data\raw\siena\PN06\PN06-3.edf,EEG P10,7948.0,132.46666666666667,545.25
data\raw\siena\PN06\PN06-3.edf,EEG P10,7948.5,132.475,543.625
data\raw\siena\PN06\PN06-3.edf,EEG P10,7949.0,132.48333333333332,545.375
data\raw\siena\PN06\PN06-3.edf,EEG P10,7949.5,132.49166666666667,569.125
data\raw\siena\PN06\PN06-3.edf,EEG P10,7950.0,132.5,588.875
data\raw\siena\PN06\PN06-3.edf,EEG P10,7950.5,132.50833333333333,590.0
data\raw\siena\PN06\PN06-3.edf,EEG P10,7951.0,132.51666666666668,578.75
data\raw\siena\PN06\PN06-3.edf,EEG P10,7951.5,132.525,576.875
data\raw\siena\PN06\PN06-3.edf,EEG P10,7952.0,132.53333333333333,587.875
data\raw\siena\PN06\PN06-3.edf,EEG P10,7952.5,132.54166666666666,574.875
data\raw\siena\PN06\PN06-3.edf,EEG P10,7953.0,132.55,584.125
data\raw\siena\PN06\PN06-3.edf,EEG P10,7953.5,132.55833333333334,590.875
data\raw\siena\PN06\PN06-3.edf,EEG P10,7954.0,132.56666666666666,586.25
data\raw\siena\PN06\PN06-3.edf,EEG P10,7954.5,132.575,577.375
data\raw\siena\PN06\PN06-3.edf,EEG P10,7955.0,132.58333333333334,597.375
data\raw\siena\PN06\PN06-3.edf,EEG P10,7955.5,132.59166666666667,589.5
data\raw\siena\PN06\PN06-3.edf,EEG P10,7956.0,132.6,569.75
data\raw\siena\PN06\PN06-3.edf,EEG P10,7956.5,132.60833333333332,628.875
data\raw\siena\PN06\PN06-3.edf,EEG P10,7957.0,132.61666666666667,626.25
data\raw\siena\PN06\PN06-3.edf,EEG P10,7957.5,132.625,583.375
data\raw\siena\PN06\PN06-3.edf,EEG P10,7958.0,132.63333333333333,553.25
data\raw\siena\PN06\PN06-3.edf,EEG P10,7958.5,132.64166666666668,547.75
data\raw\siena\PN06\PN06-3.edf,EEG P10,7959.0,132.65,550.625
data\raw\siena\PN06\PN06-3.edf,EEG P10,7959.5,132.65833333333333,574.6249999999999
data\raw\siena\PN06\PN06-3.edf,EEG P10,7960.0,132.66666666666666,589.75
data\raw\siena\PN06\PN06-3.edf,EEG P10,7960.5,132.675,567.75
data\raw\siena\PN06\PN06-3.edf,EEG P10,7961.0,132.68333333333334,560.875
data\raw\siena\PN06\PN06-3.edf,EEG P10,7961.5,132.69166666666666,552.5
data\raw\siena\PN06\PN06-3.edf,EEG P10,7962.0,132.7,565.375
data\raw\siena\PN06\PN06-3.edf,EEG P10,7962.5,132.70833333333334,564.375
data\raw\siena\PN06\PN06-3.edf,EEG P10,7963.0,132.71666666666667,557.0
data\raw\siena\PN06\PN06-3.edf,EEG P10,7963.5,132.725,557.625
data\raw\siena\PN06\PN06-3.edf,EEG P10,7964.0,132.73333333333332,563.25
data\raw\siena\PN06\PN06-3.edf,EEG P10,7964.5,132.74166666666667,559.0
data\raw\siena\PN06\PN06-3.edf,EEG P10,7965.0,132.75,565.875
data\raw\siena\PN06\PN06-3.edf,EEG P10,7965.5,132.75833333333333,566.0
data\raw\siena\PN06\PN06-3.edf,EEG P10,7966.0,132.76666666666668,557.875
data\raw\siena\PN06\PN06-3.edf,EEG P10,7966.5,132.775,557.5
data\raw\siena\PN06\PN06-3.edf,EEG P10,7967.0,132.78333333333333,571.0
data\raw\siena\PN06\PN06-3.edf,EEG P10,7967.5,132.79166666666666,559.875
data\raw\siena\PN06\PN06-3.edf,EEG P10,7968.0,132.8,566.375
data\raw\siena\PN06\PN06-3.edf,EEG P10,7968.5,132.80833333333334,555.5
data\raw\siena\PN06\PN06-3.edf,EEG P10,7969.0,132.81666666666666,559.25
data\raw\siena\PN06\PN06-3.edf,EEG P10,7969.5,132.825,555.25
data\raw\siena\PN06\PN06-3.edf,EEG P10,7970.0,132.83333333333334,546.0
data\raw\siena\PN06\PN06-3.edf,EEG P10,7970.5,132.84166666666667,555.375
data\raw\siena\PN06\PN06-3.edf,EEG P10,7971.0,132.85,563.125
data\raw\siena\PN06\PN06-3.edf,EEG P10,7971.5,132.85833333333332,553.75
data\raw\siena\PN06\PN06-3.edf,EEG P10,7972.0,132.86666666666667,549.375
data\raw\siena\PN06\PN06-3.edf,EEG P10,7972.5,132.875,555.5
data\raw\siena\PN06\PN06-3.edf,EEG P10,7973.0,132.88333333333333,554.125
data\raw\siena\PN06\PN06-3.edf,EEG P10,7973.5,132.89166666666668,554.25
data\raw\siena\PN06\PN06-3.edf,EEG P10,7974.0,132.9,564.5
data\raw\siena\PN06\PN06-3.edf,EEG P10,7974.5,132.90833333333333,564.5
data\raw\siena\PN06\PN06-3.edf,EEG P10,7975.0,132.91666666666666,568.875
data\raw\siena\PN06\PN06-3.edf,EEG P10,7975.5,132.925,561.75
data\raw\siena\PN06\PN06-3.edf,EEG P10,7976.0,132.93333333333334,575.5
data\raw\siena\PN06\PN06-3.edf,EEG P10,7976.5,132.94166666666666,576.375
data\raw\siena\PN06\PN06-3.edf,EEG P10,7977.0,132.95,571.5
data\raw\siena\PN06\PN06-3.edf,EEG P10,7977.5,132.95833333333334,570.875
data\raw\siena\PN06\PN06-3.edf,EEG P10,7978.0,132.96666666666667,553.875
data\raw\siena\PN06\PN06-3.edf,EEG P10,7978.5,132.975,552.875
data\raw\siena\PN06\PN06-3.edf,EEG P10,7979.0,132.98333333333332,565.5
data\raw\siena\PN06\PN06-3.edf,EEG P10,7979.5,132.99166666666667,565.0
data\raw\siena\PN06\PN06-3.edf,EEG P10,7980.0,133.0,556.2499999999999
data\raw\siena\PN06\PN06-3.edf,EEG P10,7980.5,133.00833333333333,567.125
data\raw\siena\PN06\PN06-3.edf,EEG P10,7981.0,133.01666666666668,573.125
data\raw\siena\PN06\PN06-3.edf,EEG P10,7981.5,133.025,574.125
data\raw\siena\PN06\PN06-3.edf,EEG P10,7982.0,133.03333333333333,577.25
data\raw\siena\PN06\PN06-3.edf,EEG P10,7982.5,133.04166666666666,574.875
data\raw\siena\PN06\PN06-3.edf,EEG P10,7983.0,133.05,578.75
data\raw\siena\PN06\PN06-3.edf,EEG P10,7983.5,133.05833333333334,572.625
data\raw\siena\PN06\PN06-3.edf,EEG P10,7984.0,133.06666666666666,571.5
data\raw\siena\PN06\PN06-3.edf,EEG P10,7984.5,133.075,568.5
data\raw\siena\PN06\PN06-3.edf,EEG P10,7985.0,133.08333333333334,565.1249999999999
data\raw\siena\PN06\PN06-3.edf,EEG P10,7985.5,133.09166666666667,570.25
data\raw\siena\PN06\PN06-3.edf,EEG P10,7986.0,133.1,570.25
data\raw\siena\PN06\PN06-3.edf,EEG P10,7986.5,133.10833333333332,564.25
data\raw\siena\PN06\PN06-3.edf,EEG P10,7987.0,133.11666666666667,567.375
data\raw\siena\PN06\PN06-3.edf,EEG P10,7987.5,133.125,555.0
data\raw\siena\PN06\PN06-3.edf,EEG P10,7988.0,133.13333333333333,569.875
data\raw\siena\PN06\PN06-3.edf,EEG P10,7988.5,133.14166666666668,576.875
data\raw\siena\PN06\PN06-3.edf,EEG P10,7989.0,133.15,568.0
data\raw\siena\PN06\PN06-3.edf,EEG P10,7989.5,133.15833333333333,572.375
data\raw\siena\PN06\PN06-3.edf,EEG P10,7990.0,133.16666666666666,558.2499999999999
data\raw\siena\PN06\PN06-3.edf,EEG P10,7990.5,133.175,1053.25
data\raw\siena\PN06\PN06-3.edf,EEG P10,7991.0,133.18333333333334,1107.125
data\raw\siena\PN06\PN06-3.edf,EEG P10,7991.5,133.19166666666666,1017.875
data\raw\siena\PN06\PN06-3.edf,EEG P10,7992.0,133.2,725.0
data\raw\siena\PN06\PN06-3.edf,EEG P10,7992.5,133.20833333333334,702.0
data\raw\siena\PN06\PN06-3.edf,EEG P10,7993.0,133.21666666666667,603.375
data\raw\siena\PN06\PN06-3.edf,EEG P10,7993.5,133.225,603.25
data\raw\siena\PN06\PN06-3.edf,EEG P10,7994.0,133.23333333333332,647.125
data\raw\siena\PN06\PN06-3.edf,EEG P10,7994.5,133.24166666666667,724.125
data\raw\siena\PN06\PN06-3.edf,EEG P10,7995.0,133.25,607.9999999999999
data\raw\siena\PN06\PN06-3.edf,EEG P10,7995.5,133.25833333333333,567.0
data\raw\siena\PN06\PN06-3.edf,EEG P10,7996.0,133.26666666666668,562.875
data\raw\siena\PN06\PN06-3.edf,EEG P10,7996.5,133.275,562.875
data\raw\siena\PN06\PN06-3.edf,EEG P10,7997.0,133.28333333333333,596.0
data\raw\siena\PN06\PN06-3.edf,EEG P10,7997.5,133.29166666666666,602.25
data\raw\siena\PN06\PN06-3.edf,EEG P10,7998.0,133.3,577.75
data\raw\siena\PN06\PN06-3.edf,EEG P10,7998.5,133.30833333333334,577.75
data\raw\siena\PN06\PN06-3.edf,EEG P10,7999.0,133.31666666666666,566.75
data\raw\siena\PN06\PN06-3.edf,EEG P10,7999.5,133.325,571.5
data\raw\siena\PN06\PN06-3.edf,EEG P10,8000.0,133.33333333333334,571.125
data\raw\siena\PN06\PN06-3.edf,EEG P10,8000.5,133.34166666666667,566.375
data\raw\siena\PN06\PN06-3.edf,EEG P10,8001.0,133.35,564.125
data\raw\siena\PN06\PN06-3.edf,EEG P10,8001.5,133.35833333333332,569.2499999999999
data\raw\siena\PN06\PN06-3.edf,EEG P10,8002.0,133.36666666666667,563.25
data\raw\siena\PN06\PN06-3.edf,EEG P10,8002.5,133.375,565.375
data\raw\siena\PN06\PN06-3.edf,EEG P10,8003.0,133.38333333333333,571.625
data\raw\siena\PN06\PN06-3.edf,EEG P10,8003.5,133.39166666666668,565.25
data\raw\siena\PN06\PN06-3.edf,EEG P10,8004.0,133.4,578.25
data\raw\siena\PN06\PN06-3.edf,EEG P10,8004.5,133.40833333333333,565.125
data\raw\siena\PN06\PN06-3.edf,EEG P10,8005.0,133.41666666666666,564.0
data\raw\siena\PN06\PN06-3.edf,EEG P10,8005.5,133.425,574.875
data\raw\siena\PN06\PN06-3.edf,EEG P10,8006.0,133.43333333333334,581.125
data\raw\siena\PN06\PN06-3.edf,EEG P10,8006.5,133.44166666666666,572.125
data\raw\siena\PN06\PN06-3.edf,EEG P10,8007.0,133.45,571.125
data\raw\siena\PN06\PN06-3.edf,EEG P10,8007.5,133.45833333333334,578.875
data\raw\siena\PN06\PN06-3.edf,EEG P10,8008.0,133.46666666666667,577.875
data\raw\siena\PN06\PN06-3.edf,EEG P10,8008.5,133.475,562.875
data\raw\siena\PN06\PN06-3.edf,EEG P10,8009.0,133.48333333333332,560.75
data\raw\siena\PN06\PN06-3.edf,EEG P10,8009.5,133.49166666666667,558.125
data\raw\siena\PN06\PN06-3.edf,EEG P10,8010.0,133.5,559.75
data\raw\siena\PN06\PN06-3.edf,EEG P10,8010.5,133.50833333333333,569.2499999999999
data\raw\siena\PN06\PN06-3.edf,EEG P10,8011.0,133.51666666666668,567.125
data\raw\siena\PN06\PN06-3.edf,EEG P10,8011.5,133.525,561.25
data\raw\siena\PN06\PN06-3.edf,EEG P10,8012.0,133.53333333333333,561.25
data\raw\siena\PN06\PN06-3.edf,EEG P10,8012.5,133.54166666666666,565.875
data\raw\siena\PN06\PN06-3.edf,EEG P10,8013.0,133.55,559.5
data\raw\siena\PN06\PN06-3.edf,EEG P10,8013.5,133.55833333333334,557.0
data\raw\siena\PN06\PN06-3.edf,EEG P10,8014.0,133.56666666666666,571.125
data\raw\siena\PN06\PN06-3.edf,EEG P10,8014.5,133.575,566.375
data\raw\siena\PN06\PN06-3.edf,EEG P10,8015.0,133.58333333333334,565.0
data\raw\siena\PN06\PN06-3.edf,EEG P10,8015.5,133.59166666666667,576.875
data\raw\siena\PN06\PN06-3.edf,EEG P10,8016.0,133.6,577.25
data\raw\siena\PN06\PN06-3.edf,EEG P10,8016.5,133.60833333333332,582.125
data\raw\siena\PN06\PN06-3.edf,EEG P10,8017.0,133.61666666666667,572.25
data\raw\siena\PN06\PN06-3.edf,EEG P10,8017.5,133.625,564.125
data\raw\siena\PN06\PN06-3.edf,EEG P10,8018.0,133.63333333333333,571.125
data\raw\siena\PN06\PN06-3.edf,EEG P10,8018.5,133.64166666666668,567.375
data\raw\siena\PN06\PN06-3.edf,EEG P10,8019.0,133.65,569.75
data\raw\siena\PN06\PN06-3.edf,EEG P10,8019.5,133.65833333333333,571.5
data\raw\siena\PN06\PN06-3.edf,EEG P10,8020.0,133.66666666666666,566.125
data\raw\siena\PN06\PN06-3.edf,EEG P10,8020.5,133.675,574.5
data\raw\siena\PN06\PN06-3.edf,EEG P10,8021.0,133.68333333333334,574.5
data\raw\siena\PN06\PN06-3.edf,EEG P10,8021.5,133.69166666666666,571.875
data\raw\siena\PN06\PN06-3.edf,EEG P10,8022.0,133.7,566.75
data\raw\siena\PN06\PN06-3.edf,EEG P10,8022.5,133.70833333333334,569.2499999999999
data\raw\siena\PN06\PN06-3.edf,EEG P10,8023.0,133.71666666666667,567.125
data\raw\siena\PN06\PN06-3.edf,EEG P10,8023.5,133.725,562.375
data\raw\siena\PN06\PN06-3.edf,EEG P10,8024.0,133.73333333333332,567.375
data\raw\siena\PN06\PN06-3.edf,EEG P10,8024.5,133.74166666666667,579.125
data\raw\siena\PN06\PN06-3.edf,EEG P10,8025.0,133.75,578.25
data\raw\siena\PN06\PN06-3.edf,EEG P10,8025.5,133.75833333333333,573.625
data\raw\siena\PN06\PN06-3.edf,EEG P10,8026.0,133.76666666666668,581.125
data\raw\siena\PN06\PN06-3.edf,EEG P10,8026.5,133.775,572.375
data\raw\siena\PN06\PN06-3.edf,EEG P10,8027.0,133.78333333333333,561.75
data\raw\siena\PN06\PN06-3.edf,EEG P10,8027.5,133.79166666666666,573.5
data\raw\siena\PN06\PN06-3.edf,EEG P10,8028.0,133.8,581.625
data\raw\siena\PN06\PN06-3.edf,EEG P10,8028.5,133.80833333333334,575.375
data\raw\siena\PN06\PN06-3.edf,EEG P10,8029.0,133.81666666666666,560.75
data\raw\siena\PN06\PN06-3.edf,EEG P10,8029.5,133.825,561.125
data\raw\siena\PN06\PN06-3.edf,EEG P10,8030.0,133.83333333333334,566.25
data\raw\siena\PN06\PN06-3.edf,EEG P10,8030.5,133.84166666666667,580.0
data\raw\siena\PN06\PN06-3.edf,EEG P10,8031.0,133.85,580.0
data\raw\siena\PN06\PN06-3.edf,EEG P10,8031.5,133.85833333333332,574.375
data\raw\siena\PN06\PN06-3.edf,EEG P10,8032.0,133.86666666666667,572.75
data\raw\siena\PN06\PN06-3.edf,EEG P10,8032.5,133.875,589.875
data\raw\siena\PN06\PN06-3.edf,EEG P10,8033.0,133.88333333333333,583.625
data\raw\siena\PN06\PN06-3.edf,EEG P10,8033.5,133.89166666666668,585.0
data\raw\siena\PN06\PN06-3.edf,EEG P10,8034.0,133.9,597.125
data\raw\siena\PN06\PN06-3.edf,EEG P10,8034.5,133.90833333333333,579.875
data\raw\siena\PN06\PN06-3.edf,EEG P10,8035.0,133.91666666666666,560.25
data\raw\siena\PN06\PN06-3.edf,EEG P10,8035.5,133.925,549.25
data\raw\siena\PN06\PN06-3.edf,EEG P10,8036.0,133.93333333333334,553.25
data\raw\siena\PN06\PN06-3.edf,EEG P10,8036.5,133.94166666666666,595.5
data\raw\siena\PN06\PN06-3.edf,EEG P10,8037.0,133.95,595.5
data\raw\siena\PN06\PN06-3.edf,EEG P10,8037.5,133.95833333333334,625.25
data\raw\siena\PN06\PN06-3.edf,EEG P10,8038.0,133.96666666666667,619.4999999999999
data\raw\siena\PN06\PN06-3.edf,EEG P10,8038.5,133.975,570.25
data\raw\siena\PN06\PN06-3.edf,EEG P10,8039.0,133.98333333333332,568.375
data\raw\siena\PN06\PN06-3.edf,EEG P10,8039.5,133.99166666666667,605.375
data\raw\siena\PN06\PN06-3.edf,EEG P10,8040.0,134.0,577.75
data\raw\siena\PN06\PN06-3.edf,EEG P10,8040.5,134.00833333333333,555.5
data\raw\siena\PN06\PN06-3.edf,EEG P10,8041.0,134.01666666666668,584.625
data\raw\siena\PN06\PN06-3.edf,EEG P10,8041.5,134.025,584.625
data\raw\siena\PN06\PN06-3.edf,EEG P10,8042.0,134.03333333333333,535.75
data\raw\siena\PN06\PN06-3.edf,EEG P10,8042.5,134.04166666666666,526.5
data\raw\siena\PN06\PN06-3.edf,EEG P10,8043.0,134.05,541.0
data\raw\siena\PN06\PN06-3.edf,EEG P10,8043.5,134.05833333333334,536.0
data\raw\siena\PN06\PN06-3.edf,EEG P10,8044.0,134.06666666666666,539.875
data\raw\siena\PN06\PN06-3.edf,EEG P10,8044.5,134.075,539.875
data\raw\siena\PN06\PN06-3.edf,EEG P10,8045.0,134.08333333333334,551.375
data\raw\siena\PN06\PN06-3.edf,EEG P10,8045.5,134.09166666666667,536.625
data\raw\siena\PN06\PN06-3.edf,EEG P10,8046.0,134.1,522.0
data\raw\siena\PN06\PN06-3.edf,EEG P10,8046.5,134.10833333333332,524.125
data\raw\siena\PN06\PN06-3.edf,EEG P10,8047.0,134.11666666666667,548.25
data\raw\siena\PN06\PN06-3.edf,EEG P10,8047.5,134.125,547.875
data\raw\siena\PN06\PN06-3.edf,EEG P10,8048.0,134.13333333333333,517.2499999999999
data\raw\siena\PN06\PN06-3.edf,EEG P10,8048.5,134.14166666666668,540.375
data\raw\siena\PN06\PN06-3.edf,EEG P10,8049.0,134.15,537.7499999999999
data\raw\siena\PN06\PN06-3.edf,EEG P10,8049.5,134.15833333333333,528.625
data\raw\siena\PN06\PN06-3.edf,EEG P10,8050.0,134.16666666666666,526.75
data\raw\siena\PN06\PN06-3.edf,EEG P10,8050.5,134.175,519.875
data\raw\siena\PN06\PN06-3.edf,EEG P10,8051.0,134.18333333333334,527.125
data\raw\siena\PN06\PN06-3.edf,EEG P10,8051.5,134.19166666666666,523.25
data\raw\siena\PN06\PN06-3.edf,EEG P10,8052.0,134.2,527.875
data\raw\siena\PN06\PN06-3.edf,EEG P10,8052.5,134.20833333333334,531.875
data\raw\siena\PN06\PN06-3.edf,EEG P10,8053.0,134.21666666666667,535.375
data\raw\siena\PN06\PN06-3.edf,EEG P10,8053.5,134.225,535.0
data\raw\siena\PN06\PN06-3.edf,EEG P10,8054.0,134.23333333333332,529.75
data\raw\siena\PN06\PN06-3.edf,EEG P10,8054.5,134.24166666666667,529.75
data\raw\siena\PN06\PN06-3.edf,EEG P10,8055.0,134.25,529.25
data\raw\siena\PN06\PN06-3.edf,EEG P10,8055.5,134.25833333333333,524.375
data\raw\siena\PN06\PN06-3.edf,EEG P10,8056.0,134.26666666666668,521.625
data\raw\siena\PN06\PN06-3.edf,EEG P10,8056.5,134.275,527.375
data\raw\siena\PN06\PN06-3.edf,EEG P10,8057.0,134.28333333333333,518.875
data\raw\siena\PN06\PN06-3.edf,EEG P10,8057.5,134.29166666666666,524.125
data\raw\siena\PN06\PN06-3.edf,EEG P10,8058.0,134.3,528.875
data\raw\siena\PN06\PN06-3.edf,EEG P10,8058.5,134.30833333333334,546.0
data\raw\siena\PN06\PN06-3.edf,EEG P10,8059.0,134.31666666666666,534.625
data\raw\siena\PN06\PN06-3.edf,EEG P10,8059.5,134.325,529.625
data\raw\siena\PN06\PN06-3.edf,EEG P10,8060.0,134.33333333333334,523.6249999999999
data\raw\siena\PN06\PN06-3.edf,EEG P10,8060.5,134.34166666666667,532.375
data\raw\siena\PN06\PN06-3.edf,EEG P10,8061.0,134.35,523.5
data\raw\siena\PN06\PN06-3.edf,EEG P10,8061.5,134.35833333333332,528.25
data\raw\siena\PN06\PN06-3.edf,EEG P10,8062.0,134.36666666666667,528.25
data\raw\siena\PN06\PN06-3.edf,EEG P10,8062.5,134.375,525.375
data\raw\siena\PN06\PN06-3.edf,EEG P10,8063.0,134.38333333333333,543.4999999999999
data\raw\siena\PN06\PN06-3.edf,EEG P10,8063.5,134.39166666666668,543.4999999999999
data\raw\siena\PN06\PN06-3.edf,EEG P10,8064.0,134.4,530.8749999999999
data\raw\siena\PN06\PN06-3.edf,EEG P10,8064.5,134.40833333333333,540.25
data\raw\siena\PN06\PN06-3.edf,EEG P10,8065.0,134.41666666666666,544.25
data\raw\siena\PN06\PN06-3.edf,EEG P10,8065.5,134.425,535.875
data\raw\siena\PN06\PN06-3.edf,EEG P10,8066.0,134.43333333333334,534.25
data\raw\siena\PN06\PN06-3.edf,EEG P10,8066.5,134.44166666666666,546.0
data\raw\siena\PN06\PN06-3.edf,EEG P10,8067.0,134.45,536.25
data\raw\siena\PN06\PN06-3.edf,EEG P10,8067.5,134.45833333333334,545.25
data\raw\siena\PN06\PN06-3.edf,EEG P10,8068.0,134.46666666666667,546.125
data\raw\siena\PN06\PN06-3.edf,EEG P10,8068.5,134.475,528.0
data\raw\siena\PN06\PN06-3.edf,EEG P10,8069.0,134.48333333333332,530.375
data\raw\siena\PN06\PN06-3.edf,EEG P10,8069.5,134.49166666666667,524.375
data\raw\siena\PN06\PN06-3.edf,EEG P10,8070.0,134.5,528.625
data\raw\siena\PN06\PN06-3.edf,EEG P10,8070.5,134.50833333333333,535.0
data\raw\siena\PN06\PN06-3.edf,EEG P10,8071.0,134.51666666666668,542.125
data\raw\siena\PN06\PN06-3.edf,EEG P10,8071.5,134.525,546.0
data\raw\siena\PN06\PN06-3.edf,EEG P10,8072.0,134.53333333333333,531.5
data\raw\siena\PN06\PN06-3.edf,EEG P10,8072.5,134.54166666666666,532.75
data\raw\siena\PN06\PN06-3.edf,EEG P10,8073.0,134.55,534.125
data\raw\siena\PN06\PN06-3.edf,EEG P10,8073.5,134.55833333333334,527.125
data\raw\siena\PN06\PN06-3.edf,EEG P10,8074.0,134.56666666666666,536.5
data\raw\siena\PN06\PN06-3.edf,EEG P10,8074.5,134.575,527.125
data\raw\siena\PN06\PN06-3.edf,EEG P10,8075.0,134.58333333333334,534.125
data\raw\siena\PN06\PN06-3.edf,EEG P10,8075.5,134.59166666666667,537.125
data\raw\siena\PN06\PN06-3.edf,EEG P10,8076.0,134.6,529.0
data\raw\siena\PN06\PN06-3.edf,EEG P10,8076.5,134.60833333333332,529.875
data\raw\siena\PN06\PN06-3.edf,EEG P10,8077.0,134.61666666666667,543.625
data\raw\siena\PN06\PN06-3.edf,EEG P10,8077.5,134.625,532.375
data\raw\siena\PN06\PN06-3.edf,EEG P10,8078.0,134.63333333333333,538.125
data\raw\siena\PN06\PN06-3.edf,EEG P10,8078.5,134.64166666666668,534.25
data\raw\siena\PN06\PN06-3.edf,EEG P10,8079.0,134.65,532.5
data\raw\siena\PN06\PN06-3.edf,EEG P10,8079.5,134.65833333333333,537.125
data\raw\siena\PN06\PN06-3.edf,EEG P10,8080.0,134.66666666666666,524.125
data\raw\siena\PN06\PN06-3.edf,EEG P10,8080.5,134.675,525.25
data\raw\siena\PN06\PN06-3.edf,EEG P10,8081.0,134.68333333333334,529.625
data\raw\siena\PN06\PN06-3.edf,EEG P10,8081.5,134.69166666666666,528.0
data\raw\siena\PN06\PN06-3.edf,EEG P10,8082.0,134.7,526.125
data\raw\siena\PN06\PN06-3.edf,EEG P10,8082.5,134.70833333333334,543.625
data\raw\siena\PN06\PN06-3.edf,EEG P10,8083.0,134.71666666666667,550.625
data\raw\siena\PN06\PN06-3.edf,EEG P10,8083.5,134.725,539.875
data\raw\siena\PN06\PN06-3.edf,EEG P10,8084.0,134.73333333333332,536.875
data\raw\siena\PN06\PN06-3.edf,EEG P10,8084.5,134.74166666666667,539.125
data\raw\siena\PN06\PN06-3.edf,EEG P10,8085.0,134.75,533.75
data\raw\siena\PN06\PN06-3.edf,EEG P10,8085.5,134.75833333333333,540.875
data\raw\siena\PN06\PN06-3.edf,EEG P10,8086.0,134.76666666666668,548.375
data\raw\siena\PN06\PN06-3.edf,EEG P10,8086.5,134.775,548.375
data\raw\siena\PN06\PN06-3.edf,EEG P10,8087.0,134.78333333333333,544.125
data\raw\siena\PN06\PN06-3.edf,EEG P10,8087.5,134.79166666666666,560.5
data\raw\siena\PN06\PN06-3.edf,EEG P10,8088.0,134.8,554.875
data\raw\siena\PN06\PN06-3.edf,EEG P10,8088.5,134.80833333333334,560.125
data\raw\siena\PN06\PN06-3.edf,EEG P10,8089.0,134.81666666666666,551.75
data\raw\siena\PN06\PN06-3.edf,EEG P10,8089.5,134.825,532.875
data\raw\siena\PN06\PN06-3.edf,EEG P10,8090.0,134.83333333333334,542.0
data\raw\siena\PN06\PN06-3.edf,EEG P10,8090.5,134.84166666666667,555.125
data\raw\siena\PN06\PN06-3.edf,EEG P10,8091.0,134.85,535.625
data\raw\siena\PN06\PN06-3.edf,EEG P10,8091.5,134.85833333333332,530.875
data\raw\siena\PN06\PN06-3.edf,EEG P10,8092.0,134.86666666666667,545.625
data\raw\siena\PN06\PN06-3.edf,EEG P10,8092.5,134.875,542.75
data\raw\siena\PN06\PN06-3.edf,EEG P10,8093.0,134.88333333333333,548.0
data\raw\siena\PN06\PN06-3.edf,EEG P10,8093.5,134.89166666666668,556.0
data\raw\siena\PN06\PN06-3.edf,EEG P10,8094.0,134.9,559.5
data\raw\siena\PN06\PN06-3.edf,EEG P10,8094.5,134.90833333333333,544.5
data\raw\siena\PN06\PN06-3.edf,EEG P10,8095.0,134.91666666666666,540.2499999999999
data\raw\siena\PN06\PN06-3.edf,EEG P10,8095.5,134.925,551.125
data\raw\siena\PN06\PN06-3.edf,EEG P10,8096.0,134.93333333333334,552.25
data\raw\siena\PN06\PN06-3.edf,EEG P10,8096.5,134.94166666666666,570.0
data\raw\siena\PN06\PN06-3.edf,EEG P10,8097.0,134.95,563.5
data\raw\siena\PN06\PN06-3.edf,EEG P10,8097.5,134.95833333333334,550.375
data\raw\siena\PN06\PN06-3.edf,EEG P10,8098.0,134.96666666666667,547.25
data\raw\siena\PN06\PN06-3.edf,EEG P10,8098.5,134.975,538.75
data\raw\siena\PN06\PN06-3.edf,EEG P10,8099.0,134.98333333333332,542.875
data\raw\siena\PN06\PN06-3.edf,EEG P10,8099.5,134.99166666666667,572.875
data\raw\siena\PN06\PN06-3.edf,EEG P10,8100.0,135.0,547.25
data\raw\siena\PN06\PN06-3.edf,EEG P10,8100.5,135.00833333333333,544.625
data\raw\siena\PN06\PN06-3.edf,EEG P10,8101.0,135.01666666666668,572.5
data\raw\siena\PN06\PN06-3.edf,EEG P10,8101.5,135.025,569.0
data\raw\siena\PN06\PN06-3.edf,EEG P10,8102.0,135.03333333333333,571.875
data\raw\siena\PN06\PN06-3.edf,EEG P10,8102.5,135.04166666666666,547.375
data\raw\siena\PN06\PN06-3.edf,EEG P10,8103.0,135.05,539.75
data\raw\siena\PN06\PN06-3.edf,EEG P10,8103.5,135.05833333333334,542.875
data\raw\siena\PN06\PN06-3.edf,EEG P10,8104.0,135.06666666666666,543.125
data\raw\siena\PN06\PN06-3.edf,EEG P10,8104.5,135.075,529.125
data\raw\siena\PN06\PN06-3.edf,EEG P10,8105.0,135.08333333333334,546.0
data\raw\siena\PN06\PN06-3.edf,EEG P10,8105.5,135.09166666666667,539.125
data\raw\siena\PN06\PN06-3.edf,EEG P10,8106.0,135.1,543.75
data\raw\siena\PN06\PN06-3.edf,EEG P10,8106.5,135.10833333333332,555.5
data\raw\siena\PN06\PN06-3.edf,EEG P10,8107.0,135.11666666666667,534.75
data\raw\siena\PN06\PN06-3.edf,EEG P10,8107.5,135.125,542.875
data\raw\siena\PN06\PN06-3.edf,EEG P10,8108.0,135.13333333333333,544.75
data\raw\siena\PN06\PN06-3.edf,EEG P10,8108.5,135.14166666666668,527.75
data\raw\siena\PN06\PN06-3.edf,EEG P10,8109.0,135.15,536.125
data\raw\siena\PN06\PN06-3.edf,EEG P10,8109.5,135.15833333333333,540.875
data\raw\siena\PN06\PN06-3.edf,EEG P10,8110.0,135.16666666666666,540.875
data\raw\siena\PN06\PN06-3.edf,EEG P10,8110.5,135.175,538.25
data\raw\siena\PN06\PN06-3.edf,EEG P10,8111.0,135.18333333333334,545.75
data\raw\siena\PN06\PN06-3.edf,EEG P10,8111.5,135.19166666666666,554.625
data\raw\siena\PN06\PN06-3.edf,EEG P10,8112.0,135.2,545.375
data\raw\siena\PN06\PN06-3.edf,EEG P10,8112.5,135.20833333333334,537.25
data\raw\siena\PN06\PN06-3.edf,EEG P10,8113.0,135.21666666666667,535.125
data\raw\siena\PN06\PN06-3.edf,EEG P10,8113.5,135.225,550.5
data\raw\siena\PN06\PN06-3.edf,EEG P10,8114.0,135.23333333333332,541.25
data\raw\siena\PN06\PN06-3.edf,EEG P10,8114.5,135.24166666666667,545.75
data\raw\siena\PN06\PN06-3.edf,EEG P10,8115.0,135.25,545.75
data\raw\siena\PN06\PN06-3.edf,EEG P10,8115.5,135.25833333333333,537.75
data\raw\siena\PN06\PN06-3.edf,EEG P10,8116.0,135.26666666666668,548.625
data\raw\siena\PN06\PN06-3.edf,EEG P10,8116.5,135.275,538.5
data\raw\siena\PN06\PN06-3.edf,EEG P10,8117.0,135.28333333333333,552.375
data\raw\siena\PN06\PN06-3.edf,EEG P10,8117.5,135.29166666666666,536.75
data\raw\siena\PN06\PN06-3.edf,EEG P10,8118.0,135.3,536.6249999999999
data\raw\siena\PN06\PN06-3.edf,EEG P10,8118.5,135.30833333333334,538.2499999999999
data\raw\siena\PN06\PN06-3.edf,EEG P10,8119.0,135.31666666666666,552.1249999999999
data\raw\siena\PN06\PN06-3.edf,EEG P10,8119.5,135.325,562.5
data\raw\siena\PN06\PN06-3.edf,EEG P10,8120.0,135.33333333333334,530.25
data\raw\siena\PN06\PN06-3.edf,EEG P10,8120.5,135.34166666666667,530.5
data\raw\siena\PN06\PN06-3.edf,EEG P10,8121.0,135.35,537.375
data\raw\siena\PN06\PN06-3.edf,EEG P10,8121.5,135.35833333333332,532.0
data\raw\siena\PN06\PN06-3.edf,EEG P10,8122.0,135.36666666666667,533.25
data\raw\siena\PN06\PN06-3.edf,EEG P10,8122.5,135.375,530.375
data\raw\siena\PN06\PN06-3.edf,EEG P10,8123.0,135.38333333333333,539.625
data\raw\siena\PN06\PN06-3.edf,EEG P10,8123.5,135.39166666666668,544.75
data\raw\siena\PN06\PN06-3.edf,EEG P10,8124.0,135.4,556.375
data\raw\siena\PN06\PN06-3.edf,EEG P10,8124.5,135.40833333333333,559.5
data\raw\siena\PN06\PN06-3.edf,EEG P10,8125.0,135.41666666666666,561.0
data\raw\siena\PN06\PN06-3.edf,EEG P10,8125.5,135.425,552.375
data\raw\siena\PN06\PN06-3.edf,EEG P10,8126.0,135.43333333333334,551.5
data\raw\siena\PN06\PN06-3.edf,EEG P10,8126.5,135.44166666666666,528.625
data\raw\siena\PN06\PN06-3.edf,EEG P10,8127.0,135.45,542.625
data\raw\siena\PN06\PN06-3.edf,EEG P10,8127.5,135.45833333333334,557.0
data\raw\siena\PN06\PN06-3.edf,EEG P10,8128.0,135.46666666666667,551.875
data\raw\siena\PN06\PN06-3.edf,EEG P10,8128.5,135.475,539.5
data\raw\siena\PN06\PN06-3.edf,EEG P10,8129.0,135.48333333333332,531.875
data\raw\siena\PN06\PN06-3.edf,EEG P10,8129.5,135.49166666666667,540.75
data\raw\siena\PN06\PN06-3.edf,EEG P10,8130.0,135.5,548.875
data\raw\siena\PN06\PN06-3.edf,EEG P10,8130.5,135.50833333333333,588.5
data\raw\siena\PN06\PN06-3.edf,EEG P10,8131.0,135.51666666666668,557.5
data\raw\siena\PN06\PN06-3.edf,EEG P10,8131.5,135.525,561.375
data\raw\siena\PN06\PN06-3.edf,EEG P10,8132.0,135.53333333333333,597.875
data\raw\siena\PN06\PN06-3.edf,EEG P10,8132.5,135.54166666666666,545.0
data\raw\siena\PN06\PN06-3.edf,EEG P10,8133.0,135.55,524.75
data\raw\siena\PN06\PN06-3.edf,EEG P10,8133.5,135.55833333333334,521.625
data\raw\siena\PN06\PN06-3.edf,EEG P10,8134.0,135.56666666666666,529.5
data\raw\siena\PN06\PN06-3.edf,EEG P10,8134.5,135.575,558.5
data\raw\siena\PN06\PN06-3.edf,EEG P10,8135.0,135.58333333333334,543.25
data\raw\siena\PN06\PN06-3.edf,EEG P10,8135.5,135.59166666666667,557.0
data\raw\siena\PN06\PN06-3.edf,EEG P10,8136.0,135.6,557.0
data\raw\siena\PN06\PN06-3.edf,EEG P10,8136.5,135.60833333333332,534.0
data\raw\siena\PN06\PN06-3.edf,EEG P10,8137.0,135.61666666666667,546.875
data\raw\siena\PN06\PN06-3.edf,EEG P10,8137.5,135.625,554.25
data\raw\siena\PN06\PN06-3.edf,EEG P10,8138.0,135.63333333333333,548.625
data\raw\siena\PN06\PN06-3.edf,EEG P10,8138.5,135.64166666666668,548.75
data\raw\siena\PN06\PN06-3.edf,EEG P10,8139.0,135.65,550.75
data\raw\siena\PN06\PN06-3.edf,EEG P10,8139.5,135.65833333333333,549.5
data\raw\siena\PN06\PN06-3.edf,EEG P10,8140.0,135.66666666666666,543.75
data\raw\siena\PN06\PN06-3.edf,EEG P10,8140.5,135.675,540.75
data\raw\siena\PN06\PN06-3.edf,EEG P10,8141.0,135.68333333333334,538.0
data\raw\siena\PN06\PN06-3.edf,EEG P10,8141.5,135.69166666666666,537.375
data\raw\siena\PN06\PN06-3.edf,EEG P10,8142.0,135.7,550.25
data\raw\siena\PN06\PN06-3.edf,EEG P10,8142.5,135.70833333333334,555.0
data\raw\siena\PN06\PN06-3.edf,EEG P10,8143.0,135.71666666666667,554.375
data\raw\siena\PN06\PN06-3.edf,EEG P10,8143.5,135.725,538.0
data\raw\siena\PN06\PN06-3.edf,EEG P10,8144.0,135.73333333333332,541.125
data\raw\siena\PN06\PN06-3.edf,EEG P10,8144.5,135.74166666666667,541.625
data\raw\siena\PN06\PN06-3.edf,EEG P10,8145.0,135.75,544.375
data\raw\siena\PN06\PN06-3.edf,EEG P10,8145.5,135.75833333333333,547.5
data\raw\siena\PN06\PN06-3.edf,EEG P10,8146.0,135.76666666666668,541.25
data\raw\siena\PN06\PN06-3.edf,EEG P10,8146.5,135.775,536.625
data\raw\siena\PN06\PN06-3.edf,EEG P10,8147.0,135.78333333333333,540.375
data\raw\siena\PN06\PN06-3.edf,EEG P10,8147.5,135.79166666666666,554.375
data\raw\siena\PN06\PN06-3.edf,EEG P10,8148.0,135.8,547.625
data\raw\siena\PN06\PN06-3.edf,EEG P10,8148.5,135.80833333333334,546.75
data\raw\siena\PN06\PN06-3.edf,EEG P10,8149.0,135.81666666666666,537.375
data\raw\siena\PN06\PN06-3.edf,EEG P10,8149.5,135.825,533.5
data\raw\siena\PN06\PN06-3.edf,EEG P10,8150.0,135.83333333333334,533.875
data\raw\siena\PN06\PN06-3.edf,EEG P10,8150.5,135.84166666666667,538.75
data\raw\siena\PN06\PN06-3.edf,EEG P10,8151.0,135.85,543.0
data\raw\siena\PN06\PN06-3.edf,EEG P10,8151.5,135.85833333333332,540.875
data\raw\siena\PN06\PN06-3.edf,EEG P10,8152.0,135.86666666666667,554.875
data\raw\siena\PN06\PN06-3.edf,EEG P10,8152.5,135.875,554.5
data\raw\siena\PN06\PN06-3.edf,EEG P10,8153.0,135.88333333333333,559.625
data\raw\siena\PN06\PN06-3.edf,EEG P10,8153.5,135.89166666666668,545.625
data\raw\siena\PN06\PN06-3.edf,EEG P10,8154.0,135.9,536.25
data\raw\siena\PN06\PN06-3.edf,EEG P10,8154.5,135.90833333333333,534.625
data\raw\siena\PN06\PN06-3.edf,EEG P10,8155.0,135.91666666666666,546.375
data\raw\siena\PN06\PN06-3.edf,EEG P10,8155.5,135.925,550.1249999999999
data\raw\siena\PN06\PN06-3.edf,EEG P10,8156.0,135.93333333333334,552.1249999999999
data\raw\siena\PN06\PN06-3.edf,EEG P10,8156.5,135.94166666666666,544.5
data\raw\siena\PN06\PN06-3.edf,EEG P10,8157.0,135.95,546.625
data\raw\siena\PN06\PN06-3.edf,EEG P10,8157.5,135.95833333333334,533.375
data\raw\siena\PN06\PN06-3.edf,EEG P10,8158.0,135.96666666666667,549.75
data\raw\siena\PN06\PN06-3.edf,EEG P10,8158.5,135.975,549.75
data\raw\siena\PN06\PN06-3.edf,EEG P10,8159.0,135.98333333333332,535.625
data\raw\siena\PN06\PN06-3.edf,EEG P10,8159.5,135.99166666666667,539.75
data\raw\siena\PN06\PN06-3.edf,EEG P10,8160.0,136.0,535.0
data\raw\siena\PN06\PN06-3.edf,EEG P10,8160.5,136.00833333333333,547.125
data\raw\siena\PN06\PN06-3.edf,EEG P10,8161.0,136.01666666666668,534.75
data\raw\siena\PN06\PN06-3.edf,EEG P10,8161.5,136.025,533.75
data\raw\siena\PN06\PN06-3.edf,EEG P10,8162.0,136.03333333333333,537.75
data\raw\siena\PN06\PN06-3.edf,EEG P10,8162.5,136.04166666666666,540.25
data\raw\siena\PN06\PN06-3.edf,EEG P10,8163.0,136.05,540.125
data\raw\siena\PN06\PN06-3.edf,EEG P10,8163.5,136.05833333333334,546.75
data\raw\siena\PN06\PN06-3.edf,EEG P10,8164.0,136.06666666666666,550.75
data\raw\siena\PN06\PN06-3.edf,EEG P10,8164.5,136.075,549.25
data\raw\siena\PN06\PN06-3.edf,EEG P10,8165.0,136.08333333333334,553.75
data\raw\siena\PN06\PN06-3.edf,EEG P10,8165.5,136.09166666666667,545.125
data\raw\siena\PN06\PN06-3.edf,EEG P10,8166.0,136.1,570.25
data\raw\siena\PN06\PN06-3.edf,EEG P10,8166.5,136.10833333333332,578.25
data\raw\siena\PN06\PN06-3.edf,EEG P10,8167.0,136.11666666666667,564.875
data\raw\siena\PN06\PN06-3.edf,EEG P10,8167.5,136.125,542.625
data\raw\siena\PN06\PN06-3.edf,EEG P10,8168.0,136.13333333333333,551.0
data\raw\siena\PN06\PN06-3.edf,EEG P10,8168.5,136.14166666666668,560.5
data\raw\siena\PN06\PN06-3.edf,EEG P10,8169.0,136.15,544.75
data\raw\siena\PN06\PN06-3.edf,EEG P10,8169.5,136.15833333333333,548.375
data\raw\siena\PN06\PN06-3.edf,EEG P10,8170.0,136.16666666666666,550.875
data\raw\siena\PN06\PN06-3.edf,EEG P10,8170.5,136.175,549.75
data\raw\siena\PN06\PN06-3.edf,EEG P10,8171.0,136.18333333333334,547.375
data\raw\siena\PN06\PN06-3.edf,EEG P10,8171.5,136.19166666666666,544.625
data\raw\siena\PN06\PN06-3.edf,EEG P10,8172.0,136.2,560.625
data\raw\siena\PN06\PN06-3.edf,EEG P10,8172.5,136.20833333333334,555.75
data\raw\siena\PN06\PN06-3.edf,EEG P10,8173.0,136.21666666666667,547.375
data\raw\siena\PN06\PN06-3.edf,EEG P10,8173.5,136.225,545.1249999999999
data\raw\siena\PN06\PN06-3.edf,EEG P10,8174.0,136.23333333333332,536.125
data\raw\siena\PN06\PN06-3.edf,EEG P10,8174.5,136.24166666666667,543.125
data\raw\siena\PN06\PN06-3.edf,EEG P10,8175.0,136.25,544.625
data\raw\siena\PN06\PN06-3.edf,EEG P10,8175.5,136.25833333333333,552.625
data\raw\siena\PN06\PN06-3.edf,EEG P10,8176.0,136.26666666666668,546.3749999999999
data\raw\siena\PN06\PN06-3.edf,EEG P10,8176.5,136.275,543.375
data\raw\siena\PN06\PN06-3.edf,EEG P10,8177.0,136.28333333333333,537.375
data\raw\siena\PN06\PN06-3.edf,EEG P10,8177.5,136.29166666666666,554.0
data\raw\siena\PN06\PN06-3.edf,EEG P10,8178.0,136.3,555.875
data\raw\siena\PN06\PN06-3.edf,EEG P10,8178.5,136.30833333333334,551.5
data\raw\siena\PN06\PN06-3.edf,EEG P10,8179.0,136.31666666666666,559.75
data\raw\siena\PN06\PN06-3.edf,EEG P10,8179.5,136.325,559.125
